-- MySQL dump 10.13  Distrib 8.0.33, for Win64 (x86_64)
--
-- Host: localhost    Database: library_project
-- ------------------------------------------------------
-- Server version	5.5.5-10.11.2-MariaDB

/*!40101 SET @OLD_CHARACTER_SET_CLIENT=@@CHARACTER_SET_CLIENT */;
/*!40101 SET @OLD_CHARACTER_SET_RESULTS=@@CHARACTER_SET_RESULTS */;
/*!40101 SET @OLD_COLLATION_CONNECTION=@@COLLATION_CONNECTION */;
/*!50503 SET NAMES utf8mb4 */;
/*!40103 SET @OLD_TIME_ZONE=@@TIME_ZONE */;
/*!40103 SET TIME_ZONE='+00:00' */;
/*!40014 SET @OLD_UNIQUE_CHECKS=@@UNIQUE_CHECKS, UNIQUE_CHECKS=0 */;
/*!40014 SET @OLD_FOREIGN_KEY_CHECKS=@@FOREIGN_KEY_CHECKS, FOREIGN_KEY_CHECKS=0 */;
/*!40101 SET @OLD_SQL_MODE=@@SQL_MODE, SQL_MODE='NO_AUTO_VALUE_ON_ZERO' */;
/*!40111 SET @OLD_SQL_NOTES=@@SQL_NOTES, SQL_NOTES=0 */;

--
-- Table structure for table `author`
--

DROP TABLE IF EXISTS `author`;
/*!40101 SET @saved_cs_client     = @@character_set_client */;
/*!50503 SET character_set_client = utf8mb4 */;
CREATE TABLE `author` (
  `author_id` int(4) NOT NULL AUTO_INCREMENT,
  `author_name` varchar(50) NOT NULL,
  PRIMARY KEY (`author_id`)
) ENGINE=InnoDB AUTO_INCREMENT=11 DEFAULT CHARSET=latin1 COLLATE=latin1_swedish_ci;
/*!40101 SET character_set_client = @saved_cs_client */;

--
-- Dumping data for table `author`
--

LOCK TABLES `author` WRITE;
/*!40000 ALTER TABLE `author` DISABLE KEYS */;
INSERT INTO `author` VALUES (1,'Lorenzo Schinner'),(2,'Priscilla Goyette'),(3,'Brendan Osinski'),(4,'Reta Stark'),(5,'Miss Mallie Buckridge'),(6,'Baylee Schowalter'),(7,'Bernadette Ortiz'),(8,'Ima Roberts'),(9,'Dee Reynolds V'),(10,'Lilla Jaskolski');
/*!40000 ALTER TABLE `author` ENABLE KEYS */;
UNLOCK TABLES;

--
-- Table structure for table `book`
--

DROP TABLE IF EXISTS `book`;
/*!40101 SET @saved_cs_client     = @@character_set_client */;
/*!50503 SET character_set_client = utf8mb4 */;
CREATE TABLE `book` (
  `isbn` char(13) NOT NULL,
  `title` varchar(50) NOT NULL,
  `publisher` varchar(50) DEFAULT NULL,
  `pages` int(4) DEFAULT NULL,
  `summary` varchar(255) DEFAULT NULL,
  `image` binary(255) DEFAULT NULL,
  `book_language` varchar(20) DEFAULT NULL,
  `keywords` varchar(100) DEFAULT NULL,
  PRIMARY KEY (`isbn`)
) ENGINE=InnoDB DEFAULT CHARSET=latin1 COLLATE=latin1_swedish_ci;
/*!40101 SET character_set_client = @saved_cs_client */;

--
-- Dumping data for table `book`
--

LOCK TABLES `book` WRITE;
/*!40000 ALTER TABLE `book` DISABLE KEYS */;
INSERT INTO `book` VALUES ('11489782','tempora','Erin',2110,'placeat',_binary 'tmp/59089a0a60b4b165efffe6fe9e82366c.jpg\0\0\0\0\0\0\0\0\0\0\0\0\0\0\0\0\0\0\0\0\0\0\0\0\0\0\0\0\0\0\0\0\0\0\0\0\0\0\0\0\0\0\0\0\0\0\0\0\0\0\0\0\0\0\0\0\0\0\0\0\0\0\0\0\0\0\0\0\0\0\0\0\0\0\0\0\0\0\0\0\0\0\0\0\0\0\0\0\0\0\0\0\0\0\0\0\0\0\0\0\0\0\0\0\0\0\0\0\0\0\0\0\0\0\0\0\0\0\0\0\0\0\0\0\0\0\0\0\0\0\0\0\0\0\0\0\0\0\0\0\0\0\0\0\0\0\0\0\0\0\0\0\0\0\0\0\0\0\0\0\0\0\0\0\0\0\0\0\0\0\0\0\0\0\0\0\0\0\0\0\0\0\0\0\0\0\0\0\0\0\0\0\0\0\0\0\0\0\0\0\0\0\0\0\0\0\0\0\0\0\0\0\0\0\0','Norway','quo'),('11779957','quibusdam','Greg',338,'ipsam',_binary 'tmp/a36ed1956cb95441af5fbfe149f9e20d.jpg\0\0\0\0\0\0\0\0\0\0\0\0\0\0\0\0\0\0\0\0\0\0\0\0\0\0\0\0\0\0\0\0\0\0\0\0\0\0\0\0\0\0\0\0\0\0\0\0\0\0\0\0\0\0\0\0\0\0\0\0\0\0\0\0\0\0\0\0\0\0\0\0\0\0\0\0\0\0\0\0\0\0\0\0\0\0\0\0\0\0\0\0\0\0\0\0\0\0\0\0\0\0\0\0\0\0\0\0\0\0\0\0\0\0\0\0\0\0\0\0\0\0\0\0\0\0\0\0\0\0\0\0\0\0\0\0\0\0\0\0\0\0\0\0\0\0\0\0\0\0\0\0\0\0\0\0\0\0\0\0\0\0\0\0\0\0\0\0\0\0\0\0\0\0\0\0\0\0\0\0\0\0\0\0\0\0\0\0\0\0\0\0\0\0\0\0\0\0\0\0\0\0\0\0\0\0\0\0\0\0\0\0\0\0\0','Panama','ex'),('12707273','quia','Jayce',91,'enim',_binary 'tmp/6e5d7dbc727c0d603103dfd01ba7d4e4.jpg\0\0\0\0\0\0\0\0\0\0\0\0\0\0\0\0\0\0\0\0\0\0\0\0\0\0\0\0\0\0\0\0\0\0\0\0\0\0\0\0\0\0\0\0\0\0\0\0\0\0\0\0\0\0\0\0\0\0\0\0\0\0\0\0\0\0\0\0\0\0\0\0\0\0\0\0\0\0\0\0\0\0\0\0\0\0\0\0\0\0\0\0\0\0\0\0\0\0\0\0\0\0\0\0\0\0\0\0\0\0\0\0\0\0\0\0\0\0\0\0\0\0\0\0\0\0\0\0\0\0\0\0\0\0\0\0\0\0\0\0\0\0\0\0\0\0\0\0\0\0\0\0\0\0\0\0\0\0\0\0\0\0\0\0\0\0\0\0\0\0\0\0\0\0\0\0\0\0\0\0\0\0\0\0\0\0\0\0\0\0\0\0\0\0\0\0\0\0\0\0\0\0\0\0\0\0\0\0\0\0\0\0\0\0\0','Kazakhstan','dolorem'),('13264418','sint','Darron',5205,'fugiat',_binary 'tmp/ca3c402a17f4b56bd0beda9b333229b8.jpg\0\0\0\0\0\0\0\0\0\0\0\0\0\0\0\0\0\0\0\0\0\0\0\0\0\0\0\0\0\0\0\0\0\0\0\0\0\0\0\0\0\0\0\0\0\0\0\0\0\0\0\0\0\0\0\0\0\0\0\0\0\0\0\0\0\0\0\0\0\0\0\0\0\0\0\0\0\0\0\0\0\0\0\0\0\0\0\0\0\0\0\0\0\0\0\0\0\0\0\0\0\0\0\0\0\0\0\0\0\0\0\0\0\0\0\0\0\0\0\0\0\0\0\0\0\0\0\0\0\0\0\0\0\0\0\0\0\0\0\0\0\0\0\0\0\0\0\0\0\0\0\0\0\0\0\0\0\0\0\0\0\0\0\0\0\0\0\0\0\0\0\0\0\0\0\0\0\0\0\0\0\0\0\0\0\0\0\0\0\0\0\0\0\0\0\0\0\0\0\0\0\0\0\0\0\0\0\0\0\0\0\0\0\0\0','Mongolia','nostrum'),('13804657','delectus','Elliot',977,'et',_binary 'tmp/231caf84d84b26fbfa47a252d8b61d83.jpg\0\0\0\0\0\0\0\0\0\0\0\0\0\0\0\0\0\0\0\0\0\0\0\0\0\0\0\0\0\0\0\0\0\0\0\0\0\0\0\0\0\0\0\0\0\0\0\0\0\0\0\0\0\0\0\0\0\0\0\0\0\0\0\0\0\0\0\0\0\0\0\0\0\0\0\0\0\0\0\0\0\0\0\0\0\0\0\0\0\0\0\0\0\0\0\0\0\0\0\0\0\0\0\0\0\0\0\0\0\0\0\0\0\0\0\0\0\0\0\0\0\0\0\0\0\0\0\0\0\0\0\0\0\0\0\0\0\0\0\0\0\0\0\0\0\0\0\0\0\0\0\0\0\0\0\0\0\0\0\0\0\0\0\0\0\0\0\0\0\0\0\0\0\0\0\0\0\0\0\0\0\0\0\0\0\0\0\0\0\0\0\0\0\0\0\0\0\0\0\0\0\0\0\0\0\0\0\0\0\0\0\0\0\0\0','Czech Republic','pariatur'),('14754221','iure','Jordi',2274,'sapiente',_binary 'tmp/f25ccbd2db0627d4a841bb43b2567b44.jpg\0\0\0\0\0\0\0\0\0\0\0\0\0\0\0\0\0\0\0\0\0\0\0\0\0\0\0\0\0\0\0\0\0\0\0\0\0\0\0\0\0\0\0\0\0\0\0\0\0\0\0\0\0\0\0\0\0\0\0\0\0\0\0\0\0\0\0\0\0\0\0\0\0\0\0\0\0\0\0\0\0\0\0\0\0\0\0\0\0\0\0\0\0\0\0\0\0\0\0\0\0\0\0\0\0\0\0\0\0\0\0\0\0\0\0\0\0\0\0\0\0\0\0\0\0\0\0\0\0\0\0\0\0\0\0\0\0\0\0\0\0\0\0\0\0\0\0\0\0\0\0\0\0\0\0\0\0\0\0\0\0\0\0\0\0\0\0\0\0\0\0\0\0\0\0\0\0\0\0\0\0\0\0\0\0\0\0\0\0\0\0\0\0\0\0\0\0\0\0\0\0\0\0\0\0\0\0\0\0\0\0\0\0\0\0','Luxembourg','distinctio'),('16290268','quis','Durward',4511,'recusandae',_binary 'tmp/c8fd4b7cda62fd8bfcf45f982e846a43.jpg\0\0\0\0\0\0\0\0\0\0\0\0\0\0\0\0\0\0\0\0\0\0\0\0\0\0\0\0\0\0\0\0\0\0\0\0\0\0\0\0\0\0\0\0\0\0\0\0\0\0\0\0\0\0\0\0\0\0\0\0\0\0\0\0\0\0\0\0\0\0\0\0\0\0\0\0\0\0\0\0\0\0\0\0\0\0\0\0\0\0\0\0\0\0\0\0\0\0\0\0\0\0\0\0\0\0\0\0\0\0\0\0\0\0\0\0\0\0\0\0\0\0\0\0\0\0\0\0\0\0\0\0\0\0\0\0\0\0\0\0\0\0\0\0\0\0\0\0\0\0\0\0\0\0\0\0\0\0\0\0\0\0\0\0\0\0\0\0\0\0\0\0\0\0\0\0\0\0\0\0\0\0\0\0\0\0\0\0\0\0\0\0\0\0\0\0\0\0\0\0\0\0\0\0\0\0\0\0\0\0\0\0\0\0\0','Oman','totam'),('16968028','sunt','Judge',3622,'et',_binary 'tmp/685aa6cc9f37dba863d7a0fac1038b18.jpg\0\0\0\0\0\0\0\0\0\0\0\0\0\0\0\0\0\0\0\0\0\0\0\0\0\0\0\0\0\0\0\0\0\0\0\0\0\0\0\0\0\0\0\0\0\0\0\0\0\0\0\0\0\0\0\0\0\0\0\0\0\0\0\0\0\0\0\0\0\0\0\0\0\0\0\0\0\0\0\0\0\0\0\0\0\0\0\0\0\0\0\0\0\0\0\0\0\0\0\0\0\0\0\0\0\0\0\0\0\0\0\0\0\0\0\0\0\0\0\0\0\0\0\0\0\0\0\0\0\0\0\0\0\0\0\0\0\0\0\0\0\0\0\0\0\0\0\0\0\0\0\0\0\0\0\0\0\0\0\0\0\0\0\0\0\0\0\0\0\0\0\0\0\0\0\0\0\0\0\0\0\0\0\0\0\0\0\0\0\0\0\0\0\0\0\0\0\0\0\0\0\0\0\0\0\0\0\0\0\0\0\0\0\0\0','Croatia','et'),('17632457','necessitatibus','Westley',2177,'repudiandae',_binary 'tmp/efe07adcf1260feddf4eea5984c2166d.jpg\0\0\0\0\0\0\0\0\0\0\0\0\0\0\0\0\0\0\0\0\0\0\0\0\0\0\0\0\0\0\0\0\0\0\0\0\0\0\0\0\0\0\0\0\0\0\0\0\0\0\0\0\0\0\0\0\0\0\0\0\0\0\0\0\0\0\0\0\0\0\0\0\0\0\0\0\0\0\0\0\0\0\0\0\0\0\0\0\0\0\0\0\0\0\0\0\0\0\0\0\0\0\0\0\0\0\0\0\0\0\0\0\0\0\0\0\0\0\0\0\0\0\0\0\0\0\0\0\0\0\0\0\0\0\0\0\0\0\0\0\0\0\0\0\0\0\0\0\0\0\0\0\0\0\0\0\0\0\0\0\0\0\0\0\0\0\0\0\0\0\0\0\0\0\0\0\0\0\0\0\0\0\0\0\0\0\0\0\0\0\0\0\0\0\0\0\0\0\0\0\0\0\0\0\0\0\0\0\0\0\0\0\0\0\0','Portugal','aut'),('18859524','et','Samson',6522,'illum',_binary 'tmp/e08acdd0ed1c2359aac4749f964941d4.jpg\0\0\0\0\0\0\0\0\0\0\0\0\0\0\0\0\0\0\0\0\0\0\0\0\0\0\0\0\0\0\0\0\0\0\0\0\0\0\0\0\0\0\0\0\0\0\0\0\0\0\0\0\0\0\0\0\0\0\0\0\0\0\0\0\0\0\0\0\0\0\0\0\0\0\0\0\0\0\0\0\0\0\0\0\0\0\0\0\0\0\0\0\0\0\0\0\0\0\0\0\0\0\0\0\0\0\0\0\0\0\0\0\0\0\0\0\0\0\0\0\0\0\0\0\0\0\0\0\0\0\0\0\0\0\0\0\0\0\0\0\0\0\0\0\0\0\0\0\0\0\0\0\0\0\0\0\0\0\0\0\0\0\0\0\0\0\0\0\0\0\0\0\0\0\0\0\0\0\0\0\0\0\0\0\0\0\0\0\0\0\0\0\0\0\0\0\0\0\0\0\0\0\0\0\0\0\0\0\0\0\0\0\0\0\0','Korea','debitis'),('20311710','ea','Merritt',2548,'est',_binary 'tmp/7c9778e42e4bf0dc9449cc204d8eac12.jpg\0\0\0\0\0\0\0\0\0\0\0\0\0\0\0\0\0\0\0\0\0\0\0\0\0\0\0\0\0\0\0\0\0\0\0\0\0\0\0\0\0\0\0\0\0\0\0\0\0\0\0\0\0\0\0\0\0\0\0\0\0\0\0\0\0\0\0\0\0\0\0\0\0\0\0\0\0\0\0\0\0\0\0\0\0\0\0\0\0\0\0\0\0\0\0\0\0\0\0\0\0\0\0\0\0\0\0\0\0\0\0\0\0\0\0\0\0\0\0\0\0\0\0\0\0\0\0\0\0\0\0\0\0\0\0\0\0\0\0\0\0\0\0\0\0\0\0\0\0\0\0\0\0\0\0\0\0\0\0\0\0\0\0\0\0\0\0\0\0\0\0\0\0\0\0\0\0\0\0\0\0\0\0\0\0\0\0\0\0\0\0\0\0\0\0\0\0\0\0\0\0\0\0\0\0\0\0\0\0\0\0\0\0\0\0','Niue','enim'),('21343816','harum','Hadley',1300,'vitae',_binary 'tmp/978a5d8b2c8f5130c3ea6d0619303c60.jpg\0\0\0\0\0\0\0\0\0\0\0\0\0\0\0\0\0\0\0\0\0\0\0\0\0\0\0\0\0\0\0\0\0\0\0\0\0\0\0\0\0\0\0\0\0\0\0\0\0\0\0\0\0\0\0\0\0\0\0\0\0\0\0\0\0\0\0\0\0\0\0\0\0\0\0\0\0\0\0\0\0\0\0\0\0\0\0\0\0\0\0\0\0\0\0\0\0\0\0\0\0\0\0\0\0\0\0\0\0\0\0\0\0\0\0\0\0\0\0\0\0\0\0\0\0\0\0\0\0\0\0\0\0\0\0\0\0\0\0\0\0\0\0\0\0\0\0\0\0\0\0\0\0\0\0\0\0\0\0\0\0\0\0\0\0\0\0\0\0\0\0\0\0\0\0\0\0\0\0\0\0\0\0\0\0\0\0\0\0\0\0\0\0\0\0\0\0\0\0\0\0\0\0\0\0\0\0\0\0\0\0\0\0\0\0','Iraq','tempore'),('21584213','libero','Pierre',9119,'accusantium',_binary 'tmp/2675199461ea056600348746e69d58f8.jpg\0\0\0\0\0\0\0\0\0\0\0\0\0\0\0\0\0\0\0\0\0\0\0\0\0\0\0\0\0\0\0\0\0\0\0\0\0\0\0\0\0\0\0\0\0\0\0\0\0\0\0\0\0\0\0\0\0\0\0\0\0\0\0\0\0\0\0\0\0\0\0\0\0\0\0\0\0\0\0\0\0\0\0\0\0\0\0\0\0\0\0\0\0\0\0\0\0\0\0\0\0\0\0\0\0\0\0\0\0\0\0\0\0\0\0\0\0\0\0\0\0\0\0\0\0\0\0\0\0\0\0\0\0\0\0\0\0\0\0\0\0\0\0\0\0\0\0\0\0\0\0\0\0\0\0\0\0\0\0\0\0\0\0\0\0\0\0\0\0\0\0\0\0\0\0\0\0\0\0\0\0\0\0\0\0\0\0\0\0\0\0\0\0\0\0\0\0\0\0\0\0\0\0\0\0\0\0\0\0\0\0\0\0\0\0','New Caledonia','architecto'),('22297145','illum','Mario',1538,'id',_binary 'tmp/1ad7ab988266d334e7b6c66befb212a0.jpg\0\0\0\0\0\0\0\0\0\0\0\0\0\0\0\0\0\0\0\0\0\0\0\0\0\0\0\0\0\0\0\0\0\0\0\0\0\0\0\0\0\0\0\0\0\0\0\0\0\0\0\0\0\0\0\0\0\0\0\0\0\0\0\0\0\0\0\0\0\0\0\0\0\0\0\0\0\0\0\0\0\0\0\0\0\0\0\0\0\0\0\0\0\0\0\0\0\0\0\0\0\0\0\0\0\0\0\0\0\0\0\0\0\0\0\0\0\0\0\0\0\0\0\0\0\0\0\0\0\0\0\0\0\0\0\0\0\0\0\0\0\0\0\0\0\0\0\0\0\0\0\0\0\0\0\0\0\0\0\0\0\0\0\0\0\0\0\0\0\0\0\0\0\0\0\0\0\0\0\0\0\0\0\0\0\0\0\0\0\0\0\0\0\0\0\0\0\0\0\0\0\0\0\0\0\0\0\0\0\0\0\0\0\0\0','Saint Barthelemy','error'),('22737844','omnis','Tad',5432,'blanditiis',_binary 'tmp/652f83f1ecaa4dac25d36c82115d4d2d.jpg\0\0\0\0\0\0\0\0\0\0\0\0\0\0\0\0\0\0\0\0\0\0\0\0\0\0\0\0\0\0\0\0\0\0\0\0\0\0\0\0\0\0\0\0\0\0\0\0\0\0\0\0\0\0\0\0\0\0\0\0\0\0\0\0\0\0\0\0\0\0\0\0\0\0\0\0\0\0\0\0\0\0\0\0\0\0\0\0\0\0\0\0\0\0\0\0\0\0\0\0\0\0\0\0\0\0\0\0\0\0\0\0\0\0\0\0\0\0\0\0\0\0\0\0\0\0\0\0\0\0\0\0\0\0\0\0\0\0\0\0\0\0\0\0\0\0\0\0\0\0\0\0\0\0\0\0\0\0\0\0\0\0\0\0\0\0\0\0\0\0\0\0\0\0\0\0\0\0\0\0\0\0\0\0\0\0\0\0\0\0\0\0\0\0\0\0\0\0\0\0\0\0\0\0\0\0\0\0\0\0\0\0\0\0\0','Russian Federation','consequatur'),('24312122','laborum','Trace',7584,'atque',_binary 'tmp/c124acc39d269fd17054592bae495304.jpg\0\0\0\0\0\0\0\0\0\0\0\0\0\0\0\0\0\0\0\0\0\0\0\0\0\0\0\0\0\0\0\0\0\0\0\0\0\0\0\0\0\0\0\0\0\0\0\0\0\0\0\0\0\0\0\0\0\0\0\0\0\0\0\0\0\0\0\0\0\0\0\0\0\0\0\0\0\0\0\0\0\0\0\0\0\0\0\0\0\0\0\0\0\0\0\0\0\0\0\0\0\0\0\0\0\0\0\0\0\0\0\0\0\0\0\0\0\0\0\0\0\0\0\0\0\0\0\0\0\0\0\0\0\0\0\0\0\0\0\0\0\0\0\0\0\0\0\0\0\0\0\0\0\0\0\0\0\0\0\0\0\0\0\0\0\0\0\0\0\0\0\0\0\0\0\0\0\0\0\0\0\0\0\0\0\0\0\0\0\0\0\0\0\0\0\0\0\0\0\0\0\0\0\0\0\0\0\0\0\0\0\0\0\0\0','Kiribati','accusamus'),('24893795','nihil','Jarret',8289,'et',_binary 'tmp/8cc4c9c4eaef11dd6d3d557ddd6cbc1d.jpg\0\0\0\0\0\0\0\0\0\0\0\0\0\0\0\0\0\0\0\0\0\0\0\0\0\0\0\0\0\0\0\0\0\0\0\0\0\0\0\0\0\0\0\0\0\0\0\0\0\0\0\0\0\0\0\0\0\0\0\0\0\0\0\0\0\0\0\0\0\0\0\0\0\0\0\0\0\0\0\0\0\0\0\0\0\0\0\0\0\0\0\0\0\0\0\0\0\0\0\0\0\0\0\0\0\0\0\0\0\0\0\0\0\0\0\0\0\0\0\0\0\0\0\0\0\0\0\0\0\0\0\0\0\0\0\0\0\0\0\0\0\0\0\0\0\0\0\0\0\0\0\0\0\0\0\0\0\0\0\0\0\0\0\0\0\0\0\0\0\0\0\0\0\0\0\0\0\0\0\0\0\0\0\0\0\0\0\0\0\0\0\0\0\0\0\0\0\0\0\0\0\0\0\0\0\0\0\0\0\0\0\0\0\0\0','Trinidad and Tobago','sint'),('26069726','dolores','Gaston',5006,'maiores',_binary 'tmp/edebe3d5091d7635289ad410349aee61.jpg\0\0\0\0\0\0\0\0\0\0\0\0\0\0\0\0\0\0\0\0\0\0\0\0\0\0\0\0\0\0\0\0\0\0\0\0\0\0\0\0\0\0\0\0\0\0\0\0\0\0\0\0\0\0\0\0\0\0\0\0\0\0\0\0\0\0\0\0\0\0\0\0\0\0\0\0\0\0\0\0\0\0\0\0\0\0\0\0\0\0\0\0\0\0\0\0\0\0\0\0\0\0\0\0\0\0\0\0\0\0\0\0\0\0\0\0\0\0\0\0\0\0\0\0\0\0\0\0\0\0\0\0\0\0\0\0\0\0\0\0\0\0\0\0\0\0\0\0\0\0\0\0\0\0\0\0\0\0\0\0\0\0\0\0\0\0\0\0\0\0\0\0\0\0\0\0\0\0\0\0\0\0\0\0\0\0\0\0\0\0\0\0\0\0\0\0\0\0\0\0\0\0\0\0\0\0\0\0\0\0\0\0\0\0\0','Swaziland','aliquam'),('27176578','dicta','Brandt',6209,'consequatur',_binary 'tmp/ffa482fcfd2817672796c1aa6d0af314.jpg\0\0\0\0\0\0\0\0\0\0\0\0\0\0\0\0\0\0\0\0\0\0\0\0\0\0\0\0\0\0\0\0\0\0\0\0\0\0\0\0\0\0\0\0\0\0\0\0\0\0\0\0\0\0\0\0\0\0\0\0\0\0\0\0\0\0\0\0\0\0\0\0\0\0\0\0\0\0\0\0\0\0\0\0\0\0\0\0\0\0\0\0\0\0\0\0\0\0\0\0\0\0\0\0\0\0\0\0\0\0\0\0\0\0\0\0\0\0\0\0\0\0\0\0\0\0\0\0\0\0\0\0\0\0\0\0\0\0\0\0\0\0\0\0\0\0\0\0\0\0\0\0\0\0\0\0\0\0\0\0\0\0\0\0\0\0\0\0\0\0\0\0\0\0\0\0\0\0\0\0\0\0\0\0\0\0\0\0\0\0\0\0\0\0\0\0\0\0\0\0\0\0\0\0\0\0\0\0\0\0\0\0\0\0\0','Maldives','nobis'),('27578336','labore','Cicero',481,'cupiditate',_binary 'tmp/c2017135e3d7c26a3f3718f04d671bf5.jpg\0\0\0\0\0\0\0\0\0\0\0\0\0\0\0\0\0\0\0\0\0\0\0\0\0\0\0\0\0\0\0\0\0\0\0\0\0\0\0\0\0\0\0\0\0\0\0\0\0\0\0\0\0\0\0\0\0\0\0\0\0\0\0\0\0\0\0\0\0\0\0\0\0\0\0\0\0\0\0\0\0\0\0\0\0\0\0\0\0\0\0\0\0\0\0\0\0\0\0\0\0\0\0\0\0\0\0\0\0\0\0\0\0\0\0\0\0\0\0\0\0\0\0\0\0\0\0\0\0\0\0\0\0\0\0\0\0\0\0\0\0\0\0\0\0\0\0\0\0\0\0\0\0\0\0\0\0\0\0\0\0\0\0\0\0\0\0\0\0\0\0\0\0\0\0\0\0\0\0\0\0\0\0\0\0\0\0\0\0\0\0\0\0\0\0\0\0\0\0\0\0\0\0\0\0\0\0\0\0\0\0\0\0\0\0','Chad','nisi'),('27731912','non','Reese',7699,'voluptate',_binary 'tmp/0c2a087ad25cc092fba380ecf2917b8e.jpg\0\0\0\0\0\0\0\0\0\0\0\0\0\0\0\0\0\0\0\0\0\0\0\0\0\0\0\0\0\0\0\0\0\0\0\0\0\0\0\0\0\0\0\0\0\0\0\0\0\0\0\0\0\0\0\0\0\0\0\0\0\0\0\0\0\0\0\0\0\0\0\0\0\0\0\0\0\0\0\0\0\0\0\0\0\0\0\0\0\0\0\0\0\0\0\0\0\0\0\0\0\0\0\0\0\0\0\0\0\0\0\0\0\0\0\0\0\0\0\0\0\0\0\0\0\0\0\0\0\0\0\0\0\0\0\0\0\0\0\0\0\0\0\0\0\0\0\0\0\0\0\0\0\0\0\0\0\0\0\0\0\0\0\0\0\0\0\0\0\0\0\0\0\0\0\0\0\0\0\0\0\0\0\0\0\0\0\0\0\0\0\0\0\0\0\0\0\0\0\0\0\0\0\0\0\0\0\0\0\0\0\0\0\0\0','Monaco','quia'),('28075940','laborum','Ramiro',8166,'quia',_binary 'tmp/9b7ca78386f8d93c27d44db057e32438.jpg\0\0\0\0\0\0\0\0\0\0\0\0\0\0\0\0\0\0\0\0\0\0\0\0\0\0\0\0\0\0\0\0\0\0\0\0\0\0\0\0\0\0\0\0\0\0\0\0\0\0\0\0\0\0\0\0\0\0\0\0\0\0\0\0\0\0\0\0\0\0\0\0\0\0\0\0\0\0\0\0\0\0\0\0\0\0\0\0\0\0\0\0\0\0\0\0\0\0\0\0\0\0\0\0\0\0\0\0\0\0\0\0\0\0\0\0\0\0\0\0\0\0\0\0\0\0\0\0\0\0\0\0\0\0\0\0\0\0\0\0\0\0\0\0\0\0\0\0\0\0\0\0\0\0\0\0\0\0\0\0\0\0\0\0\0\0\0\0\0\0\0\0\0\0\0\0\0\0\0\0\0\0\0\0\0\0\0\0\0\0\0\0\0\0\0\0\0\0\0\0\0\0\0\0\0\0\0\0\0\0\0\0\0\0\0','Saint Lucia','itaque'),('28250300','quidem','Arthur',8064,'vitae',_binary 'tmp/b3bebabdd4383ba9732858f8706eb505.jpg\0\0\0\0\0\0\0\0\0\0\0\0\0\0\0\0\0\0\0\0\0\0\0\0\0\0\0\0\0\0\0\0\0\0\0\0\0\0\0\0\0\0\0\0\0\0\0\0\0\0\0\0\0\0\0\0\0\0\0\0\0\0\0\0\0\0\0\0\0\0\0\0\0\0\0\0\0\0\0\0\0\0\0\0\0\0\0\0\0\0\0\0\0\0\0\0\0\0\0\0\0\0\0\0\0\0\0\0\0\0\0\0\0\0\0\0\0\0\0\0\0\0\0\0\0\0\0\0\0\0\0\0\0\0\0\0\0\0\0\0\0\0\0\0\0\0\0\0\0\0\0\0\0\0\0\0\0\0\0\0\0\0\0\0\0\0\0\0\0\0\0\0\0\0\0\0\0\0\0\0\0\0\0\0\0\0\0\0\0\0\0\0\0\0\0\0\0\0\0\0\0\0\0\0\0\0\0\0\0\0\0\0\0\0\0','Uganda','deserunt'),('28402502','aut','Watson',5398,'consectetur',_binary 'tmp/ee04967572712c47a8c689da338500db.jpg\0\0\0\0\0\0\0\0\0\0\0\0\0\0\0\0\0\0\0\0\0\0\0\0\0\0\0\0\0\0\0\0\0\0\0\0\0\0\0\0\0\0\0\0\0\0\0\0\0\0\0\0\0\0\0\0\0\0\0\0\0\0\0\0\0\0\0\0\0\0\0\0\0\0\0\0\0\0\0\0\0\0\0\0\0\0\0\0\0\0\0\0\0\0\0\0\0\0\0\0\0\0\0\0\0\0\0\0\0\0\0\0\0\0\0\0\0\0\0\0\0\0\0\0\0\0\0\0\0\0\0\0\0\0\0\0\0\0\0\0\0\0\0\0\0\0\0\0\0\0\0\0\0\0\0\0\0\0\0\0\0\0\0\0\0\0\0\0\0\0\0\0\0\0\0\0\0\0\0\0\0\0\0\0\0\0\0\0\0\0\0\0\0\0\0\0\0\0\0\0\0\0\0\0\0\0\0\0\0\0\0\0\0\0\0','Cyprus','quae'),('28953590','aspernatur','Malachi',7776,'ea',_binary 'tmp/000254950b913ab5d8d9a2c64ceb2633.jpg\0\0\0\0\0\0\0\0\0\0\0\0\0\0\0\0\0\0\0\0\0\0\0\0\0\0\0\0\0\0\0\0\0\0\0\0\0\0\0\0\0\0\0\0\0\0\0\0\0\0\0\0\0\0\0\0\0\0\0\0\0\0\0\0\0\0\0\0\0\0\0\0\0\0\0\0\0\0\0\0\0\0\0\0\0\0\0\0\0\0\0\0\0\0\0\0\0\0\0\0\0\0\0\0\0\0\0\0\0\0\0\0\0\0\0\0\0\0\0\0\0\0\0\0\0\0\0\0\0\0\0\0\0\0\0\0\0\0\0\0\0\0\0\0\0\0\0\0\0\0\0\0\0\0\0\0\0\0\0\0\0\0\0\0\0\0\0\0\0\0\0\0\0\0\0\0\0\0\0\0\0\0\0\0\0\0\0\0\0\0\0\0\0\0\0\0\0\0\0\0\0\0\0\0\0\0\0\0\0\0\0\0\0\0\0','Norfolk Island','rem'),('29507239','in','Toni',2075,'in',_binary 'tmp/390f7529abf3fb04ca223bf4eaf762e0.jpg\0\0\0\0\0\0\0\0\0\0\0\0\0\0\0\0\0\0\0\0\0\0\0\0\0\0\0\0\0\0\0\0\0\0\0\0\0\0\0\0\0\0\0\0\0\0\0\0\0\0\0\0\0\0\0\0\0\0\0\0\0\0\0\0\0\0\0\0\0\0\0\0\0\0\0\0\0\0\0\0\0\0\0\0\0\0\0\0\0\0\0\0\0\0\0\0\0\0\0\0\0\0\0\0\0\0\0\0\0\0\0\0\0\0\0\0\0\0\0\0\0\0\0\0\0\0\0\0\0\0\0\0\0\0\0\0\0\0\0\0\0\0\0\0\0\0\0\0\0\0\0\0\0\0\0\0\0\0\0\0\0\0\0\0\0\0\0\0\0\0\0\0\0\0\0\0\0\0\0\0\0\0\0\0\0\0\0\0\0\0\0\0\0\0\0\0\0\0\0\0\0\0\0\0\0\0\0\0\0\0\0\0\0\0\0','Kiribati','cum'),('31884931','sed','Green',7810,'nesciunt',_binary 'tmp/5cb061517dc312b9134f6b76531f92b1.jpg\0\0\0\0\0\0\0\0\0\0\0\0\0\0\0\0\0\0\0\0\0\0\0\0\0\0\0\0\0\0\0\0\0\0\0\0\0\0\0\0\0\0\0\0\0\0\0\0\0\0\0\0\0\0\0\0\0\0\0\0\0\0\0\0\0\0\0\0\0\0\0\0\0\0\0\0\0\0\0\0\0\0\0\0\0\0\0\0\0\0\0\0\0\0\0\0\0\0\0\0\0\0\0\0\0\0\0\0\0\0\0\0\0\0\0\0\0\0\0\0\0\0\0\0\0\0\0\0\0\0\0\0\0\0\0\0\0\0\0\0\0\0\0\0\0\0\0\0\0\0\0\0\0\0\0\0\0\0\0\0\0\0\0\0\0\0\0\0\0\0\0\0\0\0\0\0\0\0\0\0\0\0\0\0\0\0\0\0\0\0\0\0\0\0\0\0\0\0\0\0\0\0\0\0\0\0\0\0\0\0\0\0\0\0\0','Niue','et'),('32730118','et','Ezequiel',1865,'accusantium',_binary 'tmp/e4e02332b3cba5496269e31e86ab11c4.jpg\0\0\0\0\0\0\0\0\0\0\0\0\0\0\0\0\0\0\0\0\0\0\0\0\0\0\0\0\0\0\0\0\0\0\0\0\0\0\0\0\0\0\0\0\0\0\0\0\0\0\0\0\0\0\0\0\0\0\0\0\0\0\0\0\0\0\0\0\0\0\0\0\0\0\0\0\0\0\0\0\0\0\0\0\0\0\0\0\0\0\0\0\0\0\0\0\0\0\0\0\0\0\0\0\0\0\0\0\0\0\0\0\0\0\0\0\0\0\0\0\0\0\0\0\0\0\0\0\0\0\0\0\0\0\0\0\0\0\0\0\0\0\0\0\0\0\0\0\0\0\0\0\0\0\0\0\0\0\0\0\0\0\0\0\0\0\0\0\0\0\0\0\0\0\0\0\0\0\0\0\0\0\0\0\0\0\0\0\0\0\0\0\0\0\0\0\0\0\0\0\0\0\0\0\0\0\0\0\0\0\0\0\0\0\0','Germany','sed'),('33543652','quia','Anibal',4297,'sapiente',_binary 'tmp/31be3e1be1145d849bfab99b7ebe306c.jpg\0\0\0\0\0\0\0\0\0\0\0\0\0\0\0\0\0\0\0\0\0\0\0\0\0\0\0\0\0\0\0\0\0\0\0\0\0\0\0\0\0\0\0\0\0\0\0\0\0\0\0\0\0\0\0\0\0\0\0\0\0\0\0\0\0\0\0\0\0\0\0\0\0\0\0\0\0\0\0\0\0\0\0\0\0\0\0\0\0\0\0\0\0\0\0\0\0\0\0\0\0\0\0\0\0\0\0\0\0\0\0\0\0\0\0\0\0\0\0\0\0\0\0\0\0\0\0\0\0\0\0\0\0\0\0\0\0\0\0\0\0\0\0\0\0\0\0\0\0\0\0\0\0\0\0\0\0\0\0\0\0\0\0\0\0\0\0\0\0\0\0\0\0\0\0\0\0\0\0\0\0\0\0\0\0\0\0\0\0\0\0\0\0\0\0\0\0\0\0\0\0\0\0\0\0\0\0\0\0\0\0\0\0\0\0','Ireland','quaerat'),('33734894','quia','Skylar',2518,'nostrum',_binary 'tmp/42596fe9d03f59a0477afca888a7dc7a.jpg\0\0\0\0\0\0\0\0\0\0\0\0\0\0\0\0\0\0\0\0\0\0\0\0\0\0\0\0\0\0\0\0\0\0\0\0\0\0\0\0\0\0\0\0\0\0\0\0\0\0\0\0\0\0\0\0\0\0\0\0\0\0\0\0\0\0\0\0\0\0\0\0\0\0\0\0\0\0\0\0\0\0\0\0\0\0\0\0\0\0\0\0\0\0\0\0\0\0\0\0\0\0\0\0\0\0\0\0\0\0\0\0\0\0\0\0\0\0\0\0\0\0\0\0\0\0\0\0\0\0\0\0\0\0\0\0\0\0\0\0\0\0\0\0\0\0\0\0\0\0\0\0\0\0\0\0\0\0\0\0\0\0\0\0\0\0\0\0\0\0\0\0\0\0\0\0\0\0\0\0\0\0\0\0\0\0\0\0\0\0\0\0\0\0\0\0\0\0\0\0\0\0\0\0\0\0\0\0\0\0\0\0\0\0\0','El Salvador','dicta'),('35360410','sint','Sheldon',4478,'ea',_binary 'tmp/03d430a65f2ac310422b031a2c956fcf.jpg\0\0\0\0\0\0\0\0\0\0\0\0\0\0\0\0\0\0\0\0\0\0\0\0\0\0\0\0\0\0\0\0\0\0\0\0\0\0\0\0\0\0\0\0\0\0\0\0\0\0\0\0\0\0\0\0\0\0\0\0\0\0\0\0\0\0\0\0\0\0\0\0\0\0\0\0\0\0\0\0\0\0\0\0\0\0\0\0\0\0\0\0\0\0\0\0\0\0\0\0\0\0\0\0\0\0\0\0\0\0\0\0\0\0\0\0\0\0\0\0\0\0\0\0\0\0\0\0\0\0\0\0\0\0\0\0\0\0\0\0\0\0\0\0\0\0\0\0\0\0\0\0\0\0\0\0\0\0\0\0\0\0\0\0\0\0\0\0\0\0\0\0\0\0\0\0\0\0\0\0\0\0\0\0\0\0\0\0\0\0\0\0\0\0\0\0\0\0\0\0\0\0\0\0\0\0\0\0\0\0\0\0\0\0\0','Falkland Islands (Ma','modi'),('35531028','distinctio','Ariel',405,'in',_binary 'tmp/3f847afe349fa1d1133c117e1ef1f41e.jpg\0\0\0\0\0\0\0\0\0\0\0\0\0\0\0\0\0\0\0\0\0\0\0\0\0\0\0\0\0\0\0\0\0\0\0\0\0\0\0\0\0\0\0\0\0\0\0\0\0\0\0\0\0\0\0\0\0\0\0\0\0\0\0\0\0\0\0\0\0\0\0\0\0\0\0\0\0\0\0\0\0\0\0\0\0\0\0\0\0\0\0\0\0\0\0\0\0\0\0\0\0\0\0\0\0\0\0\0\0\0\0\0\0\0\0\0\0\0\0\0\0\0\0\0\0\0\0\0\0\0\0\0\0\0\0\0\0\0\0\0\0\0\0\0\0\0\0\0\0\0\0\0\0\0\0\0\0\0\0\0\0\0\0\0\0\0\0\0\0\0\0\0\0\0\0\0\0\0\0\0\0\0\0\0\0\0\0\0\0\0\0\0\0\0\0\0\0\0\0\0\0\0\0\0\0\0\0\0\0\0\0\0\0\0\0','Netherlands Antilles','sed'),('35552346','quasi','Cristian',6920,'qui',_binary 'tmp/c1e03f27cc3faa864d8d0b816b8590ee.jpg\0\0\0\0\0\0\0\0\0\0\0\0\0\0\0\0\0\0\0\0\0\0\0\0\0\0\0\0\0\0\0\0\0\0\0\0\0\0\0\0\0\0\0\0\0\0\0\0\0\0\0\0\0\0\0\0\0\0\0\0\0\0\0\0\0\0\0\0\0\0\0\0\0\0\0\0\0\0\0\0\0\0\0\0\0\0\0\0\0\0\0\0\0\0\0\0\0\0\0\0\0\0\0\0\0\0\0\0\0\0\0\0\0\0\0\0\0\0\0\0\0\0\0\0\0\0\0\0\0\0\0\0\0\0\0\0\0\0\0\0\0\0\0\0\0\0\0\0\0\0\0\0\0\0\0\0\0\0\0\0\0\0\0\0\0\0\0\0\0\0\0\0\0\0\0\0\0\0\0\0\0\0\0\0\0\0\0\0\0\0\0\0\0\0\0\0\0\0\0\0\0\0\0\0\0\0\0\0\0\0\0\0\0\0\0','Belize','nemo'),('36282791','ipsam','Beau',7786,'non',_binary 'tmp/5a4e8d869b7fcd3aba640b7314a6fc60.jpg\0\0\0\0\0\0\0\0\0\0\0\0\0\0\0\0\0\0\0\0\0\0\0\0\0\0\0\0\0\0\0\0\0\0\0\0\0\0\0\0\0\0\0\0\0\0\0\0\0\0\0\0\0\0\0\0\0\0\0\0\0\0\0\0\0\0\0\0\0\0\0\0\0\0\0\0\0\0\0\0\0\0\0\0\0\0\0\0\0\0\0\0\0\0\0\0\0\0\0\0\0\0\0\0\0\0\0\0\0\0\0\0\0\0\0\0\0\0\0\0\0\0\0\0\0\0\0\0\0\0\0\0\0\0\0\0\0\0\0\0\0\0\0\0\0\0\0\0\0\0\0\0\0\0\0\0\0\0\0\0\0\0\0\0\0\0\0\0\0\0\0\0\0\0\0\0\0\0\0\0\0\0\0\0\0\0\0\0\0\0\0\0\0\0\0\0\0\0\0\0\0\0\0\0\0\0\0\0\0\0\0\0\0\0\0','Ethiopia','neque'),('36827533','mollitia','Alphonso',8407,'velit',_binary 'tmp/84aed06baa316331418d5a9f1ac92381.jpg\0\0\0\0\0\0\0\0\0\0\0\0\0\0\0\0\0\0\0\0\0\0\0\0\0\0\0\0\0\0\0\0\0\0\0\0\0\0\0\0\0\0\0\0\0\0\0\0\0\0\0\0\0\0\0\0\0\0\0\0\0\0\0\0\0\0\0\0\0\0\0\0\0\0\0\0\0\0\0\0\0\0\0\0\0\0\0\0\0\0\0\0\0\0\0\0\0\0\0\0\0\0\0\0\0\0\0\0\0\0\0\0\0\0\0\0\0\0\0\0\0\0\0\0\0\0\0\0\0\0\0\0\0\0\0\0\0\0\0\0\0\0\0\0\0\0\0\0\0\0\0\0\0\0\0\0\0\0\0\0\0\0\0\0\0\0\0\0\0\0\0\0\0\0\0\0\0\0\0\0\0\0\0\0\0\0\0\0\0\0\0\0\0\0\0\0\0\0\0\0\0\0\0\0\0\0\0\0\0\0\0\0\0\0\0','Czech Republic','qui'),('37374883','perferendis','Garret',6289,'voluptatem',_binary 'tmp/9adf76122c260c391b81d1c1645d7a1f.jpg\0\0\0\0\0\0\0\0\0\0\0\0\0\0\0\0\0\0\0\0\0\0\0\0\0\0\0\0\0\0\0\0\0\0\0\0\0\0\0\0\0\0\0\0\0\0\0\0\0\0\0\0\0\0\0\0\0\0\0\0\0\0\0\0\0\0\0\0\0\0\0\0\0\0\0\0\0\0\0\0\0\0\0\0\0\0\0\0\0\0\0\0\0\0\0\0\0\0\0\0\0\0\0\0\0\0\0\0\0\0\0\0\0\0\0\0\0\0\0\0\0\0\0\0\0\0\0\0\0\0\0\0\0\0\0\0\0\0\0\0\0\0\0\0\0\0\0\0\0\0\0\0\0\0\0\0\0\0\0\0\0\0\0\0\0\0\0\0\0\0\0\0\0\0\0\0\0\0\0\0\0\0\0\0\0\0\0\0\0\0\0\0\0\0\0\0\0\0\0\0\0\0\0\0\0\0\0\0\0\0\0\0\0\0\0','Holy See (Vatican Ci','commodi'),('37497836','saepe','Blaise',2581,'perferendis',_binary 'tmp/e69d75a0c3a731d3ef61ae9e03ad282b.jpg\0\0\0\0\0\0\0\0\0\0\0\0\0\0\0\0\0\0\0\0\0\0\0\0\0\0\0\0\0\0\0\0\0\0\0\0\0\0\0\0\0\0\0\0\0\0\0\0\0\0\0\0\0\0\0\0\0\0\0\0\0\0\0\0\0\0\0\0\0\0\0\0\0\0\0\0\0\0\0\0\0\0\0\0\0\0\0\0\0\0\0\0\0\0\0\0\0\0\0\0\0\0\0\0\0\0\0\0\0\0\0\0\0\0\0\0\0\0\0\0\0\0\0\0\0\0\0\0\0\0\0\0\0\0\0\0\0\0\0\0\0\0\0\0\0\0\0\0\0\0\0\0\0\0\0\0\0\0\0\0\0\0\0\0\0\0\0\0\0\0\0\0\0\0\0\0\0\0\0\0\0\0\0\0\0\0\0\0\0\0\0\0\0\0\0\0\0\0\0\0\0\0\0\0\0\0\0\0\0\0\0\0\0\0\0','Saint Lucia','reprehenderit'),('37747309','quas','Jalen',6254,'similique',_binary 'tmp/f1534c45ad25a1d84bc0a8bbc58d23a0.jpg\0\0\0\0\0\0\0\0\0\0\0\0\0\0\0\0\0\0\0\0\0\0\0\0\0\0\0\0\0\0\0\0\0\0\0\0\0\0\0\0\0\0\0\0\0\0\0\0\0\0\0\0\0\0\0\0\0\0\0\0\0\0\0\0\0\0\0\0\0\0\0\0\0\0\0\0\0\0\0\0\0\0\0\0\0\0\0\0\0\0\0\0\0\0\0\0\0\0\0\0\0\0\0\0\0\0\0\0\0\0\0\0\0\0\0\0\0\0\0\0\0\0\0\0\0\0\0\0\0\0\0\0\0\0\0\0\0\0\0\0\0\0\0\0\0\0\0\0\0\0\0\0\0\0\0\0\0\0\0\0\0\0\0\0\0\0\0\0\0\0\0\0\0\0\0\0\0\0\0\0\0\0\0\0\0\0\0\0\0\0\0\0\0\0\0\0\0\0\0\0\0\0\0\0\0\0\0\0\0\0\0\0\0\0\0','Nepal','nobis'),('41740933','nulla','Alvah',5827,'repudiandae',_binary 'tmp/aa540b28b4240ef4c83dd6da655b8b70.jpg\0\0\0\0\0\0\0\0\0\0\0\0\0\0\0\0\0\0\0\0\0\0\0\0\0\0\0\0\0\0\0\0\0\0\0\0\0\0\0\0\0\0\0\0\0\0\0\0\0\0\0\0\0\0\0\0\0\0\0\0\0\0\0\0\0\0\0\0\0\0\0\0\0\0\0\0\0\0\0\0\0\0\0\0\0\0\0\0\0\0\0\0\0\0\0\0\0\0\0\0\0\0\0\0\0\0\0\0\0\0\0\0\0\0\0\0\0\0\0\0\0\0\0\0\0\0\0\0\0\0\0\0\0\0\0\0\0\0\0\0\0\0\0\0\0\0\0\0\0\0\0\0\0\0\0\0\0\0\0\0\0\0\0\0\0\0\0\0\0\0\0\0\0\0\0\0\0\0\0\0\0\0\0\0\0\0\0\0\0\0\0\0\0\0\0\0\0\0\0\0\0\0\0\0\0\0\0\0\0\0\0\0\0\0\0','Barbados','dolores'),('41929525','deserunt','Ferne',5304,'sunt',_binary 'tmp/4f7c999ae2a5ef667dddc1aae6763414.jpg\0\0\0\0\0\0\0\0\0\0\0\0\0\0\0\0\0\0\0\0\0\0\0\0\0\0\0\0\0\0\0\0\0\0\0\0\0\0\0\0\0\0\0\0\0\0\0\0\0\0\0\0\0\0\0\0\0\0\0\0\0\0\0\0\0\0\0\0\0\0\0\0\0\0\0\0\0\0\0\0\0\0\0\0\0\0\0\0\0\0\0\0\0\0\0\0\0\0\0\0\0\0\0\0\0\0\0\0\0\0\0\0\0\0\0\0\0\0\0\0\0\0\0\0\0\0\0\0\0\0\0\0\0\0\0\0\0\0\0\0\0\0\0\0\0\0\0\0\0\0\0\0\0\0\0\0\0\0\0\0\0\0\0\0\0\0\0\0\0\0\0\0\0\0\0\0\0\0\0\0\0\0\0\0\0\0\0\0\0\0\0\0\0\0\0\0\0\0\0\0\0\0\0\0\0\0\0\0\0\0\0\0\0\0\0','Liberia','velit'),('42221233','vel','Gage',287,'sint',_binary 'tmp/1b9fffbc2172016e83a1af88eff43f23.jpg\0\0\0\0\0\0\0\0\0\0\0\0\0\0\0\0\0\0\0\0\0\0\0\0\0\0\0\0\0\0\0\0\0\0\0\0\0\0\0\0\0\0\0\0\0\0\0\0\0\0\0\0\0\0\0\0\0\0\0\0\0\0\0\0\0\0\0\0\0\0\0\0\0\0\0\0\0\0\0\0\0\0\0\0\0\0\0\0\0\0\0\0\0\0\0\0\0\0\0\0\0\0\0\0\0\0\0\0\0\0\0\0\0\0\0\0\0\0\0\0\0\0\0\0\0\0\0\0\0\0\0\0\0\0\0\0\0\0\0\0\0\0\0\0\0\0\0\0\0\0\0\0\0\0\0\0\0\0\0\0\0\0\0\0\0\0\0\0\0\0\0\0\0\0\0\0\0\0\0\0\0\0\0\0\0\0\0\0\0\0\0\0\0\0\0\0\0\0\0\0\0\0\0\0\0\0\0\0\0\0\0\0\0\0\0','Cameroon','dolores'),('42967413','natus','Marques',60,'eos',_binary 'tmp/96b2cc11cb6372e47cbb30a95060c64b.jpg\0\0\0\0\0\0\0\0\0\0\0\0\0\0\0\0\0\0\0\0\0\0\0\0\0\0\0\0\0\0\0\0\0\0\0\0\0\0\0\0\0\0\0\0\0\0\0\0\0\0\0\0\0\0\0\0\0\0\0\0\0\0\0\0\0\0\0\0\0\0\0\0\0\0\0\0\0\0\0\0\0\0\0\0\0\0\0\0\0\0\0\0\0\0\0\0\0\0\0\0\0\0\0\0\0\0\0\0\0\0\0\0\0\0\0\0\0\0\0\0\0\0\0\0\0\0\0\0\0\0\0\0\0\0\0\0\0\0\0\0\0\0\0\0\0\0\0\0\0\0\0\0\0\0\0\0\0\0\0\0\0\0\0\0\0\0\0\0\0\0\0\0\0\0\0\0\0\0\0\0\0\0\0\0\0\0\0\0\0\0\0\0\0\0\0\0\0\0\0\0\0\0\0\0\0\0\0\0\0\0\0\0\0\0\0','Germany','mollitia'),('43066841','asperiores','Allen',7512,'id',_binary 'tmp/786b9018980ae6ed2215c6d3862d7ade.jpg\0\0\0\0\0\0\0\0\0\0\0\0\0\0\0\0\0\0\0\0\0\0\0\0\0\0\0\0\0\0\0\0\0\0\0\0\0\0\0\0\0\0\0\0\0\0\0\0\0\0\0\0\0\0\0\0\0\0\0\0\0\0\0\0\0\0\0\0\0\0\0\0\0\0\0\0\0\0\0\0\0\0\0\0\0\0\0\0\0\0\0\0\0\0\0\0\0\0\0\0\0\0\0\0\0\0\0\0\0\0\0\0\0\0\0\0\0\0\0\0\0\0\0\0\0\0\0\0\0\0\0\0\0\0\0\0\0\0\0\0\0\0\0\0\0\0\0\0\0\0\0\0\0\0\0\0\0\0\0\0\0\0\0\0\0\0\0\0\0\0\0\0\0\0\0\0\0\0\0\0\0\0\0\0\0\0\0\0\0\0\0\0\0\0\0\0\0\0\0\0\0\0\0\0\0\0\0\0\0\0\0\0\0\0\0','Saint Barthelemy','culpa'),('43546893','exercitationem','Austyn',4995,'consequuntur',_binary 'tmp/d2ffc265cedf9ea5ecbeff83d1c0c585.jpg\0\0\0\0\0\0\0\0\0\0\0\0\0\0\0\0\0\0\0\0\0\0\0\0\0\0\0\0\0\0\0\0\0\0\0\0\0\0\0\0\0\0\0\0\0\0\0\0\0\0\0\0\0\0\0\0\0\0\0\0\0\0\0\0\0\0\0\0\0\0\0\0\0\0\0\0\0\0\0\0\0\0\0\0\0\0\0\0\0\0\0\0\0\0\0\0\0\0\0\0\0\0\0\0\0\0\0\0\0\0\0\0\0\0\0\0\0\0\0\0\0\0\0\0\0\0\0\0\0\0\0\0\0\0\0\0\0\0\0\0\0\0\0\0\0\0\0\0\0\0\0\0\0\0\0\0\0\0\0\0\0\0\0\0\0\0\0\0\0\0\0\0\0\0\0\0\0\0\0\0\0\0\0\0\0\0\0\0\0\0\0\0\0\0\0\0\0\0\0\0\0\0\0\0\0\0\0\0\0\0\0\0\0\0\0','Namibia','ea'),('43669371','laboriosam','Ernest',9164,'architecto',_binary 'tmp/4cad6373c32742e5202178764b447661.jpg\0\0\0\0\0\0\0\0\0\0\0\0\0\0\0\0\0\0\0\0\0\0\0\0\0\0\0\0\0\0\0\0\0\0\0\0\0\0\0\0\0\0\0\0\0\0\0\0\0\0\0\0\0\0\0\0\0\0\0\0\0\0\0\0\0\0\0\0\0\0\0\0\0\0\0\0\0\0\0\0\0\0\0\0\0\0\0\0\0\0\0\0\0\0\0\0\0\0\0\0\0\0\0\0\0\0\0\0\0\0\0\0\0\0\0\0\0\0\0\0\0\0\0\0\0\0\0\0\0\0\0\0\0\0\0\0\0\0\0\0\0\0\0\0\0\0\0\0\0\0\0\0\0\0\0\0\0\0\0\0\0\0\0\0\0\0\0\0\0\0\0\0\0\0\0\0\0\0\0\0\0\0\0\0\0\0\0\0\0\0\0\0\0\0\0\0\0\0\0\0\0\0\0\0\0\0\0\0\0\0\0\0\0\0\0','Costa Rica','dolor'),('44285295','omnis','Rogelio',6646,'harum',_binary 'tmp/89d2880ffad2bfd1e26d99723b76c4f2.jpg\0\0\0\0\0\0\0\0\0\0\0\0\0\0\0\0\0\0\0\0\0\0\0\0\0\0\0\0\0\0\0\0\0\0\0\0\0\0\0\0\0\0\0\0\0\0\0\0\0\0\0\0\0\0\0\0\0\0\0\0\0\0\0\0\0\0\0\0\0\0\0\0\0\0\0\0\0\0\0\0\0\0\0\0\0\0\0\0\0\0\0\0\0\0\0\0\0\0\0\0\0\0\0\0\0\0\0\0\0\0\0\0\0\0\0\0\0\0\0\0\0\0\0\0\0\0\0\0\0\0\0\0\0\0\0\0\0\0\0\0\0\0\0\0\0\0\0\0\0\0\0\0\0\0\0\0\0\0\0\0\0\0\0\0\0\0\0\0\0\0\0\0\0\0\0\0\0\0\0\0\0\0\0\0\0\0\0\0\0\0\0\0\0\0\0\0\0\0\0\0\0\0\0\0\0\0\0\0\0\0\0\0\0\0\0','French Polynesia','rerum'),('46280790','quasi','Trevor',9277,'repellendus',_binary 'tmp/adf8dd6dc85fb18a48feb39163e11190.jpg\0\0\0\0\0\0\0\0\0\0\0\0\0\0\0\0\0\0\0\0\0\0\0\0\0\0\0\0\0\0\0\0\0\0\0\0\0\0\0\0\0\0\0\0\0\0\0\0\0\0\0\0\0\0\0\0\0\0\0\0\0\0\0\0\0\0\0\0\0\0\0\0\0\0\0\0\0\0\0\0\0\0\0\0\0\0\0\0\0\0\0\0\0\0\0\0\0\0\0\0\0\0\0\0\0\0\0\0\0\0\0\0\0\0\0\0\0\0\0\0\0\0\0\0\0\0\0\0\0\0\0\0\0\0\0\0\0\0\0\0\0\0\0\0\0\0\0\0\0\0\0\0\0\0\0\0\0\0\0\0\0\0\0\0\0\0\0\0\0\0\0\0\0\0\0\0\0\0\0\0\0\0\0\0\0\0\0\0\0\0\0\0\0\0\0\0\0\0\0\0\0\0\0\0\0\0\0\0\0\0\0\0\0\0\0','Antigua and Barbuda','delectus'),('48043185','consectetur','Amir',4669,'in',_binary 'tmp/fa2407dd26cf81fcc2acc5884284eb31.jpg\0\0\0\0\0\0\0\0\0\0\0\0\0\0\0\0\0\0\0\0\0\0\0\0\0\0\0\0\0\0\0\0\0\0\0\0\0\0\0\0\0\0\0\0\0\0\0\0\0\0\0\0\0\0\0\0\0\0\0\0\0\0\0\0\0\0\0\0\0\0\0\0\0\0\0\0\0\0\0\0\0\0\0\0\0\0\0\0\0\0\0\0\0\0\0\0\0\0\0\0\0\0\0\0\0\0\0\0\0\0\0\0\0\0\0\0\0\0\0\0\0\0\0\0\0\0\0\0\0\0\0\0\0\0\0\0\0\0\0\0\0\0\0\0\0\0\0\0\0\0\0\0\0\0\0\0\0\0\0\0\0\0\0\0\0\0\0\0\0\0\0\0\0\0\0\0\0\0\0\0\0\0\0\0\0\0\0\0\0\0\0\0\0\0\0\0\0\0\0\0\0\0\0\0\0\0\0\0\0\0\0\0\0\0\0','Faroe Islands','aspernatur'),('48324322','asperiores','Thad',3972,'est',_binary 'tmp/058fb45a06aafcaa67ef5d743c4d3137.jpg\0\0\0\0\0\0\0\0\0\0\0\0\0\0\0\0\0\0\0\0\0\0\0\0\0\0\0\0\0\0\0\0\0\0\0\0\0\0\0\0\0\0\0\0\0\0\0\0\0\0\0\0\0\0\0\0\0\0\0\0\0\0\0\0\0\0\0\0\0\0\0\0\0\0\0\0\0\0\0\0\0\0\0\0\0\0\0\0\0\0\0\0\0\0\0\0\0\0\0\0\0\0\0\0\0\0\0\0\0\0\0\0\0\0\0\0\0\0\0\0\0\0\0\0\0\0\0\0\0\0\0\0\0\0\0\0\0\0\0\0\0\0\0\0\0\0\0\0\0\0\0\0\0\0\0\0\0\0\0\0\0\0\0\0\0\0\0\0\0\0\0\0\0\0\0\0\0\0\0\0\0\0\0\0\0\0\0\0\0\0\0\0\0\0\0\0\0\0\0\0\0\0\0\0\0\0\0\0\0\0\0\0\0\0\0','French Southern Terr','velit'),('49923263','repudiandae','Raul',5174,'provident',_binary 'tmp/14cb90dbee8186e80e577c9b987ed926.jpg\0\0\0\0\0\0\0\0\0\0\0\0\0\0\0\0\0\0\0\0\0\0\0\0\0\0\0\0\0\0\0\0\0\0\0\0\0\0\0\0\0\0\0\0\0\0\0\0\0\0\0\0\0\0\0\0\0\0\0\0\0\0\0\0\0\0\0\0\0\0\0\0\0\0\0\0\0\0\0\0\0\0\0\0\0\0\0\0\0\0\0\0\0\0\0\0\0\0\0\0\0\0\0\0\0\0\0\0\0\0\0\0\0\0\0\0\0\0\0\0\0\0\0\0\0\0\0\0\0\0\0\0\0\0\0\0\0\0\0\0\0\0\0\0\0\0\0\0\0\0\0\0\0\0\0\0\0\0\0\0\0\0\0\0\0\0\0\0\0\0\0\0\0\0\0\0\0\0\0\0\0\0\0\0\0\0\0\0\0\0\0\0\0\0\0\0\0\0\0\0\0\0\0\0\0\0\0\0\0\0\0\0\0\0\0','China','blanditiis');
/*!40000 ALTER TABLE `book` ENABLE KEYS */;
UNLOCK TABLES;

--
-- Table structure for table `book_author`
--

DROP TABLE IF EXISTS `book_author`;
/*!40101 SET @saved_cs_client     = @@character_set_client */;
/*!50503 SET character_set_client = utf8mb4 */;
CREATE TABLE `book_author` (
  `isbn` char(10) NOT NULL,
  `author_id` int(4) NOT NULL,
  PRIMARY KEY (`isbn`,`author_id`),
  KEY `author_info` (`author_id`),
  CONSTRAINT `author_info` FOREIGN KEY (`author_id`) REFERENCES `author` (`author_id`) ON DELETE CASCADE ON UPDATE CASCADE,
  CONSTRAINT `book_info1` FOREIGN KEY (`isbn`) REFERENCES `book` (`isbn`) ON DELETE CASCADE ON UPDATE CASCADE
) ENGINE=InnoDB DEFAULT CHARSET=latin1 COLLATE=latin1_swedish_ci;
/*!40101 SET character_set_client = @saved_cs_client */;

--
-- Dumping data for table `book_author`
--

LOCK TABLES `book_author` WRITE;
/*!40000 ALTER TABLE `book_author` DISABLE KEYS */;
INSERT INTO `book_author` VALUES ('11489782',1),('11779957',2),('12707273',3),('13264418',4),('13804657',5),('14754221',6),('16290268',7),('16968028',8),('17632457',9),('18859524',1),('18859524',10),('20311710',1),('20311710',2),('21343816',2),('21343816',3),('21584213',3),('21584213',4),('22297145',4),('22297145',5),('22737844',5),('22737844',6),('24312122',6),('24312122',7),('24893795',7),('24893795',8),('26069726',8),('26069726',9),('27176578',9),('27176578',10),('27578336',1),('27578336',10),('27731912',1),('27731912',2),('28075940',2),('28075940',3),('28250300',3),('28250300',4),('28402502',4),('28402502',5),('28953590',5),('28953590',6),('29507239',6),('29507239',7),('31884931',7),('31884931',8),('32730118',8),('32730118',9),('33543652',9),('33543652',10),('33734894',1),('33734894',10),('35360410',1),('35360410',2),('35531028',2),('35531028',3),('35552346',3),('35552346',4),('36282791',4),('36282791',5),('36827533',5),('36827533',6),('37374883',6),('37374883',7),('37497836',7),('37497836',8),('37747309',8),('37747309',9),('41740933',9),('41740933',10),('41929525',1),('41929525',10),('42221233',1),('42967413',2),('43066841',3),('43546893',4),('43669371',5),('44285295',6),('46280790',7),('48043185',8),('48324322',9),('49923263',10);
/*!40000 ALTER TABLE `book_author` ENABLE KEYS */;
UNLOCK TABLES;

--
-- Table structure for table `book_category`
--

DROP TABLE IF EXISTS `book_category`;
/*!40101 SET @saved_cs_client     = @@character_set_client */;
/*!50503 SET character_set_client = utf8mb4 */;
CREATE TABLE `book_category` (
  `isbn` char(10) NOT NULL,
  `category_id` int(3) NOT NULL,
  PRIMARY KEY (`isbn`,`category_id`),
  KEY `category_info` (`category_id`),
  CONSTRAINT `book_info3` FOREIGN KEY (`isbn`) REFERENCES `book` (`isbn`) ON DELETE CASCADE ON UPDATE CASCADE,
  CONSTRAINT `category_info` FOREIGN KEY (`category_id`) REFERENCES `category` (`category_id`) ON DELETE CASCADE ON UPDATE CASCADE
) ENGINE=InnoDB DEFAULT CHARSET=latin1 COLLATE=latin1_swedish_ci;
/*!40101 SET character_set_client = @saved_cs_client */;

--
-- Dumping data for table `book_category`
--

LOCK TABLES `book_category` WRITE;
/*!40000 ALTER TABLE `book_category` DISABLE KEYS */;
INSERT INTO `book_category` VALUES ('11489782',1),('11779957',2),('12707273',3),('13264418',4),('13804657',5),('14754221',1),('16290268',2),('16968028',3),('17632457',4),('18859524',5),('20311710',1),('21343816',2),('21584213',3),('22297145',4),('22737844',5),('24312122',1),('24893795',2),('26069726',3),('27176578',4),('27578336',5),('27731912',1),('28075940',2),('28250300',3),('28402502',4),('28953590',5),('29507239',1),('31884931',2),('32730118',3),('33543652',4),('33734894',1),('33734894',5),('35360410',1),('35360410',2),('35531028',2),('35531028',3),('35552346',3),('35552346',4),('36282791',4),('36282791',5),('36827533',1),('36827533',5),('37374883',1),('37374883',2),('37497836',2),('37497836',3),('37747309',3),('37747309',5),('41740933',1),('41740933',4),('41929525',3),('41929525',5),('42221233',1),('42221233',3),('42967413',2),('42967413',3),('43066841',3),('43546893',4),('43669371',5),('44285295',1),('46280790',2),('48043185',3),('48324322',4),('49923263',5);
/*!40000 ALTER TABLE `book_category` ENABLE KEYS */;
UNLOCK TABLES;

--
-- Table structure for table `book_school`
--

DROP TABLE IF EXISTS `book_school`;
/*!40101 SET @saved_cs_client     = @@character_set_client */;
/*!50503 SET character_set_client = utf8mb4 */;
CREATE TABLE `book_school` (
  `isbn` char(10) NOT NULL,
  `school_id` int(4) NOT NULL,
  `copys` int(3) NOT NULL,
  `available_copys` int(3) NOT NULL,
  PRIMARY KEY (`isbn`,`school_id`),
  KEY `school_info` (`school_id`),
  CONSTRAINT `book_info2` FOREIGN KEY (`isbn`) REFERENCES `book` (`isbn`) ON DELETE CASCADE ON UPDATE CASCADE,
  CONSTRAINT `school_info` FOREIGN KEY (`school_id`) REFERENCES `school` (`school_id`) ON DELETE CASCADE ON UPDATE CASCADE,
  CONSTRAINT `CONSTRAINT_1` CHECK (`available_copys` <= `copys`),
  CONSTRAINT `CONSTRAINT_2` CHECK (`copys` >= 0),
  CONSTRAINT `CONSTRAINT_3` CHECK (`available_copys` >= 0)
) ENGINE=InnoDB DEFAULT CHARSET=latin1 COLLATE=latin1_swedish_ci;
/*!40101 SET character_set_client = @saved_cs_client */;

--
-- Dumping data for table `book_school`
--

LOCK TABLES `book_school` WRITE;
/*!40000 ALTER TABLE `book_school` DISABLE KEYS */;
INSERT INTO `book_school` VALUES ('11489782',1,16,16),('11779957',2,20,20),('12707273',3,2,2),('13264418',4,14,14),('13804657',5,19,19),('14754221',1,10,10),('16290268',2,19,19),('16968028',3,11,11),('16968028',4,11,11),('17632457',4,8,8),('17632457',5,8,8),('18859524',1,1,1),('18859524',5,1,1),('20311710',1,19,19),('20311710',2,19,19),('21343816',2,1,1),('21343816',3,1,1),('21584213',3,3,3),('21584213',4,3,3),('22297145',4,10,10),('22297145',5,10,10),('22737844',1,16,16),('22737844',5,16,16),('24312122',1,1,1),('24312122',2,1,1),('24893795',2,14,14),('24893795',3,14,14),('26069726',3,8,8),('26069726',4,8,8),('27176578',4,17,17),('27176578',5,17,17),('27578336',1,7,7),('27578336',5,7,7),('27731912',1,13,13),('27731912',2,13,13),('28075940',2,5,5),('28075940',3,5,5),('28250300',3,8,8),('28250300',4,8,8),('28402502',4,18,18),('28953590',5,4,4),('29507239',1,7,7),('31884931',2,10,10),('32730118',3,5,5),('33543652',4,12,12),('33734894',5,4,4),('35360410',1,3,3),('35531028',2,4,4),('35552346',3,19,19),('36282791',4,2,2),('36827533',5,10,10),('37374883',1,12,12),('37497836',2,1,1),('37747309',3,19,19),('41740933',4,7,7),('41929525',5,11,11),('42221233',1,4,4),('42967413',2,20,20),('43066841',3,14,14),('43546893',4,3,3),('43669371',5,6,6),('44285295',1,15,15),('46280790',2,18,18),('48043185',3,1,1),('48324322',4,4,4),('49923263',5,19,19);
/*!40000 ALTER TABLE `book_school` ENABLE KEYS */;
UNLOCK TABLES;

--
-- Table structure for table `category`
--

DROP TABLE IF EXISTS `category`;
/*!40101 SET @saved_cs_client     = @@character_set_client */;
/*!50503 SET character_set_client = utf8mb4 */;
CREATE TABLE `category` (
  `category_id` int(3) NOT NULL AUTO_INCREMENT,
  `category_name` varchar(50) NOT NULL,
  PRIMARY KEY (`category_id`)
) ENGINE=InnoDB AUTO_INCREMENT=6 DEFAULT CHARSET=latin1 COLLATE=latin1_swedish_ci;
/*!40101 SET character_set_client = @saved_cs_client */;

--
-- Dumping data for table `category`
--

LOCK TABLES `category` WRITE;
/*!40000 ALTER TABLE `category` DISABLE KEYS */;
INSERT INTO `category` VALUES (1,'Science Fiction'),(2,'Biography'),(3,'History'),(4,'Drama'),(5,'Poem');
/*!40000 ALTER TABLE `category` ENABLE KEYS */;
UNLOCK TABLES;

--
-- Table structure for table `handlers`
--

DROP TABLE IF EXISTS `handlers`;
/*!40101 SET @saved_cs_client     = @@character_set_client */;
/*!50503 SET character_set_client = utf8mb4 */;
CREATE TABLE `handlers` (
  `user_id` int(4) NOT NULL,
  `school_id` int(4) NOT NULL,
  PRIMARY KEY (`user_id`,`school_id`),
  KEY `handlers_in` (`school_id`),
  CONSTRAINT `handlers_in` FOREIGN KEY (`school_id`) REFERENCES `school` (`school_id`) ON DELETE CASCADE ON UPDATE CASCADE,
  CONSTRAINT `handlers_sc` FOREIGN KEY (`user_id`) REFERENCES `users` (`user_id`) ON DELETE CASCADE ON UPDATE CASCADE
) ENGINE=InnoDB DEFAULT CHARSET=latin1 COLLATE=latin1_swedish_ci;
/*!40101 SET character_set_client = @saved_cs_client */;

--
-- Dumping data for table `handlers`
--

LOCK TABLES `handlers` WRITE;
/*!40000 ALTER TABLE `handlers` DISABLE KEYS */;
INSERT INTO `handlers` VALUES (2,2),(3,3),(4,4),(5,5),(6,1);
/*!40000 ALTER TABLE `handlers` ENABLE KEYS */;
UNLOCK TABLES;

--
-- Table structure for table `mastoras`
--

DROP TABLE IF EXISTS `mastoras`;
/*!40101 SET @saved_cs_client     = @@character_set_client */;
/*!50503 SET character_set_client = utf8mb4 */;
CREATE TABLE `mastoras` (
  `user_id` int(4) NOT NULL,
  PRIMARY KEY (`user_id`),
  CONSTRAINT `einai_mastoras` FOREIGN KEY (`user_id`) REFERENCES `users` (`user_id`) ON DELETE CASCADE ON UPDATE CASCADE
) ENGINE=InnoDB DEFAULT CHARSET=latin1 COLLATE=latin1_swedish_ci;
/*!40101 SET character_set_client = @saved_cs_client */;

--
-- Dumping data for table `mastoras`
--

LOCK TABLES `mastoras` WRITE;
/*!40000 ALTER TABLE `mastoras` DISABLE KEYS */;
INSERT INTO `mastoras` VALUES (1);
/*!40000 ALTER TABLE `mastoras` ENABLE KEYS */;
UNLOCK TABLES;

--
-- Table structure for table `rent`
--

DROP TABLE IF EXISTS `rent`;
/*!40101 SET @saved_cs_client     = @@character_set_client */;
/*!50503 SET character_set_client = utf8mb4 */;
CREATE TABLE `rent` (
  `rent_id` int(5) NOT NULL AUTO_INCREMENT,
  `user_id` int(4) NOT NULL,
  `isbn` char(10) NOT NULL,
  `school_id` int(4) NOT NULL,
  `date_of_rent` timestamp NOT NULL,
  `returned` tinyint(1) NOT NULL DEFAULT 0,
  `approved` tinyint(1) NOT NULL DEFAULT 0,
  PRIMARY KEY (`rent_id`),
  KEY `rent_by_user` (`user_id`),
  KEY `rented_book` (`isbn`,`school_id`),
  CONSTRAINT `rent_by_user` FOREIGN KEY (`user_id`) REFERENCES `users` (`user_id`) ON DELETE CASCADE ON UPDATE CASCADE,
  CONSTRAINT `rented_book` FOREIGN KEY (`isbn`, `school_id`) REFERENCES `book_school` (`isbn`, `school_id`) ON DELETE CASCADE ON UPDATE CASCADE
) ENGINE=InnoDB AUTO_INCREMENT=46 DEFAULT CHARSET=latin1 COLLATE=latin1_swedish_ci;
/*!40101 SET character_set_client = @saved_cs_client */;

--
-- Dumping data for table `rent`
--

LOCK TABLES `rent` WRITE;
/*!40000 ALTER TABLE `rent` DISABLE KEYS */;
INSERT INTO `rent` VALUES (1,1,'11489782',1,'2021-05-28 21:00:00',1,1),(2,2,'11779957',2,'2021-05-28 21:00:00',1,1),(3,3,'12707273',3,'2021-05-28 21:00:00',1,1),(4,4,'13264418',4,'2021-05-28 21:00:00',1,1),(5,5,'13804657',5,'2021-05-28 21:00:00',1,1),(6,6,'14754221',1,'2021-05-28 21:00:00',1,1),(7,7,'16290268',2,'2021-05-28 21:00:00',1,1),(8,8,'16968028',3,'2021-05-28 21:00:00',1,1),(9,9,'17632457',4,'2021-05-28 21:00:00',1,1),(10,10,'18859524',5,'2021-05-28 21:00:00',1,1),(11,11,'20311710',1,'2021-05-28 21:00:00',1,1),(12,12,'21343816',2,'2021-05-28 21:00:00',1,1),(13,13,'21584213',3,'2021-05-28 21:00:00',1,1),(14,14,'22297145',4,'2021-05-28 21:00:00',1,1),(15,15,'22737844',5,'2021-05-28 21:00:00',1,1),(16,16,'24312122',1,'2021-05-28 21:00:00',1,1),(17,17,'24893795',2,'2021-05-28 21:00:00',1,1),(18,18,'21343816',2,'2023-05-09 21:00:00',0,0),(19,19,'27176578',4,'2021-05-28 21:00:00',1,1),(20,20,'27578336',5,'2021-05-28 21:00:00',1,1),(21,21,'27731912',1,'2021-05-28 21:00:00',1,1),(22,22,'28075940',2,'2021-05-28 21:00:00',1,1),(23,23,'28250300',3,'2021-05-28 21:00:00',1,1),(24,24,'28402502',4,'2021-05-28 21:00:00',1,1),(25,25,'28953590',5,'2021-05-28 21:00:00',1,1),(26,26,'29507239',1,'2021-05-28 21:00:00',1,1),(27,27,'31884931',2,'2021-05-28 21:00:00',1,1),(28,28,'32730118',3,'2021-05-28 21:00:00',1,1),(29,29,'33543652',4,'2021-05-28 21:00:00',1,1),(30,30,'33734894',5,'2021-05-28 21:00:00',1,1),(31,31,'35360410',1,'2021-05-28 21:00:00',1,1),(32,32,'35531028',2,'2021-05-28 21:00:00',1,1),(33,33,'35552346',3,'2021-05-28 21:00:00',1,1),(34,34,'36282791',4,'2021-05-28 21:00:00',1,1),(35,35,'36827533',5,'2021-05-28 21:00:00',1,1),(36,36,'37374883',1,'2021-05-28 21:00:00',1,1),(37,37,'37497836',2,'2021-05-28 21:00:00',1,1),(38,38,'37747309',3,'2021-05-28 21:00:00',1,1),(39,39,'41740933',4,'2021-05-28 21:00:00',1,1),(40,40,'41929525',5,'2021-05-28 21:00:00',1,1),(41,11,'20311710',1,'2023-05-21 21:00:00',0,1),(42,21,'27731912',1,'2023-05-22 21:00:00',0,1),(43,36,'37374883',1,'2023-05-23 21:00:00',0,1),(44,36,'27731912',1,'2023-05-20 21:00:00',0,1),(45,11,'37374883',1,'2023-05-20 21:00:00',0,1);
/*!40000 ALTER TABLE `rent` ENABLE KEYS */;
UNLOCK TABLES;

--
-- Table structure for table `reservation`
--

DROP TABLE IF EXISTS `reservation`;
/*!40101 SET @saved_cs_client     = @@character_set_client */;
/*!50503 SET character_set_client = utf8mb4 */;
CREATE TABLE `reservation` (
  `reservation_id` int(5) NOT NULL AUTO_INCREMENT,
  `user_id` int(4) NOT NULL,
  `isbn` char(10) NOT NULL,
  `school_id` int(4) NOT NULL,
  `date_of_reservation` timestamp NOT NULL,
  `approved` tinyint(1) NOT NULL DEFAULT 0,
  PRIMARY KEY (`reservation_id`),
  KEY `reserved_by_user` (`user_id`),
  KEY `reserved_book` (`isbn`,`school_id`),
  CONSTRAINT `reserved_book` FOREIGN KEY (`isbn`, `school_id`) REFERENCES `book_school` (`isbn`, `school_id`) ON DELETE CASCADE ON UPDATE CASCADE,
  CONSTRAINT `reserved_by_user` FOREIGN KEY (`user_id`) REFERENCES `users` (`user_id`) ON DELETE CASCADE ON UPDATE CASCADE
) ENGINE=InnoDB AUTO_INCREMENT=41 DEFAULT CHARSET=latin1 COLLATE=latin1_swedish_ci;
/*!40101 SET character_set_client = @saved_cs_client */;

--
-- Dumping data for table `reservation`
--

LOCK TABLES `reservation` WRITE;
/*!40000 ALTER TABLE `reservation` DISABLE KEYS */;
INSERT INTO `reservation` VALUES (1,1,'11489782',1,'2021-05-28 21:00:00',1),(2,2,'11779957',2,'2021-05-28 21:00:00',1),(3,3,'12707273',3,'2021-05-28 21:00:00',1),(4,4,'13264418',4,'2021-05-28 21:00:00',1),(5,5,'13804657',5,'2021-05-28 21:00:00',1),(6,6,'14754221',1,'2021-05-28 21:00:00',1),(7,7,'16290268',2,'2021-05-28 21:00:00',1),(8,8,'16968028',3,'2021-05-28 21:00:00',1),(9,9,'17632457',4,'2021-05-28 21:00:00',1),(10,10,'18859524',5,'2021-05-28 21:00:00',1),(11,11,'20311710',1,'2021-05-28 21:00:00',1),(12,12,'21343816',2,'2021-05-28 21:00:00',1),(13,13,'21584213',3,'2021-05-28 21:00:00',1),(14,14,'22297145',4,'2021-05-28 21:00:00',1),(15,15,'22737844',5,'2021-05-28 21:00:00',1),(16,16,'24312122',1,'2021-05-28 21:00:00',1),(17,17,'24893795',2,'2021-05-28 21:00:00',1),(18,18,'26069726',3,'2021-05-28 21:00:00',1),(19,19,'27176578',4,'2021-05-28 21:00:00',1),(20,20,'27578336',5,'2021-05-28 21:00:00',1),(21,21,'27731912',1,'2021-05-28 21:00:00',1),(22,22,'28075940',2,'2021-05-28 21:00:00',1),(23,23,'28250300',3,'2021-05-28 21:00:00',1),(24,24,'28402502',4,'2021-05-28 21:00:00',1),(25,25,'28953590',5,'2021-05-28 21:00:00',1),(26,26,'29507239',1,'2021-05-28 21:00:00',1),(27,27,'31884931',2,'2021-05-28 21:00:00',1),(28,28,'32730118',3,'2021-05-28 21:00:00',1),(29,29,'33543652',4,'2021-05-28 21:00:00',1),(30,30,'33734894',5,'2021-05-28 21:00:00',1),(31,31,'35360410',1,'2021-05-28 21:00:00',1),(32,32,'35531028',2,'2021-05-28 21:00:00',1),(33,33,'35552346',3,'2021-05-28 21:00:00',1),(34,34,'36282791',4,'2021-05-28 21:00:00',1),(35,35,'36827533',5,'2021-05-28 21:00:00',1),(36,36,'37374883',1,'2021-05-28 21:00:00',1),(37,37,'37497836',2,'2021-05-28 21:00:00',1),(38,38,'37747309',3,'2021-05-28 21:00:00',1),(39,39,'41740933',4,'2021-05-28 21:00:00',1),(40,40,'41929525',5,'2021-05-28 21:00:00',1);
/*!40000 ALTER TABLE `reservation` ENABLE KEYS */;
UNLOCK TABLES;

--
-- Table structure for table `review`
--

DROP TABLE IF EXISTS `review`;
/*!40101 SET @saved_cs_client     = @@character_set_client */;
/*!50503 SET character_set_client = utf8mb4 */;
CREATE TABLE `review` (
  `review_id` int(5) NOT NULL AUTO_INCREMENT,
  `user_id` int(4) NOT NULL,
  `isbn` char(10) NOT NULL,
  `school_id` int(4) NOT NULL,
  `likert` int(1) NOT NULL,
  `comments` varchar(255) DEFAULT NULL,
  `approved` tinyint(1) NOT NULL DEFAULT 0,
  PRIMARY KEY (`review_id`),
  KEY `user_who_reviewed` (`user_id`),
  KEY `book_reviewed` (`isbn`,`school_id`),
  CONSTRAINT `book_reviewed` FOREIGN KEY (`isbn`, `school_id`) REFERENCES `book_school` (`isbn`, `school_id`) ON DELETE CASCADE ON UPDATE CASCADE,
  CONSTRAINT `user_who_reviewed` FOREIGN KEY (`user_id`) REFERENCES `users` (`user_id`) ON DELETE CASCADE ON UPDATE CASCADE
) ENGINE=InnoDB AUTO_INCREMENT=22 DEFAULT CHARSET=latin1 COLLATE=latin1_swedish_ci;
/*!40101 SET character_set_client = @saved_cs_client */;

--
-- Dumping data for table `review`
--

LOCK TABLES `review` WRITE;
/*!40000 ALTER TABLE `review` DISABLE KEYS */;
INSERT INTO `review` VALUES (1,1,'11489782',1,5,'Sed quibusdam ex est atque.',0),(2,2,'11779957',2,3,'Et quaerat est enim odit sunt.',1),(3,3,'12707273',3,4,'Cupiditate perspiciatis laboriosam qui expedita totam animi distinctio.',0),(4,4,'13264418',4,0,'Laborum in ut ipsam ad.',0),(5,5,'13804657',5,3,'Mollitia recusandae doloribus saepe suscipit nesciunt quia doloremque eveniet.',0),(6,6,'14754221',1,3,'Impedit ut voluptates aut ab excepturi.',0),(7,7,'16290268',2,0,'Et velit vero iste aliquid culpa rerum.',0),(8,8,'16968028',3,5,'Perferendis repudiandae qui excepturi.',0),(9,9,'17632457',4,1,'Dolores adipisci eum accusantium exercitationem et perferendis.',0),(10,10,'18859524',5,4,'Tenetur dolores dolorem distinctio rerum aut quaerat.',0),(11,11,'20311710',1,0,'Sed officia et voluptatem voluptas voluptas qui.',0),(12,12,'21343816',2,1,'Aut animi ut a neque cum voluptatem sunt facere.',0),(13,13,'21584213',3,4,'Nulla officia est et qui.',0),(14,14,'22297145',4,1,'Tempore doloremque labore quod ipsa in atque.',0),(15,15,'22737844',5,2,'Corporis suscipit quia eum error id sunt sint.',0),(16,16,'24312122',1,5,'Laboriosam dolorem sunt delectus.',0),(17,17,'24893795',2,5,'Nihil enim voluptatum dignissimos molestiae ea non velit.',0),(18,18,'26069726',3,4,'Saepe repellendus dolor voluptatem et ratione consequatur assumenda id.',0),(19,19,'27176578',4,4,'Sed et et et tempore sapiente.',0),(20,20,'27578336',5,4,'Aperiam sint ipsum laudantium et.',0),(21,2,'11779957',2,3,'Et quaerat est enim odit sunt.',0);
/*!40000 ALTER TABLE `review` ENABLE KEYS */;
UNLOCK TABLES;

--
-- Table structure for table `school`
--

DROP TABLE IF EXISTS `school`;
/*!40101 SET @saved_cs_client     = @@character_set_client */;
/*!50503 SET character_set_client = utf8mb4 */;
CREATE TABLE `school` (
  `school_id` int(4) NOT NULL AUTO_INCREMENT,
  `school_name` varchar(50) NOT NULL,
  `address` varchar(100) NOT NULL,
  `city` varchar(50) NOT NULL,
  `telephone` int(15) NOT NULL,
  `email` varchar(70) NOT NULL,
  `principal_fullname` varchar(50) NOT NULL,
  PRIMARY KEY (`school_id`),
  UNIQUE KEY `school_name` (`school_name`)
) ENGINE=InnoDB AUTO_INCREMENT=6 DEFAULT CHARSET=latin1 COLLATE=latin1_swedish_ci;
/*!40101 SET character_set_client = @saved_cs_client */;

--
-- Dumping data for table `school`
--

LOCK TABLES `school` WRITE;
/*!40000 ALTER TABLE `school` DISABLE KEYS */;
INSERT INTO `school` VALUES (1,'Lukeio Livadiwn','5182 Stokes Court Apt. 310\nDanielshire, CO 65003','North Garfieldland',0,'gaylord.sydni@example.net','Jevon Hayes PhD'),(2,'Lukeio Latsiwn','67496 Shayna Coves\nNew Marques, ND 33743','Larsonberg',957825,'chadrick.krajcik@example.org','Shakira Prohaska'),(3,'Lukeio Aradipou','16619 Keebler Roads Suite 125\nNew Dorthystad, WA 37728','Vickyland',140,'hkerluke@example.org','Ansley Hettinger'),(4,'Lukeio Paralimniou','8510 Romaguera Course Suite 639\nTreverburgh, KY 03820-3058','Mayertown',547185,'xbailey@example.org','Emil Gleason'),(5,'Lukeio Dasoupolis','523 Elvera Spurs Suite 864\nWest Virginiefort, TN 57107','Abnerland',401221,'myrna78@example.com','Ms. Lou Prohaska');
/*!40000 ALTER TABLE `school` ENABLE KEYS */;
UNLOCK TABLES;

--
-- Table structure for table `student`
--

DROP TABLE IF EXISTS `student`;
/*!40101 SET @saved_cs_client     = @@character_set_client */;
/*!50503 SET character_set_client = utf8mb4 */;
CREATE TABLE `student` (
  `user_id` int(4) NOT NULL,
  `school_id` int(4) NOT NULL,
  PRIMARY KEY (`user_id`,`school_id`),
  KEY `student_in` (`school_id`),
  CONSTRAINT `student_in` FOREIGN KEY (`school_id`) REFERENCES `school` (`school_id`) ON DELETE CASCADE ON UPDATE CASCADE,
  CONSTRAINT `student_sc` FOREIGN KEY (`user_id`) REFERENCES `users` (`user_id`) ON DELETE CASCADE ON UPDATE CASCADE
) ENGINE=InnoDB DEFAULT CHARSET=latin1 COLLATE=latin1_swedish_ci;
/*!40101 SET character_set_client = @saved_cs_client */;

--
-- Dumping data for table `student`
--

LOCK TABLES `student` WRITE;
/*!40000 ALTER TABLE `student` DISABLE KEYS */;
INSERT INTO `student` VALUES (17,1),(18,2),(19,3),(20,3),(21,2),(22,2),(23,3),(24,1),(25,5),(26,2),(27,1),(28,4),(29,4),(30,1),(31,4),(32,2),(33,2),(34,3),(35,3),(36,1),(37,2),(38,5),(39,1),(40,2),(41,4),(42,5),(43,4),(44,5),(45,3),(46,3),(47,2);
/*!40000 ALTER TABLE `student` ENABLE KEYS */;
UNLOCK TABLES;

--
-- Table structure for table `teacher`
--

DROP TABLE IF EXISTS `teacher`;
/*!40101 SET @saved_cs_client     = @@character_set_client */;
/*!50503 SET character_set_client = utf8mb4 */;
CREATE TABLE `teacher` (
  `user_id` int(4) NOT NULL,
  `school_id` int(4) NOT NULL,
  PRIMARY KEY (`user_id`,`school_id`),
  KEY `teacher_in` (`school_id`),
  CONSTRAINT `teacher_in` FOREIGN KEY (`school_id`) REFERENCES `school` (`school_id`) ON DELETE CASCADE ON UPDATE CASCADE,
  CONSTRAINT `teacher_sc` FOREIGN KEY (`user_id`) REFERENCES `users` (`user_id`) ON DELETE CASCADE ON UPDATE CASCADE
) ENGINE=InnoDB DEFAULT CHARSET=latin1 COLLATE=latin1_swedish_ci;
/*!40101 SET character_set_client = @saved_cs_client */;

--
-- Dumping data for table `teacher`
--

LOCK TABLES `teacher` WRITE;
/*!40000 ALTER TABLE `teacher` DISABLE KEYS */;
INSERT INTO `teacher` VALUES (7,5),(8,2),(9,4),(10,5),(11,3),(12,1),(13,5),(14,3),(15,5),(16,4);
/*!40000 ALTER TABLE `teacher` ENABLE KEYS */;
UNLOCK TABLES;

--
-- Table structure for table `users`
--

DROP TABLE IF EXISTS `users`;
/*!40101 SET @saved_cs_client     = @@character_set_client */;
/*!50503 SET character_set_client = utf8mb4 */;
CREATE TABLE `users` (
  `user_id` int(4) NOT NULL AUTO_INCREMENT,
  `username` varchar(20) NOT NULL,
  `passcode` varchar(20) NOT NULL,
  `user_name` varchar(50) NOT NULL,
  `birthday` date NOT NULL,
  `email` varchar(50) NOT NULL,
  `approved` tinyint(1) NOT NULL DEFAULT 0,
  PRIMARY KEY (`user_id`),
  UNIQUE KEY `username` (`username`)
) ENGINE=InnoDB AUTO_INCREMENT=48 DEFAULT CHARSET=latin1 COLLATE=latin1_swedish_ci;
/*!40101 SET character_set_client = @saved_cs_client */;

--
-- Dumping data for table `users`
--

LOCK TABLES `users` WRITE;
/*!40000 ALTER TABLE `users` DISABLE KEYS */;
INSERT INTO `users` VALUES (1,'Mastoras','password','Giorgos Pittakis','2001-10-29','terrell.waelchi@example.com',1),(2,'chrish','123','Wilfredo Welch','2012-07-23','fern.botsford@example.org',1),(3,'wolff.leif','qyzc','Germaine Goldner','1978-10-27','auer.karley@example.net',1),(4,'reinger.keven','mozd','Beau Hegmann','1976-02-07','vmcclure@example.net',1),(5,'irwin.herzog','gjdf','Theresa Jakubowski','1993-10-06','swaniawski.emely@example.net',1),(6,'GP','123','Giorgallas Panagiotis','1999-06-14','gutmann.maryjane@example.com',1),(7,'cali.weissnat','afzf','Meredith Barton','2003-11-22','adeline.klocko@example.com',1),(8,'christ','123','Tressa Rath','2004-04-16','uchristiansen@example.net',1),(9,'miracle.schinner','kxse','Emmanuelle Thiel I','1998-06-18','melyssa58@example.com',1),(10,'vcruickshank','kvae','Darrin Bednar','2008-06-08','ewald58@example.com',1),(11,'stamm.jannie','gyia','Wendy Mraz I','1987-02-02','yasmeen63@example.org',1),(12,'otha78','ncsk','Hilton Will','1982-03-15','qlemke@example.org',1),(13,'eulalia63','tiys','Miss Sheila Shields IV','1999-05-02','marshall11@example.net',1),(14,'javier80','nxza','Prof. Gerardo Schaden','1975-11-05','lmorissette@example.net',1),(15,'bankunding','axym','Claudia King','2007-10-20','kareem.fritsch@example.org',1),(16,'alysha.reilly','jlkq','Ronny Terry','1984-06-17','gilbert11@example.org',1),(17,'chris','123','Daniella Auer','1994-10-03','jast.jedidiah@example.com',1),(18,'paraskevas','123','Jerod Lebsack','2020-06-13','ortiz.carolina@example.com',1),(19,'jayde.wyman','ctad','Prof. Caitlyn Mayer IV','1994-10-07','jaquelin30@example.com',1),(20,'brett.auer','hnpa','Caroline Kunze','2018-05-17','klein.mariam@example.com',1),(21,'hermiston.janet','vpqf','Prof. Jazmyne Botsford','2022-11-05','roselyn81@example.com',1),(22,'armstrong.mylene','amgv','Felix Kuhn V','2011-02-26','lemke.lupe@example.com',1),(23,'cosinski','rkow','Carmen Kshlerin','1996-01-20','balistreri.gabriel@example.net',1),(24,'johanna38','xquj','Mr. Clark Funk II','2002-04-08','katelyn.abernathy@example.org',1),(25,'rocky45','xsxt','Eloy Schmitt V','2013-12-06','o\'kon.vidal@example.net',1),(26,'alfonso.schaden','kezw','Keira Hills','1999-01-31','kris.gordon@example.com',1),(27,'rhaag','oxlj','Heath Hyatt','2020-09-17','celia93@example.net',1),(28,'faye11','blzk','Prof. Albertha Veum','2014-06-01','yasmin34@example.net',1),(29,'parker.agustin','trjl','Prof. Hoyt Raynor II','2013-10-21','bhaag@example.net',1),(30,'abshire.eino','nnfr','Kattie Quitzon Jr.','2006-07-16','kitty.gorczany@example.com',1),(31,'kunde.kenyatta','pbzq','Rhett Treutel','1970-05-31','rose.thiel@example.com',1),(32,'pwilderman','padg','Leopoldo Beatty','2009-11-15','steuber.belle@example.com',1),(33,'eloisa.frami','uoto','Jeffery Luettgen','2015-02-10','camron.marvin@example.com',1),(34,'lola66','xdda','Prof. Arnaldo Hauck','1974-09-13','terry.lew@example.org',1),(35,'herman.heathcote','pkoe','Mr. Quinton Herzog IV','2007-09-05','claude.schumm@example.com',1),(36,'qjacobi','qsmf','Delbert Spencer','2022-05-18','bayer.jermey@example.com',1),(37,'rory80','vweg','Albina Jacobs','1973-01-16','enos02@example.net',1),(38,'gabriel31','bbqz','Thalia Gleichner','1999-09-26','pgoyette@example.com',1),(39,'tframi','lanu','Benjamin Stehr','1990-09-01','patience58@example.com',1),(40,'lorine10','jnvv','Dr. Monty McDermott DVM','2007-02-21','smann@example.net',1),(41,'domenica76','pifp','Dr. Lily Rodriguez','2003-03-02','frunte@example.com',1),(42,'phoebe.stamm','ydby','Pearl Botsford','2022-06-12','lkoss@example.com',1),(43,'balistreri.coralie','crno','Dee Howell PhD','1984-09-15','turcotte.jamaal@example.net',1),(44,'shields.antwon','qptx','Prof. Mara Erdman II','1984-01-10','bortiz@example.com',1),(45,'pfeffer.jalon','loal','Prof. Demario Kunde Jr.','1970-06-24','wstracke@example.org',1),(46,'vgreen','ioje','Fanny Deckow','2004-03-18','burnice07@example.net',1),(47,'chrism','123','Fanny Deckow','2004-03-18','burnice07@example.net',1);
/*!40000 ALTER TABLE `users` ENABLE KEYS */;
UNLOCK TABLES;
/*!40103 SET TIME_ZONE=@OLD_TIME_ZONE */;

/*!40101 SET SQL_MODE=@OLD_SQL_MODE */;
/*!40014 SET FOREIGN_KEY_CHECKS=@OLD_FOREIGN_KEY_CHECKS */;
/*!40014 SET UNIQUE_CHECKS=@OLD_UNIQUE_CHECKS */;
/*!40101 SET CHARACTER_SET_CLIENT=@OLD_CHARACTER_SET_CLIENT */;
/*!40101 SET CHARACTER_SET_RESULTS=@OLD_CHARACTER_SET_RESULTS */;
/*!40101 SET COLLATION_CONNECTION=@OLD_COLLATION_CONNECTION */;
/*!40111 SET SQL_NOTES=@OLD_SQL_NOTES */;

-- Dump completed on 2023-06-02  1:20:45
