-- MySQL dump 10.13  Distrib 8.0.33, for Win64 (x86_64)
--
-- Host: localhost    Database: library_project
-- ------------------------------------------------------
-- Server version	5.5.5-10.11.2-MariaDB

/*!40101 SET @OLD_CHARACTER_SET_CLIENT=@@CHARACTER_SET_CLIENT */;
/*!40101 SET @OLD_CHARACTER_SET_RESULTS=@@CHARACTER_SET_RESULTS */;
/*!40101 SET @OLD_COLLATION_CONNECTION=@@COLLATION_CONNECTION */;
/*!50503 SET NAMES utf8mb4 */;
/*!40103 SET @OLD_TIME_ZONE=@@TIME_ZONE */;
/*!40103 SET TIME_ZONE='+00:00' */;
/*!40014 SET @OLD_UNIQUE_CHECKS=@@UNIQUE_CHECKS, UNIQUE_CHECKS=0 */;
/*!40014 SET @OLD_FOREIGN_KEY_CHECKS=@@FOREIGN_KEY_CHECKS, FOREIGN_KEY_CHECKS=0 */;
/*!40101 SET @OLD_SQL_MODE=@@SQL_MODE, SQL_MODE='NO_AUTO_VALUE_ON_ZERO' */;
/*!40111 SET @OLD_SQL_NOTES=@@SQL_NOTES, SQL_NOTES=0 */;

--
-- Table structure for table `author`
--

DROP TABLE IF EXISTS `author`;
/*!40101 SET @saved_cs_client     = @@character_set_client */;
/*!50503 SET character_set_client = utf8mb4 */;
CREATE TABLE `author` (
  `author_id` int(4) NOT NULL AUTO_INCREMENT,
  `author_name` varchar(50) NOT NULL,
  PRIMARY KEY (`author_id`),
  KEY `idx_author_id` (`author_id`)
) ENGINE=InnoDB AUTO_INCREMENT=11 DEFAULT CHARSET=utf8mb4 COLLATE=utf8mb4_unicode_ci;
/*!40101 SET character_set_client = @saved_cs_client */;

--
-- Dumping data for table `author`
--

LOCK TABLES `author` WRITE;
/*!40000 ALTER TABLE `author` DISABLE KEYS */;
INSERT INTO `author` VALUES (1,'J.K. Rowling'),(2,'Stephen King'),(3,'Jane Austen'),(4,'George Orwell'),(5,'Ernest Hemingway'),(6,'Agatha Christie'),(7,'William Shakespeare'),(8,'Mark Twain'),(9,'Harper Lee'),(10,'Gabriel Garcia Marquez');
/*!40000 ALTER TABLE `author` ENABLE KEYS */;
UNLOCK TABLES;

--
-- Table structure for table `book`
--

DROP TABLE IF EXISTS `book`;
/*!40101 SET @saved_cs_client     = @@character_set_client */;
/*!50503 SET character_set_client = utf8mb4 */;
CREATE TABLE `book` (
  `isbn` char(13) NOT NULL,
  `title` varchar(50) NOT NULL,
  `publisher` varchar(50) NOT NULL,
  `pages` int(4) NOT NULL,
  `summary` varchar(255) NOT NULL,
  `book_language` varchar(20) NOT NULL,
  `keywords` varchar(100) NOT NULL,
  PRIMARY KEY (`isbn`),
  KEY `idx_isbn` (`isbn`)
) ENGINE=InnoDB DEFAULT CHARSET=utf8mb4 COLLATE=utf8mb4_unicode_ci;
/*!40101 SET character_set_client = @saved_cs_client */;

--
-- Dumping data for table `book`
--

LOCK TABLES `book` WRITE;
/*!40000 ALTER TABLE `book` DISABLE KEYS */;
INSERT INTO `book` VALUES ('1005266657916','Little Women','Simon & Schuster',908,'A chilling horror novel that explores the depths of human fear and the supernatural.','German','Philosophy'),('1200067081254','The Titan\'s Curse','Bloomsbury Publishing',700,'A humorous and witty memoir that takes you on a hilarious journey through the author\'s life.','Mandarin Chinese','Betrayal'),('1207587010164','The Great Gatsby','Penguin Random House',104,'An inspiring self-help book that provides practical advice for personal growth.','Dutch','Personal Growth, Psychological'),('1208178754022','The Jungle Book','Macmillan Publishers',268,'A heartwarming story of love, family, and the power of forgiveness.','French','Legal'),('1412238963946','Ender\'s Game','Macmillan Publishers',800,'A mesmerizing fantasy series with intricate world-building and epic battles.','Greek','Suspense'),('1436726745234','The Hobbit','Bloomsbury Publishing',333,'A mesmerizing historical fiction novel that brings a forgotten era to life.','Russian','Dystopia'),('1526365794747','A Storm of Swords','Abrams',992,'A captivating travel memoir that takes you on a journey of discovery.','English','Second Chances'),('1530409716070','The Last Battle','HarperCollins',221,'A chilling psychological suspense novel with an unreliable narrator.','Mandarin Chinese','Action, Coming of Age, Witches'),('1547465148881','The Fellowship of the Ring','Abrams',211,'A captivating historical drama that brings a pivotal moment in history to life.','Spanish','Exploration, Transformation'),('1565472624918','The Death Cure','Macmillan Publishers',679,'A mind-bending science fiction novel that challenges your perception of reality.','Korean','Heartbreak'),('1636152923242','Mockingjay','HarperCollins',573,'A poignant coming-of-age novel that explores the complexities of identity and self-discovery.','Mandarin Chinese','Historical'),('1646309964279','Speaker for the Dead','Pearson Education',442,'A thrilling spy thriller filled with international intrigue and suspense.','Italian','War, Motivation, Murder'),('1695536296474','Frankenstein','Pearson Education',275,'An insightful self-help book that offers practical strategies for personal growth and fulfillment.','Indonesian','Exploration'),('1699245491729','The Lion, the Witch, and the Wardrobe','Simon & Schuster',653,'A heartwarming story of love, family, and the power of forgiveness.','Polish','Inspirational'),('1889168116071','Robinson Crusoe','Simon & Schuster',255,'A captivating fantasy series filled with magic, adventure, and unforgettable characters.','English','Science Fiction, Psychological'),('1905228378814','The Magician\'s Nephew','Oxford University Press',587,'A gripping spy thriller filled with suspense, double-crossings, and international intrigue.','German','Mystery'),('1914197470420','The Wise Man\'s Fear','Bloomsbury Publishing',590,'A powerful memoir that chronicles the author\'s triumph over adversity and self-discovery.','Korean','Space, Second Chances, Dystopia'),('1926587829247','The Chronicles of Narnia','Wiley',546,'A mesmerizing historical fiction novel that brings a forgotten era to life.','Korean','Terrorism'),('1932583915995','The Chronicles of Narnia','Hachette Book Group',161,'An enchanting fairy tale retelling with a modern twist and a strong female protagonist.','Portuguese','Action'),('1934609639936','The Martian','Hachette Book Group',839,'A riveting adventure tale set in exotic locations around the world.','English','Historical, Intrigue, Coming of Age'),('1955017537851','The Sea of Monsters','Hachette Book Group',796,'An insightful self-help book that offers practical strategies for personal growth and fulfillment.','Korean','Self-Help, Humor'),('2088577728317','The Iliad','Allen & Unwin',903,'A chilling horror story that will keep you awake at night.','Portuguese','Biography, Deception'),('2110220953860','The Scarlet Letter','Abrams',397,'A poignant coming-of-age novel that explores the complexities of identity and self-discovery.','Japanese','Historical, Legal'),('2161191715079','The Book Thief','Simon & Schuster',513,'A gripping spy thriller filled with suspense, double-crossings, and international intrigue.','Greek','Werewolves'),('2209994595042','The Chronicles of Narnia','Hachette Book Group',722,'A gripping adventure novel set in a post-apocalyptic world.','Mandarin Chinese','Detective, Philosophy, Memoir'),('2236373350507','The Time Machine','Allen & Unwin',485,'A captivating historical drama that brings a pivotal moment in history to life.','Hungarian','Psychological'),('2240070539304','The Silver Chair','Macmillan Publishers',855,'An atmospheric mystery set in a remote and hauntingly beautiful location.','French','Quest'),('2271071533769','Ender\'s Game','Bloomsbury Publishing',740,'A heartwarming story of love, family, and the power of forgiveness.','English','Legal, Art'),('2305999485439','Sense and Sensibility','Cambridge University Press',633,'A gripping thriller that explores the dark side of human nature.','Arabic','Dystopia, Nature'),('2306254842720','Speaker for the Dead','Allen & Unwin',281,'A captivating historical fiction novel set in ancient Rome, filled with political intrigue and romance.','Italian','Mindfulness'),('2429401479687','Twenty Thousand Leagues Under the Sea','Vintage Books',628,'An atmospheric mystery set in a remote and hauntingly beautiful location.','Thai','Discovery, Post-Apocalyptic, Legal'),('2463678870540','The Lord of the Rings','Penguin Random House',232,'A mind-bending science fiction novel that challenges your perception of reality.','Japanese','Adventure, Animals, Autobiography'),('2467290856588','The Count of Monte Cristo','Oxford University Press',104,'A heartwarming romance that proves love can conquer all obstacles.','Danish','Love, Treasure Hunt'),('2524024045183','The Wise Man\'s Fear','Penguin Random House',450,'A gripping courtroom drama that keeps you guessing until the final verdict.','Russian','Murder, Robots, Identity'),('2706511566529','A Tale of Two Cities','Allen & Unwin',868,'A gripping adventure novel set in a post-apocalyptic world.','Turkish','Fantasy'),('2807865103474','The Maze Runner','Bloomsbury Publishing',662,'An engrossing thriller that explores the dark side of the human psyche.','Spanish','Space'),('3089563309199','Harry Potter and the Goblet of Fire','Bloomsbury Publishing',880,'A captivating historical romance that sweeps you away to a bygone era.','French','Personal Growth, Action, Environment'),('3104623812028','The Lion, the Witch, and the Wardrobe','Cambridge University Press',457,'A mesmerizing historical fiction novel that brings a forgotten era to life.','Portuguese','War'),('3123203435349','A Clash of Kings','Chronicle Books',961,'A mesmerizing historical fiction novel that brings a forgotten era to life.','Russian','Technology'),('3168617182847','Dracula','Oxford University Press',675,'A deeply moving poetry collection that explores themes of love, loss, and resilience.','Hebrew','Witches'),('3205923051430','Children of the Mind','Allen & Unwin',82,'An exhilarating sports novel that delves into the competitive world of professional athletes.','Czech','Time Travel, Revenge'),('3373597292157','Adventures of Sherlock Holmes','Cambridge University Press',826,'A poignant memoir that offers a candid glimpse into the author\'s personal struggles.','Hindi','Contemporary, Vampires'),('3486572943459','Prince Caspian','HarperCollins',815,'A thought-provoking literary fiction novel that explores the complexities of human relationships.','Arabic','Success, Adventure, Identity'),('3600600362133','A Dance with Dragons','Penguin Random House',229,'A chilling horror novel that explores the depths of human fear and the supernatural.','Swedish','Redemption, Crime, Espionage'),('3624477914017','Harry Potter and the Order of the Phoenix','Penguin Random House',605,'A heartwrenching tale of love, loss, and the resilience of the human spirit.','Thai','Historical Romance, Space'),('3767200285326','The Sea of Monsters','Scholastic Corporation',266,'A heartwarming story of love and resilience in the face of adversity.','Vietnamese','Adventure'),('3894601703219','The Battle of the Labyrinth','Chronicle Books',257,'A chilling psychological suspense novel with an unreliable narrator.','Hindi','Zombies'),('4022437599834','The Two Towers','Oxford University Press',590,'A moving story of love and loss that will tug at your heartstrings.','Spanish','Dystopia'),('4063896675423','Hamlet','Allen & Unwin',100,'A thought-provoking science fiction story that delves into the ethical implications of advanced technology.','Turkish','Romance'),('4133884598898','Electromagnetic Fields A','Wiley',431,'A riveting mystery novel that keeps you guessing until the final revelation.','Dutch','Conspiracy, Crime, Thriller'),('4205327113021','Anna Karenina','Chronicle Books',137,'A riveting adventure tale set in exotic locations around the world.','French','Werewolves'),('4265967985615','Moby Dick','HarperCollins',449,'A thought-provoking literary fiction novel that explores the complexities of human relationships.','Hindi','Witches, Second Chances, Renaissance'),('4323311728260','Harry Potter and the Deathly Hallows','Oxford University Press',76,'An exhilarating sports novel that delves into the competitive world of professional athletes.','Dutch','Supernatural, Quest, Victorian Era'),('4379844123531','Allegiant','Scholastic Corporation',53,'An epic fantasy adventure that follows a young hero on a quest to save the world from an ancient evil.','Hungarian','Comedy, Romance'),('4519549047842','The Last Olympian','Abrams',173,'A thought-provoking dystopian thriller that questions the nature of humanity.','Vietnamese','Travel'),('4580456346669','Divergent','Vintage Books',505,'A chilling psychological suspense novel with an unreliable narrator.','Japanese','Motivation'),('4605134722128','Xenocide','Simon & Schuster',704,'A poignant memoir that shares the author\'s personal journey of self-discovery and acceptance.','Korean','Environment, Music'),('4626131242973','Brave New World','Scholastic Corporation',222,'A poignant coming-of-age novel that explores the complexities of identity and self-discovery.','Danish','Art, Environment, Science Fiction'),('4667673466467','The Great Gatsby','HarperCollins',643,'A poignant memoir that offers a candid glimpse into the author\'s personal struggles.','Dutch','Victorian Era'),('4677531936068','Words of Radiance','Hachette Book Group',110,'An epic fantasy adventure that follows a young hero on a quest to save the world from an ancient evil.','Hebrew','Political, Terrorism'),('4750600707671','Catching Fire','Oxford University Press',96,'A thought-provoking science fiction story that delves into the ethical implications of advanced technology.','Thai','Religion'),('4750881071087','Gulliver\'s Travels','Scholastic Corporation',784,'A thought-provoking philosophical novel that explores existential questions.','Hebrew','Self-Help, Motivation, Success'),('4814666188728','The Odyssey','Chronicle Books',140,'A captivating mystery novel with a complex puzzle waiting to be solved.','French','Legal'),('4832696954486','The Voyage of the Dawn Treader','HarperCollins',208,'A gripping adventure novel set in a post-apocalyptic world.','French','Quest'),('4868868234003','To Kill a Mockingbird','Pearson Education',75,'A mesmerizing fantasy series with intricate world-building and epic battles.','Turkish','Hope'),('4904945608636','Rhythm of War','HarperCollins',223,'A thrilling crime fiction novel with a charismatic detective at the center.','French','Heartbreak'),('4957681394220','Insurgent','Hachette Book Group',395,'A mesmerizing historical fiction novel that brings a forgotten era to life.','Italian','Biography'),('5005854205534','The Adventures of Pinocchio','Scholastic Corporation',986,'A captivating non-fiction book that sheds light on a little-known historical event.','Thai','Animals, Music, Werewolves'),('5042770078771','The Scorch Trials','Simon & Schuster',832,'A powerful memoir that sheds light on a pressing social issue.','Vietnamese','Treasure Hunt, Intrigue'),('5082997519265','Children of the Mind','Bloomsbury Publishing',155,'A heartwarming children\'s book about the magic of imagination and friendship.','Hindi','Political'),('5230459724465','Fahrenheit 451','Bloomsbury Publishing',550,'A powerful memoir that sheds light on a pressing social issue.','Turkish','Suspense'),('5258814807899','Brave New World','Scholastic Corporation',213,'A thrilling crime fiction novel with a charismatic detective at the center.','Italian','Discovery, Romance, Romance'),('5299618779563','Jane Eyre','Oxford University Press',877,'A captivating fantasy series filled with magic, adventure, and unforgettable characters.','Italian','Ancient Civilization, Loss, Robots'),('5327893813501','The Maze Runner','Oxford University Press',787,'A gripping courtroom thriller that keeps you guessing until the final verdict.','German','Food, Courage'),('5329490649624','The Call of the Wild','Vintage Books',200,'A heartwarming romance that proves love can conquer all obstacles.','Russian','Redemption'),('5350140264903','A Storm of Swords','Chronicle Books',484,'A heartwarming story of love, family, and the power of forgiveness.','Indonesian','Self-Help'),('5564135820433','Gone Girl','Allen & Unwin',987,'A captivating mystery novel with a complex puzzle waiting to be solved.','Danish','Psychological, Contemporary, Music'),('5618426303115','A Dance with Dragons','Chronicle Books',983,'A captivating mystery novel with a strong female detective at the helm.','Portuguese','Loss, Biography, Autobiography'),('5701481617000','The Fault in Our Stars','Chronicle Books',59,'A gripping war novel that explores the impact of conflict on ordinary people.','Vietnamese','Loss, Motivation'),('5708274807325','The Fellowship of the Ring','Simon & Schuster',769,'A captivating historical fiction novel set in ancient Rome, filled with political intrigue and romance.','Hungarian','Self-Help'),('5765134342372','Crime and Punishment','Chronicle Books',96,'An inspiring memoir that chronicles the author\'s extraordinary journey of overcoming obstacles.','Indonesian','Redemption, Zombies'),('5866207066990','The Adventures of Huckleberry Finn','HarperCollins',121,'An enchanting fairy tale retelling with a modern twist and a strong female protagonist.','French','Medicine, Action'),('5988894110631','The Silver Chair','HarperCollins',50,'A mind-bending science fiction novel that challenges your perception of reality.','Japanese','Coming of Age'),('6042708524563','The Lightning Thief','Wiley',829,'A thought-provoking science fiction story that delves into the ethical implications of advanced technology.','Arabic','Memoir, Family, Self-Help'),('6051961753024','Mansfield Park','Macmillan Publishers',579,'A gripping adventure novel set in a post-apocalyptic world.','Polish','Technology, Travel, Supernatural'),('6059063908818','Peter Pan','Hachette Book Group',727,'A captivating young adult novel that tackles important social issues with sensitivity.','German','Dystopia'),('6103698571126','Pride and Prejudice','Allen & Unwin',933,'A humorous and witty memoir that takes you on a hilarious journey through the author\'s life.','Vietnamese','Satire, Ghosts, Dystopia'),('6116812718785','A Game of Thrones','HarperCollins',340,'A poignant coming-of-age novel that explores the complexities of identity and self-discovery.','Portuguese','Contemporary Romance, Heartbreak, Loss'),('6290438103408','The Fault in Our Stars','Allen & Unwin',261,'A captivating mystery novel with a strong female detective at the helm.','German','Coming of Age, Science Fiction'),('6328734102011','Ready Player One','Macmillan Publishers',60,'A powerful memoir that sheds light on a pressing social issue.','Hungarian','Ancient Civilization'),('6373506215818','Divergent','Vintage Books',298,'An exhilarating sports novel that delves into the competitive world of professional athletes.','English','Satire'),('6384291966713','A Feast for Crows','Pearson Education',420,'An enchanting fairy tale retelling with a modern twist and a strong female protagonist.','Polish','Redemption'),('6394480590683','Alice\'s Adventures in Wonderland','Allen & Unwin',276,'A captivating science fiction epic that spans galaxies and explores the mysteries of the universe.','English','Revenge, Courage, Zombies'),('6419564253911','The Slow Regard of Silent Things','Pearson Education',217,'A captivating fantasy series filled with magic, adventure, and unforgettable characters.','Swedish','Comedy, Deception'),('6546393799368','Harry Potter and the Half-Blood Prince','Chronicle Books',878,'A deeply moving poetry collection that explores themes of love, loss, and resilience.','Portuguese','Historical Romance, Transformation'),('6553202857926','The Alchemist','Abrams',743,'A captivating fantasy series filled with magic, adventure, and unforgettable characters.','Spanish','Forbidden Love, Secrets'),('6604827219110','The Catcher in the Rye','Pearson Education',727,'A mind-bending sci-fi thriller that challenges the boundaries of reality.','Czech','Loss'),('6672548681931','The Slow Regard of Silent Things','Macmillan Publishers',58,'A chilling horror story that will keep you awake at night.','Swedish','Satire'),('6680044084985','The Adventures of Tom Sawyer','Cambridge University Press',849,'A gripping spy thriller filled with suspense, double-crossings, and international intrigue.','Hungarian','Medicine, Technology, Spirituality'),('6735085920782','The Name of the Wind','Penguin Random House',869,'A laugh-out-loud comedy that will leave you in stitches.','English','Discovery, Hope'),('6757577367268','The Odyssey','HarperCollins',728,'A captivating historical drama that brings a pivotal moment in history to life.','Russian','Transformation, Secrets, Robots'),('6835260862610','The Girl with the Dragon Tattoo','Cambridge University Press',859,'An inspiring self-help book that provides practical advice for personal growth.','Dutch','Action'),('6844276942955','The Picture of Dorian Gray','HarperCollins',772,'A gripping adventure novel set in a post-apocalyptic world.','Mandarin Chinese','Psychological, Regency, Zombies'),('6951736703988','The Death Cure','Scholastic Corporation',358,'A captivating young adult novel that tackles important social issues with sensitivity.','Vietnamese','Exploration, Zombies, Thriller'),('6978313272952','The Voyage of the Dawn Treader','Bloomsbury Publishing',745,'A heartwrenching love story set against the backdrop of a war-torn country.','Arabic','Cooking, Heartbreak, Humor'),('7004627409013','War and Peace','Vintage Books',142,'An atmospheric mystery set in a remote and hauntingly beautiful location.','French','Psychological, Romance'),('7041207035223','The Lightning Thief','Cambridge University Press',204,'An enchanting fairy tale retelling with a modern twist and a strong female protagonist.','Turkish','Ghosts, Exploration'),('7232222014135','A Clash of Kings','Simon & Schuster',226,'A humorous and witty memoir that takes you on a hilarious journey through the author\'s life.','Dutch','Serial Killer'),('7318263390977','The Way of Kings','Penguin Random House',304,'A spellbinding supernatural thriller that will keep you up all night.','Indonesian','Family'),('7323825600122','The Way of Kings','Macmillan Publishers',842,'A heartwrenching tale of love, loss, and the resilience of the human spirit.','Danish','Satire'),('7336381692904','Macbeth','Vintage Books',610,'A captivating non-fiction book that sheds light on a little-known historical event.','Hebrew','Vampires'),('7364866055807','The Help','Abrams',303,'A captivating mystery novel with a strong female detective at the helm.','Greek','Forbidden Love'),('7386221609211','The Book Thief','Chronicle Books',106,'A captivating mystery novel with a strong female detective at the helm.','Dutch','Mindfulness, Werewolves'),('7404829504513','One Hundred Years of Solitude','Wiley',894,'A thought-provoking dystopian novel that explores the consequences of societal control.','Thai','Discovery, Secrets, Family'),('7418329670106','Persuasion','Pearson Education',311,'A captivating mystery novel with a complex puzzle waiting to be solved.','Romanian','Serial Killer'),('7425484677285','The Help','Bloomsbury Publishing',955,'An inspiring memoir that chronicles the author\'s extraordinary journey of overcoming obstacles.','Korean','Witches, World War II, Legal'),('7478619458908','Rhythm of War','Cambridge University Press',811,'A mind-bending science fiction novel that challenges your perception of reality.','Danish','Deception, Forbidden Love, Suspense'),('7500194860222','Lord of the Flies','Penguin Random House',952,'A poignant novel about family, forgiveness, and the power of second chances.','Polish','Science Fiction, Biography, Religion'),('7531926359058','The Wind in the Willows','Oxford University Press',89,'A mesmerizing fantasy series with intricate world-building and epic battles.','Polish','Heartbreak, Secrets'),('7546980348501','Catching Fire','Scholastic Corporation',380,'A gripping psychological thriller that explores the depths of human obsession.','Swedish','Technology'),('7583850922016','The Horse and His Boy','Cambridge University Press',330,'A thrilling crime fiction novel with a twisty plot and memorable characters.','Polish','Motivation, Treasure Hunt, Treasure Hunt'),('7604247901700','The Lord of the Rings','Wiley',697,'A chilling psychological suspense novel with an unreliable narrator.','Italian','Spirituality, Love, Fantasy'),('7621548463494','Prince Caspian','Vintage Books',803,'A heartwrenching tale of friendship and loyalty set in a magical realm.','Arabic','Serial Killer'),('7674551028699','To Kill a Mockingbird','Cambridge University Press',682,'A mind-bending science fiction novel that challenges your perception of reality.','English','Exploration, Family'),('7689513291998','Allegiant','Penguin Random House',145,'A captivating historical mystery that unravels secrets from the past.','Korean','Adventure'),('7759140828810','The Hobbit','Wiley',831,'A captivating non-fiction book that sheds light on an intriguing historical event.','Hungarian','Murder'),('7782008331245','A Feast for Crows','Pearson Education',804,'A heartwarming children\'s book about the magic of imagination and friendship.','Vietnamese','Zombies, Secrets, Autobiography'),('7816355491665','The War of the Worlds','Cambridge University Press',409,'A humorous and witty satire that offers a sharp critique of modern society.','Dutch','Religion'),('7900840792776','Don Quixote','Scholastic Corporation',185,'A chilling psychological suspense novel with an unreliable narrator.','Thai','Robots'),('7914753651502','Harry Potter and the Prisoner of Azkaban','Hachette Book Group',183,'A thrilling psychological thriller that keeps you guessing until the very last page.','Czech','Suspense'),('8076469364664','Words of Radiance','HarperCollins',463,'A riveting mystery novel that keeps you guessing until the final revelation.','Romanian','Environment, Mindfulness'),('8101252304647','Harry Potter and the Chamber of Secrets','Chronicle Books',669,'A heartwarming children\'s book about the importance of kindness and empathy.','Turkish','Quest, Memoir'),('8190271139139','1984','HarperCollins',984,'A mesmerizing historical fiction novel that brings a forgotten era to life.','Greek','Survival, Exploration, Conspiracy'),('8192809592504','Gone with the Wind','Hachette Book Group',141,'A heartwarming story of friendship and courage as a group of misfits embark on a daring journey.','English','Autobiography'),('8237259472345','The Name of the Wind','Hachette Book Group',190,'A spellbinding supernatural thriller that will keep you up all night.','Japanese','Ancient Civilization'),('8349986949489','The Girl with the Dragon Tattoo','Abrams',989,'A humorous and witty satire that offers a sharp critique of modern society.','Hungarian','Fantasy'),('8375039900890','Moby Dick','Hachette Book Group',353,'An exhilarating sports novel that delves into the competitive world of professional athletes.','Vietnamese','Memoir'),('8420109646170','The Return of the King','Wiley',462,'A chilling psychological suspense novel with an unreliable narrator.','Polish','Cooking'),('8425613810163','The Two Towers','Macmillan Publishers',963,'An exhilarating sports novel that delves into the competitive world of professional athletes.','Vietnamese','Treasure Hunt, Science Fiction'),('8450753779361','The Scorch Trials','Penguin Random House',606,'A laugh-out-loud comedy that will leave you in stitches.','Dutch','Zombies'),('8480137002386','Pride and Prejudice','Abrams',333,'A deeply moving poetry collection that explores themes of love, loss, and resilience.','Danish','Autobiography'),('8569205018819','1984','Chronicle Books',898,'A thrilling psychological thriller that keeps you guessing until the very last page.','Arabic','Space, Redemption, Art'),('8666274373630','The Titan\'s Curse','Abrams',184,'A mesmerizing fantasy series with intricate world-building and epic battles.','German','Family, Zombies, Art'),('8722157022790','Animal Farm','Abrams',677,'A laugh-out-loud comedy that will leave you in stitches.','Russian','Serial Killer'),('8763405957264','Alice\'s Adventures in Wonderland','Chronicle Books',858,'An inspiring self-help book that provides practical advice for personal growth.','Czech','Regency, Courage'),('8854883799967','The Last Battle','Macmillan Publishers',271,'A captivating travelogue that takes you on an adventure around the world.','Swedish','Forbidden Love'),('8872697196493','The Hunger Games','Allen & Unwin',144,'A heartwrenching tale of friendship and loyalty set in a magical realm.','Dutch','World War II, Revenge'),('8931078177943','The Return of the King','HarperCollins',593,'A humorous and witty satire that offers a sharp critique of modern society.','Arabic','Discovery, Sports'),('8953467198286','Ready Player One','Macmillan Publishers',891,'A powerful memoir that sheds light on a pressing social issue.','English','World War II'),('8964868935807','Treasure Island','Bloomsbury Publishing',146,'A poignant coming-of-age novel that explores the complexities of identity and self-discovery.','Japanese','Sports, Suspense'),('8987538486697','Charlotte\'s Web','Vintage Books',691,'A poignant coming-of-age novel that explores the complexities of identity and self-discovery.','Arabic','Historical, Ghosts, Travel'),('9031144463262','The Magician\'s Nephew','Hachette Book Group',471,'A mesmerizing historical fiction novel that brings a forgotten era to life.','Russian','Heartbreak'),('9050377382094','The Martian','Cambridge University Press',692,'A gripping spy thriller filled with suspense, double-crossings, and international intrigue.','Czech','Identity'),('9124225416077','Around the World in Eighty Days','Hachette Book Group',661,'A gripping mystery novel with twists and turns that will keep you on the edge of your seat.','English','Romance'),('9141930245818','The Hunger Games','Macmillan Publishers',746,'A heartwrenching love story set against the backdrop of a war-torn country.','Korean','Inspirational, Science Fiction'),('9239056246717','Harry Potter and the Sorcerer\'s Stone','Simon & Schuster',833,'An engrossing thriller that explores the dark side of the human psyche.','Hindi','Philosophy, Inspirational, Courage'),('9260462577306','Emma','Hachette Book Group',573,'A heartwarming story of love, family, and the power of forgiveness.','French','Exploration'),('9268456015446','The Secret Garden','Hachette Book Group',676,'A powerful memoir that chronicles the author\'s triumph over adversity and self-discovery.','English','Comedy'),('9318332103267','Mockingjay','Simon & Schuster',490,'A thought-provoking dystopian thriller that questions the nature of humanity.','Romanian','Intrigue'),('9319158106790','Gone Girl','Bloomsbury Publishing',902,'A moving story of love and loss that will tug at your heartstrings.','Vietnamese','Nature, Motivation'),('9365682719864','Les Misérables','Vintage Books',237,'A gripping adventure novel set in a post-apocalyptic world.','Romanian','Sports, Personal Growth, Fantasy'),('9420844907263','A Journey to the Center of the Earth','Chronicle Books',156,'An exhilarating sports novel that delves into the competitive world of professional athletes.','Arabic','Romance, Environment'),('9428968038546','The Divine Comedy','Simon & Schuster',506,'A mesmerizing historical fiction novel that brings a forgotten era to life.','Polish','Ancient Civilization, Biography, Transformation'),('9431806355810','The Da Vinci Code','HarperCollins',647,'A captivating historical drama that brings a pivotal moment in history to life.','Hebrew','Transformation'),('9455200205190','Insurgent','Hachette Book Group',574,'A poignant memoir that offers a candid glimpse into the author\'s personal struggles.','Vietnamese','Contemporary Romance, Animals, Espionage'),('9545808685856','The Hound of the Baskervilles','Oxford University Press',422,'A thought-provoking literary fiction that delves into complex themes of identity and belonging.','Russian','Contemporary'),('9628494895929','The Wizard of Oz','Abrams',794,'A heartwarming children\'s book about the importance of kindness and empathy.','Thai','Autobiography, Contemporary, Secrets'),('9687617068240','Oathbringer','Allen & Unwin',187,'A captivating historical fiction novel set in ancient Rome, filled with political intrigue and romance.','English','Vampires, Dystopia, Romance'),('9820552893564','The Horse and His Boy','Cambridge University Press',204,'A gripping mystery novel with twists and turns that will keep you on the edge of your seat.','Japanese','Satire, Art'),('9868579959328','Wuthering Heights','Cambridge University Press',212,'An exhilarating sports novel that delves into the competitive world of professional athletes.','French','Transformation'),('9959291370688','Xenocide','Vintage Books',286,'A heartwarming story of love, family, and the power of forgiveness.','Romanian','Werewolves, Renaissance, Forbidden Love'),('9959534219707','The Catcher in the Rye','Simon & Schuster',131,'An insightful biography that offers a glimpse into the life of a remarkable individual.','Arabic','Personal Growth, Spirituality'),('9988597201443','A Game of Thrones','Vintage Books',738,'A page-turning mystery set in a quaint small town with a shocking twist.','Italian','Victorian Era, Dystopia'),('9990414428914','The Lion, the Witch, and the Wardrobe','Allen & Unwin',955,'A chilling psychological suspense novel with an unreliable narrator.','Mandarin Chinese','Redemption');
/*!40000 ALTER TABLE `book` ENABLE KEYS */;
UNLOCK TABLES;

--
-- Table structure for table `book_author`
--

DROP TABLE IF EXISTS `book_author`;
/*!40101 SET @saved_cs_client     = @@character_set_client */;
/*!50503 SET character_set_client = utf8mb4 */;
CREATE TABLE `book_author` (
  `isbn` char(13) NOT NULL,
  `author_id` int(4) NOT NULL,
  PRIMARY KEY (`isbn`,`author_id`),
  KEY `idx_book_author_isbn` (`isbn`),
  KEY `idx_book_author_author_id` (`author_id`),
  CONSTRAINT `author_info` FOREIGN KEY (`author_id`) REFERENCES `author` (`author_id`) ON DELETE CASCADE ON UPDATE CASCADE,
  CONSTRAINT `author_wrote_book` FOREIGN KEY (`isbn`) REFERENCES `book` (`isbn`) ON DELETE CASCADE ON UPDATE CASCADE
) ENGINE=InnoDB DEFAULT CHARSET=utf8mb4 COLLATE=utf8mb4_unicode_ci;
/*!40101 SET character_set_client = @saved_cs_client */;

--
-- Dumping data for table `book_author`
--

LOCK TABLES `book_author` WRITE;
/*!40000 ALTER TABLE `book_author` DISABLE KEYS */;
INSERT INTO `book_author` VALUES ('1005266657916',2),('1005266657916',10),('1200067081254',6),('1207587010164',9),('1208178754022',5),('1412238963946',10),('1436726745234',7),('1526365794747',10),('1530409716070',6),('1547465148881',2),('1547465148881',7),('1565472624918',7),('1636152923242',9),('1646309964279',8),('1646309964279',10),('1695536296474',7),('1699245491729',3),('1889168116071',6),('1889168116071',10),('1905228378814',8),('1914197470420',9),('1926587829247',2),('1932583915995',7),('1932583915995',8),('1934609639936',1),('1934609639936',8),('1955017537851',7),('2088577728317',5),('2088577728317',9),('2110220953860',5),('2161191715079',4),('2161191715079',5),('2209994595042',3),('2209994595042',10),('2236373350507',2),('2236373350507',5),('2240070539304',7),('2271071533769',3),('2305999485439',3),('2306254842720',5),('2306254842720',7),('2429401479687',8),('2429401479687',10),('2463678870540',9),('2467290856588',5),('2524024045183',9),('2706511566529',2),('2706511566529',3),('2807865103474',4),('2807865103474',5),('3089563309199',6),('3089563309199',10),('3104623812028',7),('3104623812028',8),('3123203435349',8),('3123203435349',10),('3168617182847',10),('3205923051430',3),('3373597292157',2),('3373597292157',6),('3486572943459',4),('3486572943459',6),('3600600362133',1),('3624477914017',6),('3767200285326',2),('3767200285326',7),('3894601703219',2),('3894601703219',10),('4022437599834',1),('4022437599834',6),('4063896675423',2),('4133884598898',4),('4133884598898',10),('4205327113021',9),('4265967985615',4),('4265967985615',5),('4323311728260',5),('4323311728260',7),('4379844123531',6),('4379844123531',8),('4519549047842',4),('4519549047842',7),('4580456346669',8),('4605134722128',3),('4626131242973',4),('4667673466467',6),('4667673466467',7),('4677531936068',1),('4750600707671',3),('4750881071087',1),('4750881071087',7),('4814666188728',1),('4832696954486',3),('4868868234003',4),('4868868234003',6),('4904945608636',6),('4904945608636',10),('4957681394220',2),('5005854205534',1),('5005854205534',9),('5042770078771',3),('5042770078771',4),('5082997519265',2),('5082997519265',4),('5230459724465',7),('5230459724465',10),('5258814807899',7),('5299618779563',7),('5299618779563',8),('5327893813501',1),('5329490649624',6),('5329490649624',9),('5350140264903',4),('5564135820433',8),('5618426303115',8),('5701481617000',1),('5708274807325',4),('5765134342372',8),('5866207066990',3),('5866207066990',4),('5988894110631',9),('6042708524563',6),('6042708524563',10),('6051961753024',4),('6051961753024',9),('6059063908818',2),('6059063908818',10),('6103698571126',3),('6103698571126',8),('6116812718785',9),('6290438103408',2),('6290438103408',9),('6328734102011',1),('6328734102011',9),('6373506215818',9),('6373506215818',10),('6384291966713',2),('6394480590683',8),('6419564253911',3),('6546393799368',9),('6553202857926',4),('6553202857926',10),('6604827219110',7),('6672548681931',3),('6672548681931',6),('6680044084985',5),('6680044084985',8),('6735085920782',3),('6757577367268',6),('6757577367268',10),('6835260862610',4),('6835260862610',10),('6844276942955',2),('6844276942955',9),('6951736703988',8),('6978313272952',4),('6978313272952',10),('7004627409013',3),('7004627409013',8),('7041207035223',2),('7232222014135',7),('7318263390977',8),('7323825600122',4),('7323825600122',6),('7336381692904',5),('7364866055807',5),('7386221609211',10),('7404829504513',10),('7418329670106',1),('7425484677285',2),('7425484677285',10),('7478619458908',10),('7500194860222',7),('7500194860222',8),('7531926359058',7),('7546980348501',3),('7546980348501',9),('7583850922016',9),('7604247901700',4),('7604247901700',8),('7621548463494',6),('7621548463494',8),('7674551028699',3),('7689513291998',4),('7689513291998',5),('7759140828810',7),('7759140828810',10),('7782008331245',5),('7782008331245',7),('7816355491665',2),('7816355491665',9),('7900840792776',1),('7914753651502',8),('7914753651502',10),('8076469364664',4),('8101252304647',6),('8190271139139',10),('8192809592504',10),('8237259472345',7),('8237259472345',9),('8349986949489',1),('8349986949489',3),('8375039900890',1),('8375039900890',9),('8420109646170',8),('8425613810163',5),('8425613810163',10),('8450753779361',1),('8450753779361',10),('8480137002386',8),('8569205018819',7),('8666274373630',5),('8722157022790',3),('8763405957264',1),('8763405957264',5),('8854883799967',7),('8872697196493',6),('8872697196493',8),('8931078177943',1),('8931078177943',9),('8953467198286',3),('8964868935807',9),('8987538486697',9),('9031144463262',3),('9050377382094',4),('9050377382094',10),('9124225416077',6),('9141930245818',5),('9239056246717',6),('9260462577306',1),('9260462577306',4),('9268456015446',5),('9268456015446',9),('9318332103267',3),('9319158106790',6),('9319158106790',7),('9365682719864',2),('9420844907263',2),('9420844907263',6),('9428968038546',6),('9431806355810',10),('9455200205190',1),('9455200205190',4),('9545808685856',6),('9545808685856',10),('9628494895929',5),('9687617068240',4),('9687617068240',7),('9820552893564',5),('9868579959328',7),('9959291370688',8),('9959534219707',6),('9959534219707',9),('9988597201443',3),('9990414428914',1),('9990414428914',6);
/*!40000 ALTER TABLE `book_author` ENABLE KEYS */;
UNLOCK TABLES;

--
-- Table structure for table `book_category`
--

DROP TABLE IF EXISTS `book_category`;
/*!40101 SET @saved_cs_client     = @@character_set_client */;
/*!50503 SET character_set_client = utf8mb4 */;
CREATE TABLE `book_category` (
  `isbn` char(13) NOT NULL,
  `category_id` int(3) NOT NULL,
  PRIMARY KEY (`isbn`,`category_id`),
  KEY `idx_book_category_isbn` (`isbn`),
  KEY `idx_book_category_category_id` (`category_id`),
  CONSTRAINT `book_belongs_to_category` FOREIGN KEY (`isbn`) REFERENCES `book` (`isbn`) ON DELETE CASCADE ON UPDATE CASCADE,
  CONSTRAINT `category_info` FOREIGN KEY (`category_id`) REFERENCES `category` (`category_id`) ON DELETE CASCADE ON UPDATE CASCADE
) ENGINE=InnoDB DEFAULT CHARSET=utf8mb4 COLLATE=utf8mb4_unicode_ci;
/*!40101 SET character_set_client = @saved_cs_client */;

--
-- Dumping data for table `book_category`
--

LOCK TABLES `book_category` WRITE;
/*!40000 ALTER TABLE `book_category` DISABLE KEYS */;
INSERT INTO `book_category` VALUES ('1005266657916',3),('1005266657916',6),('1200067081254',4),('1207587010164',4),('1208178754022',2),('1208178754022',7),('1412238963946',6),('1436726745234',4),('1436726745234',9),('1526365794747',7),('1530409716070',5),('1547465148881',3),('1547465148881',6),('1565472624918',8),('1636152923242',8),('1636152923242',10),('1646309964279',10),('1695536296474',4),('1699245491729',4),('1699245491729',7),('1889168116071',7),('1905228378814',7),('1905228378814',8),('1914197470420',1),('1926587829247',6),('1926587829247',10),('1932583915995',3),('1932583915995',10),('1934609639936',3),('1955017537851',4),('1955017537851',6),('2088577728317',2),('2088577728317',7),('2110220953860',6),('2161191715079',4),('2161191715079',8),('2209994595042',9),('2236373350507',2),('2236373350507',6),('2240070539304',1),('2240070539304',6),('2271071533769',6),('2305999485439',7),('2305999485439',9),('2306254842720',5),('2306254842720',9),('2429401479687',1),('2429401479687',5),('2463678870540',5),('2467290856588',4),('2467290856588',8),('2524024045183',2),('2524024045183',5),('2706511566529',4),('2706511566529',9),('2807865103474',8),('3089563309199',3),('3089563309199',9),('3104623812028',1),('3104623812028',2),('3123203435349',1),('3123203435349',10),('3168617182847',3),('3168617182847',5),('3205923051430',4),('3373597292157',4),('3486572943459',2),('3486572943459',4),('3600600362133',9),('3624477914017',5),('3624477914017',10),('3767200285326',2),('3767200285326',6),('3894601703219',9),('4022437599834',3),('4022437599834',8),('4063896675423',6),('4063896675423',10),('4133884598898',8),('4133884598898',10),('4205327113021',1),('4205327113021',2),('4265967985615',9),('4323311728260',7),('4379844123531',4),('4379844123531',9),('4519549047842',2),('4519549047842',5),('4580456346669',7),('4580456346669',10),('4605134722128',2),('4626131242973',1),('4667673466467',2),('4677531936068',1),('4677531936068',9),('4750600707671',7),('4750881071087',9),('4814666188728',4),('4832696954486',8),('4868868234003',8),('4868868234003',10),('4904945608636',2),('4957681394220',8),('5005854205534',2),('5005854205534',4),('5042770078771',2),('5042770078771',4),('5082997519265',4),('5082997519265',7),('5230459724465',3),('5230459724465',5),('5258814807899',9),('5258814807899',10),('5299618779563',3),('5327893813501',2),('5327893813501',9),('5329490649624',4),('5350140264903',3),('5350140264903',9),('5564135820433',2),('5564135820433',7),('5618426303115',2),('5618426303115',7),('5701481617000',3),('5701481617000',7),('5708274807325',5),('5765134342372',8),('5866207066990',3),('5866207066990',8),('5988894110631',6),('5988894110631',9),('6042708524563',1),('6042708524563',4),('6051961753024',7),('6059063908818',4),('6059063908818',8),('6103698571126',2),('6116812718785',8),('6116812718785',9),('6290438103408',2),('6290438103408',7),('6328734102011',5),('6328734102011',6),('6373506215818',4),('6384291966713',2),('6384291966713',3),('6394480590683',3),('6394480590683',4),('6419564253911',8),('6546393799368',1),('6546393799368',3),('6553202857926',3),('6553202857926',10),('6604827219110',10),('6672548681931',3),('6672548681931',8),('6680044084985',7),('6680044084985',10),('6735085920782',3),('6735085920782',6),('6757577367268',8),('6757577367268',9),('6835260862610',3),('6835260862610',7),('6844276942955',3),('6844276942955',10),('6951736703988',1),('6951736703988',9),('6978313272952',5),('7004627409013',1),('7004627409013',3),('7041207035223',4),('7232222014135',1),('7232222014135',4),('7318263390977',2),('7318263390977',9),('7323825600122',1),('7323825600122',8),('7336381692904',8),('7336381692904',9),('7364866055807',9),('7386221609211',7),('7404829504513',2),('7404829504513',3),('7418329670106',1),('7418329670106',7),('7425484677285',1),('7425484677285',2),('7478619458908',2),('7478619458908',9),('7500194860222',1),('7500194860222',8),('7531926359058',7),('7531926359058',8),('7546980348501',3),('7546980348501',9),('7583850922016',1),('7604247901700',9),('7621548463494',9),('7674551028699',8),('7689513291998',3),('7689513291998',8),('7759140828810',5),('7782008331245',1),('7816355491665',1),('7816355491665',10),('7900840792776',1),('7914753651502',2),('7914753651502',9),('8076469364664',4),('8076469364664',7),('8101252304647',6),('8101252304647',10),('8190271139139',2),('8192809592504',7),('8237259472345',5),('8237259472345',10),('8349986949489',1),('8349986949489',9),('8375039900890',1),('8375039900890',9),('8420109646170',6),('8425613810163',6),('8450753779361',8),('8480137002386',1),('8569205018819',10),('8666274373630',4),('8722157022790',2),('8763405957264',5),('8763405957264',8),('8854883799967',3),('8854883799967',8),('8872697196493',2),('8872697196493',3),('8931078177943',1),('8931078177943',5),('8953467198286',5),('8964868935807',1),('8987538486697',4),('8987538486697',6),('9031144463262',6),('9031144463262',10),('9050377382094',6),('9124225416077',5),('9124225416077',8),('9141930245818',2),('9239056246717',9),('9260462577306',6),('9260462577306',9),('9268456015446',6),('9318332103267',5),('9318332103267',10),('9319158106790',8),('9365682719864',2),('9420844907263',3),('9420844907263',8),('9428968038546',1),('9428968038546',5),('9431806355810',5),('9455200205190',8),('9455200205190',10),('9545808685856',1),('9628494895929',2),('9628494895929',6),('9687617068240',1),('9687617068240',4),('9820552893564',5),('9820552893564',8),('9868579959328',2),('9868579959328',6),('9959291370688',4),('9959291370688',5),('9959534219707',7),('9959534219707',10),('9988597201443',3),('9988597201443',8),('9990414428914',2);
/*!40000 ALTER TABLE `book_category` ENABLE KEYS */;
UNLOCK TABLES;

--
-- Table structure for table `book_school`
--

DROP TABLE IF EXISTS `book_school`;
/*!40101 SET @saved_cs_client     = @@character_set_client */;
/*!50503 SET character_set_client = utf8mb4 */;
CREATE TABLE `book_school` (
  `isbn` char(13) NOT NULL,
  `school_id` int(4) NOT NULL,
  `copys` int(3) NOT NULL,
  `available_copys` int(3) NOT NULL,
  PRIMARY KEY (`isbn`,`school_id`),
  KEY `idx_book_school_isbn` (`isbn`),
  KEY `idx_book_school_school_id` (`school_id`),
  CONSTRAINT `book_belongs_to_school` FOREIGN KEY (`school_id`) REFERENCES `school` (`school_id`) ON DELETE CASCADE ON UPDATE CASCADE,
  CONSTRAINT `book_in_school` FOREIGN KEY (`isbn`) REFERENCES `book` (`isbn`) ON DELETE CASCADE ON UPDATE CASCADE,
  CONSTRAINT `CONSTRAINT_1` CHECK (`available_copys` <= `copys`),
  CONSTRAINT `CONSTRAINT_2` CHECK (`copys` > 0),
  CONSTRAINT `CONSTRAINT_3` CHECK (`available_copys` >= 0)
) ENGINE=InnoDB DEFAULT CHARSET=utf8mb4 COLLATE=utf8mb4_unicode_ci;
/*!40101 SET character_set_client = @saved_cs_client */;

--
-- Dumping data for table `book_school`
--

LOCK TABLES `book_school` WRITE;
/*!40000 ALTER TABLE `book_school` DISABLE KEYS */;
INSERT INTO `book_school` VALUES ('1005266657916',2,28,28),('1005266657916',3,2,2),('1200067081254',2,10,10),('1200067081254',4,2,2),('1207587010164',1,15,15),('1207587010164',4,2,2),('1208178754022',2,5,5),('1208178754022',5,25,25),('1412238963946',3,2,2),('1412238963946',5,8,8),('1436726745234',1,22,22),('1436726745234',4,19,19),('1526365794747',3,6,6),('1526365794747',5,9,9),('1530409716070',1,4,4),('1530409716070',4,14,14),('1547465148881',2,8,8),('1547465148881',5,28,28),('1565472624918',2,26,26),('1565472624918',4,6,6),('1636152923242',3,30,30),('1636152923242',4,2,2),('1646309964279',2,15,15),('1646309964279',3,20,20),('1695536296474',1,8,8),('1695536296474',2,2,2),('1699245491729',1,2,2),('1699245491729',4,21,21),('1889168116071',2,2,2),('1889168116071',5,22,22),('1905228378814',1,24,24),('1905228378814',5,23,23),('1914197470420',1,9,9),('1914197470420',5,2,2),('1926587829247',1,19,19),('1926587829247',4,8,8),('1932583915995',2,9,9),('1932583915995',4,15,15),('1934609639936',2,19,19),('1934609639936',4,6,6),('1955017537851',2,8,8),('1955017537851',4,2,2),('2088577728317',1,20,20),('2088577728317',3,2,2),('2110220953860',2,21,21),('2110220953860',4,24,24),('2161191715079',2,14,14),('2161191715079',4,21,21),('2209994595042',2,17,17),('2209994595042',5,23,23),('2236373350507',1,2,2),('2236373350507',2,8,8),('2240070539304',2,3,3),('2240070539304',4,2,2),('2271071533769',3,8,8),('2271071533769',5,20,20),('2305999485439',1,2,2),('2305999485439',2,10,10),('2306254842720',3,2,2),('2306254842720',5,10,10),('2429401479687',1,30,30),('2429401479687',2,13,13),('2463678870540',1,28,28),('2463678870540',4,2,2),('2467290856588',2,28,28),('2467290856588',3,30,30),('2524024045183',4,28,28),('2524024045183',5,6,6),('2706511566529',1,29,29),('2706511566529',2,30,30),('2807865103474',3,29,29),('2807865103474',4,16,16),('3089563309199',3,3,3),('3089563309199',5,2,2),('3104623812028',3,9,9),('3104623812028',5,9,9),('3123203435349',1,18,18),('3123203435349',3,20,20),('3168617182847',2,28,28),('3168617182847',4,20,20),('3205923051430',2,6,6),('3205923051430',4,9,9),('3373597292157',2,7,7),('3373597292157',4,18,18),('3486572943459',3,9,9),('3486572943459',4,20,20),('3600600362133',3,2,2),('3600600362133',4,24,24),('3624477914017',2,13,13),('3624477914017',3,18,18),('3767200285326',1,24,24),('3767200285326',5,2,2),('3894601703219',3,7,7),('3894601703219',4,2,2),('4022437599834',2,1,1),('4022437599834',5,8,8),('4063896675423',2,2,2),('4063896675423',4,8,8),('4133884598898',3,28,28),('4133884598898',5,26,26),('4205327113021',2,19,19),('4205327113021',5,13,13),('4265967985615',1,10,10),('4265967985615',3,18,18),('4323311728260',1,22,22),('4323311728260',3,11,11),('4379844123531',2,7,7),('4379844123531',4,16,16),('4519549047842',2,27,27),('4519549047842',4,14,14),('4580456346669',2,2,2),('4580456346669',4,3,3),('4605134722128',4,18,18),('4605134722128',5,9,9),('4626131242973',1,6,6),('4626131242973',3,18,18),('4667673466467',1,27,27),('4667673466467',2,2,2),('4677531936068',1,5,5),('4677531936068',5,22,22),('4750600707671',1,8,8),('4750600707671',4,3,3),('4750881071087',1,2,2),('4750881071087',2,23,23),('4814666188728',1,23,23),('4814666188728',3,12,12),('4832696954486',2,3,3),('4832696954486',5,21,21),('4868868234003',1,1,1),('4868868234003',5,17,17),('4904945608636',1,4,4),('4904945608636',5,9,9),('4957681394220',2,2,2),('4957681394220',4,8,8),('5005854205534',2,13,13),('5005854205534',5,6,6),('5042770078771',2,9,9),('5042770078771',4,27,27),('5082997519265',2,22,22),('5082997519265',5,26,26),('5230459724465',1,18,18),('5230459724465',2,17,17),('5258814807899',1,2,2),('5258814807899',4,9,9),('5299618779563',1,9,9),('5299618779563',2,10,10),('5327893813501',3,4,4),('5327893813501',4,4,4),('5329490649624',2,23,23),('5329490649624',4,16,16),('5350140264903',1,17,17),('5350140264903',5,14,14),('5564135820433',3,2,2),('5564135820433',4,5,5),('5618426303115',4,6,6),('5618426303115',5,24,24),('5701481617000',4,6,6),('5701481617000',5,8,8),('5708274807325',3,3,3),('5708274807325',4,6,6),('5765134342372',1,2,2),('5765134342372',5,4,4),('5866207066990',1,25,25),('5866207066990',2,2,2),('5988894110631',3,17,17),('5988894110631',5,15,15),('6042708524563',3,8,8),('6042708524563',4,24,24),('6051961753024',1,1,1),('6051961753024',2,21,21),('6059063908818',1,8,8),('6059063908818',2,22,22),('6103698571126',1,6,6),('6103698571126',3,10,10),('6116812718785',2,2,2),('6116812718785',3,27,27),('6290438103408',3,14,14),('6290438103408',4,11,11),('6328734102011',3,20,20),('6328734102011',4,8,8),('6373506215818',3,4,4),('6373506215818',4,12,12),('6384291966713',4,10,10),('6384291966713',5,24,24),('6394480590683',2,17,17),('6394480590683',3,2,2),('6419564253911',1,2,2),('6419564253911',4,3,3),('6546393799368',2,7,7),('6546393799368',3,5,5),('6553202857926',1,3,3),('6553202857926',3,25,25),('6604827219110',1,18,18),('6604827219110',5,23,23),('6672548681931',3,6,6),('6672548681931',5,11,11),('6680044084985',2,2,2),('6680044084985',3,10,10),('6735085920782',3,23,23),('6735085920782',4,16,16),('6757577367268',1,13,13),('6757577367268',5,7,7),('6835260862610',4,12,12),('6835260862610',5,6,6),('6844276942955',2,30,30),('6844276942955',5,9,9),('6951736703988',3,30,30),('6951736703988',5,18,18),('6978313272952',1,2,2),('6978313272952',4,6,6),('7004627409013',1,9,9),('7004627409013',2,6,6),('7041207035223',4,7,7),('7041207035223',5,4,4),('7232222014135',1,6,6),('7232222014135',5,5,5),('7318263390977',2,17,17),('7318263390977',4,21,21),('7323825600122',3,4,4),('7323825600122',5,6,6),('7336381692904',2,9,9),('7336381692904',4,18,18),('7364866055807',3,17,17),('7364866055807',4,14,14),('7386221609211',1,12,12),('7386221609211',3,12,12),('7404829504513',1,2,2),('7404829504513',5,7,7),('7418329670106',1,9,9),('7418329670106',2,29,29),('7425484677285',1,19,19),('7425484677285',5,23,23),('7478619458908',2,9,9),('7478619458908',4,23,23),('7500194860222',1,6,6),('7500194860222',5,6,6),('7531926359058',1,28,28),('7531926359058',3,10,10),('7546980348501',1,16,16),('7546980348501',3,15,15),('7583850922016',4,17,17),('7583850922016',5,1,1),('7604247901700',1,2,2),('7604247901700',4,12,12),('7621548463494',4,4,4),('7621548463494',5,6,6),('7674551028699',1,10,10),('7674551028699',4,1,1),('7689513291998',2,28,28),('7689513291998',3,12,12),('7759140828810',1,5,5),('7759140828810',5,2,2),('7782008331245',3,2,2),('7782008331245',5,15,15),('7816355491665',2,4,4),('7816355491665',4,25,25),('7900840792776',1,28,28),('7900840792776',2,26,26),('7914753651502',1,16,16),('7914753651502',3,2,2),('8076469364664',4,29,29),('8076469364664',5,4,4),('8101252304647',2,5,5),('8101252304647',3,27,27),('8190271139139',1,18,18),('8190271139139',3,2,2),('8192809592504',1,2,2),('8192809592504',4,26,26),('8237259472345',4,2,2),('8237259472345',5,10,10),('8349986949489',3,1,1),('8349986949489',5,4,4),('8375039900890',1,2,2),('8375039900890',3,17,17),('8420109646170',4,2,2),('8420109646170',5,24,24),('8425613810163',3,21,21),('8425613810163',5,11,11),('8450753779361',3,28,28),('8450753779361',5,8,8),('8480137002386',2,9,9),('8480137002386',3,3,3),('8569205018819',1,4,4),('8569205018819',4,12,12),('8666274373630',1,18,18),('8666274373630',5,28,28),('8722157022790',1,8,8),('8722157022790',5,14,14),('8763405957264',2,19,19),('8763405957264',3,28,28),('8854883799967',1,4,4),('8854883799967',5,2,2),('8872697196493',4,10,10),('8872697196493',5,8,8),('8931078177943',3,1,1),('8931078177943',5,7,7),('8953467198286',2,11,11),('8953467198286',5,9,9),('8964868935807',1,29,29),('8964868935807',2,16,16),('8987538486697',2,24,24),('8987538486697',5,5,5),('9031144463262',1,13,13),('9031144463262',4,26,26),('9050377382094',2,2,2),('9050377382094',5,3,3),('9124225416077',2,26,26),('9124225416077',3,1,1),('9141930245818',1,30,30),('9141930245818',3,2,2),('9239056246717',1,30,30),('9239056246717',2,9,9),('9260462577306',1,10,10),('9260462577306',2,8,8),('9268456015446',2,27,27),('9268456015446',4,30,30),('9318332103267',4,30,30),('9318332103267',5,14,14),('9319158106790',1,7,7),('9319158106790',5,2,2),('9365682719864',2,6,6),('9365682719864',4,11,11),('9420844907263',2,3,3),('9420844907263',3,2,2),('9428968038546',1,2,2),('9428968038546',2,9,9),('9431806355810',1,9,9),('9431806355810',4,26,26),('9455200205190',3,6,6),('9455200205190',5,14,14),('9545808685856',2,28,28),('9545808685856',5,9,9),('9628494895929',2,2,2),('9628494895929',4,13,13),('9687617068240',4,18,18),('9687617068240',5,2,2),('9820552893564',1,23,23),('9820552893564',4,7,7),('9868579959328',2,20,20),('9868579959328',5,1,1),('9959291370688',2,20,20),('9959291370688',3,5,5),('9959534219707',1,24,24),('9959534219707',4,2,2),('9988597201443',2,8,8),('9988597201443',5,16,16),('9990414428914',2,6,6),('9990414428914',5,14,14);
/*!40000 ALTER TABLE `book_school` ENABLE KEYS */;
UNLOCK TABLES;

--
-- Table structure for table `category`
--

DROP TABLE IF EXISTS `category`;
/*!40101 SET @saved_cs_client     = @@character_set_client */;
/*!50503 SET character_set_client = utf8mb4 */;
CREATE TABLE `category` (
  `category_id` int(3) NOT NULL AUTO_INCREMENT,
  `category_name` varchar(50) NOT NULL,
  PRIMARY KEY (`category_id`),
  KEY `idx_category_id` (`category_id`)
) ENGINE=InnoDB AUTO_INCREMENT=11 DEFAULT CHARSET=utf8mb4 COLLATE=utf8mb4_unicode_ci;
/*!40101 SET character_set_client = @saved_cs_client */;

--
-- Dumping data for table `category`
--

LOCK TABLES `category` WRITE;
/*!40000 ALTER TABLE `category` DISABLE KEYS */;
INSERT INTO `category` VALUES (1,'Education'),(2,'Science Fiction'),(3,'Mystery'),(4,'Romance'),(5,'Thriller'),(6,'Historical Fiction'),(7,'Biography'),(8,'Action'),(9,'Young Adult'),(10,'Classic');
/*!40000 ALTER TABLE `category` ENABLE KEYS */;
UNLOCK TABLES;

--
-- Table structure for table `handlers`
--

DROP TABLE IF EXISTS `handlers`;
/*!40101 SET @saved_cs_client     = @@character_set_client */;
/*!50503 SET character_set_client = utf8mb4 */;
CREATE TABLE `handlers` (
  `user_id` int(4) NOT NULL,
  `school_id` int(4) NOT NULL,
  PRIMARY KEY (`user_id`,`school_id`),
  KEY `idx_handlers_user_id` (`user_id`),
  KEY `idx_handlers_school_id` (`school_id`),
  CONSTRAINT `handlers_in` FOREIGN KEY (`school_id`) REFERENCES `school` (`school_id`) ON DELETE CASCADE ON UPDATE CASCADE,
  CONSTRAINT `handlers_info` FOREIGN KEY (`user_id`) REFERENCES `users` (`user_id`) ON DELETE CASCADE ON UPDATE CASCADE
) ENGINE=InnoDB DEFAULT CHARSET=utf8mb4 COLLATE=utf8mb4_unicode_ci;
/*!40101 SET character_set_client = @saved_cs_client */;

--
-- Dumping data for table `handlers`
--

LOCK TABLES `handlers` WRITE;
/*!40000 ALTER TABLE `handlers` DISABLE KEYS */;
INSERT INTO `handlers` VALUES (2,1),(3,2),(4,3),(5,4),(6,5);
/*!40000 ALTER TABLE `handlers` ENABLE KEYS */;
UNLOCK TABLES;

--
-- Table structure for table `mastoras`
--

DROP TABLE IF EXISTS `mastoras`;
/*!40101 SET @saved_cs_client     = @@character_set_client */;
/*!50503 SET character_set_client = utf8mb4 */;
CREATE TABLE `mastoras` (
  `user_id` int(4) NOT NULL,
  PRIMARY KEY (`user_id`),
  KEY `idx_mastoras_user_id` (`user_id`),
  CONSTRAINT `einai_mastoras` FOREIGN KEY (`user_id`) REFERENCES `users` (`user_id`) ON DELETE CASCADE ON UPDATE CASCADE
) ENGINE=InnoDB DEFAULT CHARSET=utf8mb4 COLLATE=utf8mb4_unicode_ci;
/*!40101 SET character_set_client = @saved_cs_client */;

--
-- Dumping data for table `mastoras`
--

LOCK TABLES `mastoras` WRITE;
/*!40000 ALTER TABLE `mastoras` DISABLE KEYS */;
INSERT INTO `mastoras` VALUES (1);
/*!40000 ALTER TABLE `mastoras` ENABLE KEYS */;
UNLOCK TABLES;

--
-- Table structure for table `rent`
--

DROP TABLE IF EXISTS `rent`;
/*!40101 SET @saved_cs_client     = @@character_set_client */;
/*!50503 SET character_set_client = utf8mb4 */;
CREATE TABLE `rent` (
  `rent_id` int(5) NOT NULL AUTO_INCREMENT,
  `user_id` int(4) NOT NULL,
  `isbn` char(13) NOT NULL,
  `school_id` int(4) NOT NULL,
  `date_of_rent` timestamp NOT NULL,
  `returned` tinyint(1) NOT NULL DEFAULT 0,
  `approved` tinyint(1) NOT NULL DEFAULT 0,
  PRIMARY KEY (`rent_id`),
  KEY `rent_by_user` (`user_id`),
  KEY `rented_book_from_school` (`isbn`,`school_id`),
  KEY `idx_rent_id` (`rent_id`),
  CONSTRAINT `rent_by_user` FOREIGN KEY (`user_id`) REFERENCES `users` (`user_id`) ON DELETE CASCADE ON UPDATE CASCADE,
  CONSTRAINT `rented_book_from_school` FOREIGN KEY (`isbn`, `school_id`) REFERENCES `book_school` (`isbn`, `school_id`) ON DELETE CASCADE ON UPDATE CASCADE
) ENGINE=InnoDB AUTO_INCREMENT=494 DEFAULT CHARSET=utf8mb4 COLLATE=utf8mb4_unicode_ci;
/*!40101 SET character_set_client = @saved_cs_client */;

--
-- Dumping data for table `rent`
--

LOCK TABLES `rent` WRITE;
/*!40000 ALTER TABLE `rent` DISABLE KEYS */;
INSERT INTO `rent` VALUES (1,8,'5258814807899',1,'2023-05-20 21:00:00',0,1),(2,9,'8722157022790',1,'2023-06-03 21:00:00',0,0),(3,10,'9431806355810',1,'2023-06-03 21:00:00',1,1),(4,11,'1926587829247',1,'2023-06-03 21:00:00',1,1),(5,12,'9239056246717',1,'2023-06-03 21:00:00',0,0),(6,13,'6604827219110',1,'2023-06-03 21:00:00',0,0),(7,14,'4814666188728',1,'2023-06-03 21:00:00',1,1),(8,15,'6553202857926',1,'2023-06-03 21:00:00',1,1),(9,16,'7759140828810',1,'2023-05-24 21:00:00',0,1),(10,17,'5230459724465',1,'2023-06-03 21:00:00',0,0),(11,18,'7500194860222',1,'2023-06-03 21:00:00',1,1),(12,19,'2706511566529',1,'2023-05-24 21:00:00',0,1),(13,20,'4667673466467',1,'2023-06-03 21:00:00',0,0),(14,21,'7674551028699',1,'2023-06-03 21:00:00',1,1),(15,82,'9239056246717',1,'2023-06-03 21:00:00',1,1),(16,83,'6604827219110',1,'2023-06-03 21:00:00',0,0),(17,84,'4814666188728',1,'2023-06-03 21:00:00',0,0),(18,85,'6553202857926',1,'2023-06-03 21:00:00',0,1),(19,86,'7759140828810',1,'2023-06-03 21:00:00',0,1),(20,87,'5230459724465',1,'2023-06-03 21:00:00',0,1),(21,88,'7500194860222',1,'2023-06-03 21:00:00',0,0),(22,89,'2706511566529',1,'2023-06-03 21:00:00',0,0),(23,90,'4667673466467',1,'2023-06-03 21:00:00',1,1),(24,91,'7674551028699',1,'2023-06-03 21:00:00',1,1),(25,92,'7004627409013',1,'2023-06-03 21:00:00',0,0),(26,93,'5765134342372',1,'2023-06-03 21:00:00',0,0),(27,94,'8375039900890',1,'2023-06-03 21:00:00',0,0),(28,95,'5299618779563',1,'2023-06-03 21:00:00',0,0),(29,96,'2463678870540',1,'2023-06-03 21:00:00',0,1),(30,97,'8192809592504',1,'2023-06-03 21:00:00',1,1),(31,98,'7404829504513',1,'2023-06-03 21:00:00',0,0),(32,99,'8569205018819',1,'2023-06-03 21:00:00',0,0),(33,100,'4626131242973',1,'2023-06-03 21:00:00',1,1),(34,101,'5866207066990',1,'2023-06-03 21:00:00',1,1),(35,102,'9428968038546',1,'2023-06-03 21:00:00',1,1),(36,103,'2088577728317',1,'2023-06-03 21:00:00',1,1),(37,104,'6757577367268',1,'2023-06-03 21:00:00',1,1),(38,105,'4868868234003',1,'2023-06-03 21:00:00',1,1),(39,106,'8190271139139',1,'2023-06-03 21:00:00',1,1),(40,107,'6103698571126',1,'2023-06-03 21:00:00',1,1),(41,108,'1207587010164',1,'2023-06-03 21:00:00',1,1),(42,109,'4265967985615',1,'2023-06-03 21:00:00',1,1),(43,110,'9959534219707',1,'2023-06-03 21:00:00',0,1),(44,111,'7604247901700',1,'2023-06-03 21:00:00',0,1),(45,112,'1436726745234',1,'2023-06-03 21:00:00',0,1),(46,113,'5258814807899',1,'2023-06-03 21:00:00',0,1),(47,114,'8722157022790',1,'2023-06-03 21:00:00',0,1),(48,115,'9431806355810',1,'2023-06-03 21:00:00',0,1),(49,116,'1926587829247',1,'2023-06-03 21:00:00',1,1),(50,117,'9239056246717',1,'2023-06-03 21:00:00',1,1),(51,118,'6604827219110',1,'2023-06-03 21:00:00',1,1),(52,119,'4814666188728',1,'2023-06-03 21:00:00',1,1),(53,120,'6553202857926',1,'2023-06-03 21:00:00',0,1),(54,121,'7759140828810',1,'2023-06-03 21:00:00',1,1),(55,122,'5230459724465',1,'2023-06-03 21:00:00',0,0),(56,123,'7500194860222',1,'2023-06-03 21:00:00',0,0),(57,124,'2706511566529',1,'2023-06-03 21:00:00',0,1),(58,125,'4667673466467',1,'2023-06-03 21:00:00',0,1),(59,126,'7674551028699',1,'2023-06-03 21:00:00',0,1),(60,127,'7004627409013',1,'2023-06-03 21:00:00',0,1),(61,128,'5765134342372',1,'2023-06-03 21:00:00',0,1),(62,129,'8375039900890',1,'2023-06-03 21:00:00',0,1),(63,130,'5299618779563',1,'2023-06-03 21:00:00',0,1),(64,131,'2463678870540',1,'2023-06-03 21:00:00',0,1),(65,132,'8192809592504',1,'2023-06-03 21:00:00',0,1),(66,133,'7404829504513',1,'2023-06-03 21:00:00',0,0),(67,134,'8569205018819',1,'2023-06-03 21:00:00',0,0),(68,135,'4626131242973',1,'2023-06-03 21:00:00',0,0),(69,136,'5866207066990',1,'2023-06-03 21:00:00',0,1),(70,137,'9428968038546',1,'2023-06-03 21:00:00',1,1),(71,138,'2088577728317',1,'2023-06-03 21:00:00',0,0),(72,139,'6757577367268',1,'2023-06-03 21:00:00',0,0),(73,140,'4868868234003',1,'2023-06-03 21:00:00',0,0),(74,141,'8190271139139',1,'2023-06-03 21:00:00',0,0),(75,142,'6103698571126',1,'2023-06-03 21:00:00',0,0),(76,143,'1207587010164',1,'2023-06-03 21:00:00',0,0),(77,144,'4265967985615',1,'2023-06-03 21:00:00',0,0),(78,145,'9959534219707',1,'2023-06-03 21:00:00',0,1),(79,146,'7604247901700',1,'2023-06-03 21:00:00',0,1),(80,147,'1436726745234',1,'2023-06-03 21:00:00',0,1),(81,148,'5258814807899',1,'2023-06-03 21:00:00',0,1),(82,149,'8722157022790',1,'2023-06-03 21:00:00',0,1),(83,150,'9431806355810',1,'2023-06-03 21:00:00',0,1),(84,151,'1926587829247',1,'2023-06-03 21:00:00',1,1),(85,152,'9239056246717',1,'2023-06-03 21:00:00',1,1),(86,153,'6604827219110',1,'2023-06-03 21:00:00',0,1),(87,154,'4814666188728',1,'2023-06-03 21:00:00',0,1),(88,155,'6553202857926',1,'2023-06-03 21:00:00',0,1),(89,156,'7759140828810',1,'2023-06-03 21:00:00',0,0),(90,157,'5230459724465',1,'2023-06-03 21:00:00',0,1),(91,158,'7500194860222',1,'2023-06-03 21:00:00',0,1),(92,159,'2706511566529',1,'2023-06-03 21:00:00',0,1),(93,160,'4667673466467',1,'2023-06-03 21:00:00',0,0),(94,161,'7674551028699',1,'2023-06-03 21:00:00',0,0),(95,162,'7004627409013',1,'2023-06-03 21:00:00',0,0),(96,163,'5765134342372',1,'2023-06-03 21:00:00',1,1),(97,164,'8375039900890',1,'2023-06-03 21:00:00',1,1),(98,165,'5299618779563',1,'2023-06-03 21:00:00',1,1),(99,22,'1889168116071',2,'2023-05-22 21:00:00',0,1),(100,23,'4750881071087',2,'2023-06-03 21:00:00',1,1),(101,24,'9124225416077',2,'2023-06-03 21:00:00',1,1),(102,25,'1208178754022',2,'2023-06-03 21:00:00',1,1),(103,26,'2236373350507',2,'2023-06-03 21:00:00',0,0),(104,27,'7816355491665',2,'2023-06-03 21:00:00',1,1),(105,28,'9420844907263',2,'2023-06-03 21:00:00',1,1),(106,29,'2429401479687',2,'2023-06-03 21:00:00',0,0),(107,30,'5005854205534',2,'2023-06-03 21:00:00',1,1),(108,31,'6059063908818',2,'2023-05-20 21:00:00',0,1),(109,32,'9628494895929',2,'2023-06-03 21:00:00',1,1),(110,33,'9268456015446',2,'2023-06-03 21:00:00',1,1),(111,34,'8987538486697',2,'2023-06-03 21:00:00',1,1),(112,35,'4205327113021',2,'2023-06-03 21:00:00',1,1),(113,36,'7900840792776',2,'2023-05-21 21:00:00',0,1),(114,166,'2236373350507',2,'2023-05-21 21:00:00',0,0),(115,167,'7816355491665',2,'2023-05-21 21:00:00',0,0),(116,168,'9420844907263',2,'2023-05-21 21:00:00',0,1),(117,169,'2429401479687',2,'2023-05-21 21:00:00',0,1),(118,170,'5005854205534',2,'2023-05-21 21:00:00',0,1),(119,171,'6059063908818',2,'2023-05-21 21:00:00',0,1),(120,172,'9628494895929',2,'2023-05-21 21:00:00',0,1),(121,173,'9268456015446',2,'2023-05-21 21:00:00',0,1),(122,174,'8987538486697',2,'2023-05-21 21:00:00',0,1),(123,175,'4205327113021',2,'2023-05-21 21:00:00',0,1),(124,176,'7900840792776',2,'2023-05-21 21:00:00',0,1),(125,177,'4063896675423',2,'2023-05-21 21:00:00',0,1),(126,178,'7336381692904',2,'2023-05-21 21:00:00',0,1),(127,179,'2467290856588',2,'2023-05-21 21:00:00',0,1),(128,180,'9365682719864',2,'2023-05-21 21:00:00',0,1),(129,181,'3168617182847',2,'2023-05-21 21:00:00',0,1),(130,182,'1695536296474',2,'2023-05-21 21:00:00',0,1),(131,183,'9868579959328',2,'2023-05-21 21:00:00',0,1),(132,184,'6394480590683',2,'2023-05-21 21:00:00',0,1),(133,185,'6844276942955',2,'2023-05-21 21:00:00',0,1),(134,186,'8480137002386',2,'2023-05-21 21:00:00',0,0),(135,187,'2305999485439',2,'2023-05-21 21:00:00',0,1),(136,188,'9260462577306',2,'2023-05-21 21:00:00',0,1),(137,189,'2110220953860',2,'2023-05-21 21:00:00',0,1),(138,190,'6051961753024',2,'2023-05-21 21:00:00',0,1),(139,191,'7418329670106',2,'2023-05-21 21:00:00',0,1),(140,192,'6680044084985',2,'2023-05-21 21:00:00',0,1),(141,193,'3373597292157',2,'2023-05-21 21:00:00',1,1),(142,194,'9545808685856',2,'2023-05-21 21:00:00',0,0),(143,195,'8964868935807',2,'2023-05-21 21:00:00',0,0),(144,196,'5329490649624',2,'2023-05-21 21:00:00',0,1),(145,197,'1889168116071',2,'2023-05-21 21:00:00',0,1),(146,198,'4750881071087',2,'2023-05-21 21:00:00',0,1),(147,199,'9124225416077',2,'2023-05-21 21:00:00',0,1),(148,200,'1208178754022',2,'2023-05-21 21:00:00',0,1),(149,201,'2236373350507',2,'2023-05-21 21:00:00',0,1),(150,202,'7816355491665',2,'2023-05-21 21:00:00',0,1),(151,203,'9420844907263',2,'2023-05-21 21:00:00',0,1),(152,204,'2429401479687',2,'2023-05-21 21:00:00',0,1),(153,205,'5005854205534',2,'2023-05-21 21:00:00',0,1),(154,206,'6059063908818',2,'2023-05-21 21:00:00',0,1),(155,207,'9628494895929',2,'2023-05-21 21:00:00',0,1),(156,208,'9268456015446',2,'2023-05-21 21:00:00',0,1),(157,209,'8987538486697',2,'2023-05-21 21:00:00',0,1),(158,210,'4205327113021',2,'2023-05-21 21:00:00',0,1),(159,211,'7900840792776',2,'2023-05-21 21:00:00',0,1),(160,212,'4063896675423',2,'2023-05-21 21:00:00',0,1),(161,213,'7336381692904',2,'2023-05-21 21:00:00',0,1),(162,214,'2467290856588',2,'2023-05-21 21:00:00',1,1),(163,215,'9365682719864',2,'2023-05-21 21:00:00',1,1),(164,216,'3168617182847',2,'2023-05-21 21:00:00',0,1),(165,217,'1695536296474',2,'2023-05-21 21:00:00',0,1),(166,218,'9868579959328',2,'2023-05-21 21:00:00',0,1),(167,219,'6394480590683',2,'2023-05-21 21:00:00',0,0),(168,220,'6844276942955',2,'2023-05-21 21:00:00',1,1),(169,221,'8480137002386',2,'2023-05-21 21:00:00',1,1),(170,222,'2305999485439',2,'2023-05-21 21:00:00',0,1),(171,223,'9260462577306',2,'2023-05-21 21:00:00',0,1),(172,224,'2110220953860',2,'2023-05-21 21:00:00',0,1),(173,225,'6051961753024',2,'2023-05-21 21:00:00',0,1),(174,226,'7418329670106',2,'2023-05-21 21:00:00',0,1),(175,227,'6680044084985',2,'2023-05-21 21:00:00',1,1),(176,228,'3373597292157',2,'2023-05-21 21:00:00',1,1),(177,229,'9545808685856',2,'2023-05-21 21:00:00',1,1),(178,230,'8964868935807',2,'2023-05-21 21:00:00',1,1),(179,231,'5329490649624',2,'2023-05-21 21:00:00',1,1),(180,232,'1889168116071',2,'2023-05-21 21:00:00',0,1),(181,233,'4750881071087',2,'2023-05-21 21:00:00',1,1),(182,234,'9124225416077',2,'2023-05-21 21:00:00',1,1),(183,235,'1208178754022',2,'2023-05-21 21:00:00',1,1),(184,236,'2236373350507',2,'2023-05-21 21:00:00',1,1),(185,237,'7816355491665',2,'2023-05-21 21:00:00',1,1),(186,238,'9420844907263',2,'2023-05-21 21:00:00',1,1),(187,239,'2429401479687',2,'2023-05-21 21:00:00',1,1),(188,240,'5005854205534',2,'2023-05-21 21:00:00',1,1),(189,241,'6059063908818',2,'2023-05-21 21:00:00',0,1),(190,242,'9628494895929',2,'2023-05-21 21:00:00',0,1),(191,243,'9268456015446',2,'2023-05-21 21:00:00',0,1),(192,244,'8987538486697',2,'2023-05-21 21:00:00',0,1),(193,245,'4205327113021',2,'2023-05-21 21:00:00',0,1),(194,246,'7900840792776',2,'2023-05-21 21:00:00',0,0),(195,247,'4063896675423',2,'2023-05-21 21:00:00',0,1),(196,248,'7336381692904',2,'2023-05-21 21:00:00',0,1),(197,249,'2467290856588',2,'2023-05-21 21:00:00',0,1),(198,37,'7531926359058',3,'2023-05-21 21:00:00',0,1),(199,38,'3104623812028',3,'2023-06-03 21:00:00',1,1),(200,39,'8101252304647',3,'2023-06-03 21:00:00',1,1),(201,40,'7914753651502',3,'2023-06-03 21:00:00',0,0),(202,41,'3089563309199',3,'2023-06-03 21:00:00',0,0),(203,42,'3624477914017',3,'2023-06-03 21:00:00',1,1),(204,43,'6546393799368',3,'2023-06-03 21:00:00',0,0),(205,44,'4323311728260',3,'2023-06-03 21:00:00',1,1),(206,45,'9141930245818',3,'2023-06-03 21:00:00',1,1),(207,46,'7546980348501',3,'2023-06-03 21:00:00',1,1),(208,47,'1636152923242',3,'2023-05-26 21:00:00',0,1),(209,48,'6373506215818',3,'2023-06-03 21:00:00',1,1),(210,49,'9455200205190',3,'2023-06-03 21:00:00',1,1),(211,50,'7689513291998',3,'2023-06-03 21:00:00',1,1),(212,51,'2807865103474',3,'2023-06-03 21:00:00',1,1),(213,250,'7914753651502',3,'2023-06-03 21:00:00',0,1),(214,251,'3089563309199',3,'2023-06-03 21:00:00',0,1),(215,252,'3624477914017',3,'2023-06-03 21:00:00',0,0),(216,253,'6546393799368',3,'2023-06-03 21:00:00',0,0),(217,254,'4323311728260',3,'2023-06-03 21:00:00',1,1),(218,255,'9141930245818',3,'2023-06-03 21:00:00',1,1),(219,256,'7546980348501',3,'2023-06-03 21:00:00',1,1),(220,257,'1636152923242',3,'2023-06-03 21:00:00',1,1),(221,258,'6373506215818',3,'2023-06-03 21:00:00',1,1),(222,259,'9455200205190',3,'2023-06-03 21:00:00',1,1),(223,260,'7689513291998',3,'2023-06-03 21:00:00',0,1),(224,261,'2807865103474',3,'2023-06-03 21:00:00',0,1),(225,262,'8450753779361',3,'2023-06-03 21:00:00',0,1),(226,263,'6951736703988',3,'2023-06-03 21:00:00',0,1),(227,264,'6290438103408',3,'2023-06-03 21:00:00',0,1),(228,265,'7386221609211',3,'2023-06-03 21:00:00',0,0),(229,266,'8349986949489',3,'2023-06-03 21:00:00',1,1),(230,267,'5564135820433',3,'2023-06-03 21:00:00',1,1),(231,268,'7364866055807',3,'2023-06-03 21:00:00',1,1),(232,269,'6116812718785',3,'2023-06-03 21:00:00',0,1),(233,270,'3123203435349',3,'2023-06-03 21:00:00',0,1),(234,271,'1526365794747',3,'2023-06-03 21:00:00',0,1),(235,272,'7782008331245',3,'2023-06-03 21:00:00',0,1),(236,273,'3600600362133',3,'2023-06-03 21:00:00',0,1),(237,274,'5708274807325',3,'2023-06-03 21:00:00',1,1),(238,275,'8425613810163',3,'2023-06-03 21:00:00',1,1),(239,276,'8931078177943',3,'2023-06-03 21:00:00',1,1),(240,277,'2271071533769',3,'2023-06-03 21:00:00',0,1),(241,278,'1646309964279',3,'2023-06-03 21:00:00',0,0),(242,279,'9959291370688',3,'2023-06-03 21:00:00',0,0),(243,280,'8763405957264',3,'2023-06-03 21:00:00',0,0),(244,281,'1005266657916',3,'2023-06-03 21:00:00',0,0),(245,282,'7531926359058',3,'2023-06-03 21:00:00',1,1),(246,283,'3104623812028',3,'2023-06-03 21:00:00',1,1),(247,284,'8101252304647',3,'2023-06-03 21:00:00',1,1),(248,285,'7914753651502',3,'2023-06-03 21:00:00',0,0),(249,286,'3089563309199',3,'2023-06-03 21:00:00',1,1),(250,287,'3624477914017',3,'2023-06-03 21:00:00',1,1),(251,288,'6546393799368',3,'2023-06-03 21:00:00',0,1),(252,289,'4323311728260',3,'2023-06-03 21:00:00',0,1),(253,290,'9141930245818',3,'2023-06-03 21:00:00',0,0),(254,291,'7546980348501',3,'2023-06-03 21:00:00',0,0),(255,292,'1636152923242',3,'2023-06-03 21:00:00',0,0),(256,293,'6373506215818',3,'2023-06-03 21:00:00',0,0),(257,294,'9455200205190',3,'2023-06-03 21:00:00',0,0),(258,295,'7689513291998',3,'2023-06-03 21:00:00',0,0),(259,296,'2807865103474',3,'2023-06-03 21:00:00',0,1),(260,297,'8450753779361',3,'2023-06-03 21:00:00',1,1),(261,298,'6951736703988',3,'2023-06-03 21:00:00',0,1),(262,299,'6290438103408',3,'2023-06-03 21:00:00',0,1),(263,300,'7386221609211',3,'2023-06-03 21:00:00',0,1),(264,301,'8349986949489',3,'2023-06-03 21:00:00',0,0),(265,302,'5564135820433',3,'2023-06-03 21:00:00',0,0),(266,303,'7364866055807',3,'2023-06-03 21:00:00',0,0),(267,304,'6116812718785',3,'2023-06-03 21:00:00',0,1),(268,305,'3123203435349',3,'2023-06-03 21:00:00',0,1),(269,306,'1526365794747',3,'2023-06-03 21:00:00',0,0),(270,307,'7782008331245',3,'2023-06-03 21:00:00',0,1),(271,308,'3600600362133',3,'2023-06-03 21:00:00',0,1),(272,309,'5708274807325',3,'2023-06-03 21:00:00',1,1),(273,310,'8425613810163',3,'2023-06-03 21:00:00',0,0),(274,311,'8931078177943',3,'2023-06-03 21:00:00',0,0),(275,312,'2271071533769',3,'2023-06-03 21:00:00',0,0),(276,313,'1646309964279',3,'2023-06-03 21:00:00',0,0),(277,314,'9959291370688',3,'2023-06-03 21:00:00',0,0),(278,315,'8763405957264',3,'2023-06-03 21:00:00',0,0),(279,316,'1005266657916',3,'2023-06-03 21:00:00',0,0),(280,317,'7531926359058',3,'2023-06-03 21:00:00',0,0),(281,318,'3104623812028',3,'2023-06-03 21:00:00',0,0),(282,319,'8101252304647',3,'2023-06-03 21:00:00',0,0),(283,320,'7914753651502',3,'2023-06-03 21:00:00',1,1),(284,321,'3089563309199',3,'2023-06-03 21:00:00',1,1),(285,322,'3624477914017',3,'2023-06-03 21:00:00',1,1),(286,323,'6546393799368',3,'2023-06-03 21:00:00',1,1),(287,324,'4323311728260',3,'2023-06-03 21:00:00',1,1),(288,325,'9141930245818',3,'2023-06-03 21:00:00',1,1),(289,326,'7546980348501',3,'2023-06-03 21:00:00',1,1),(290,327,'1636152923242',3,'2023-06-03 21:00:00',0,1),(291,328,'6373506215818',3,'2023-06-03 21:00:00',1,1),(292,329,'9455200205190',3,'2023-06-03 21:00:00',0,0),(293,330,'7689513291998',3,'2023-06-03 21:00:00',0,1),(294,331,'2807865103474',3,'2023-06-03 21:00:00',0,0),(295,332,'8450753779361',3,'2023-06-03 21:00:00',0,0),(296,333,'6951736703988',3,'2023-06-03 21:00:00',1,1),(297,52,'7478619458908',4,'2023-06-03 21:00:00',1,1),(298,53,'6042708524563',4,'2023-06-03 21:00:00',1,1),(299,54,'1955017537851',4,'2023-06-03 21:00:00',1,1),(300,55,'1200067081254',4,'2023-06-03 21:00:00',1,1),(301,56,'3894601703219',4,'2023-06-03 21:00:00',1,1),(302,57,'4519549047842',4,'2023-06-03 21:00:00',1,1),(303,58,'8872697196493',4,'2023-06-03 21:00:00',1,1),(304,59,'4750600707671',4,'2023-06-03 21:00:00',1,1),(305,60,'9318332103267',4,'2023-06-03 21:00:00',1,1),(306,61,'4580456346669',4,'2023-06-03 21:00:00',1,1),(307,62,'4957681394220',4,'2023-06-03 21:00:00',1,1),(308,63,'4379844123531',4,'2023-05-21 21:00:00',0,1),(309,64,'5327893813501',4,'2023-05-22 21:00:00',0,1),(310,65,'5042770078771',4,'2023-06-03 21:00:00',1,1),(311,66,'1565472624918',4,'2023-06-03 21:00:00',0,0),(312,334,'1955017537851',4,'2023-06-03 21:00:00',0,0),(313,335,'1200067081254',4,'2023-06-03 21:00:00',0,0),(314,336,'3894601703219',4,'2023-06-03 21:00:00',0,0),(315,337,'4519549047842',4,'2023-06-03 21:00:00',0,0),(316,338,'8872697196493',4,'2023-06-03 21:00:00',0,0),(317,339,'4750600707671',4,'2023-06-03 21:00:00',0,0),(318,340,'9318332103267',4,'2023-06-03 21:00:00',0,0),(319,341,'4580456346669',4,'2023-06-03 21:00:00',0,0),(320,342,'4957681394220',4,'2023-06-03 21:00:00',0,0),(321,343,'4379844123531',4,'2023-06-03 21:00:00',0,0),(322,344,'5327893813501',4,'2023-06-03 21:00:00',0,0),(323,345,'5042770078771',4,'2023-06-03 21:00:00',0,0),(324,346,'1565472624918',4,'2023-06-03 21:00:00',0,0),(325,347,'5701481617000',4,'2023-06-03 21:00:00',0,0),(326,348,'2161191715079',4,'2023-06-03 21:00:00',0,1),(327,349,'6835260862610',4,'2023-06-03 21:00:00',0,1),(328,350,'3205923051430',4,'2023-06-03 21:00:00',1,1),(329,351,'1934609639936',4,'2023-06-03 21:00:00',1,1),(330,352,'6328734102011',4,'2023-06-03 21:00:00',0,1),(331,353,'1932583915995',4,'2023-06-03 21:00:00',1,1),(332,354,'9031144463262',4,'2023-06-03 21:00:00',1,1),(333,355,'1699245491729',4,'2023-06-03 21:00:00',0,0),(334,356,'9820552893564',4,'2023-06-03 21:00:00',0,0),(335,357,'3486572943459',4,'2023-06-03 21:00:00',0,1),(336,358,'6978313272952',4,'2023-06-03 21:00:00',0,1),(337,359,'2240070539304',4,'2023-06-03 21:00:00',0,1),(338,360,'1530409716070',4,'2023-06-03 21:00:00',1,1),(339,361,'6735085920782',4,'2023-06-03 21:00:00',0,0),(340,362,'2524024045183',4,'2023-06-03 21:00:00',0,0),(341,363,'6419564253911',4,'2023-06-03 21:00:00',0,1),(342,364,'7318263390977',4,'2023-06-03 21:00:00',0,1),(343,365,'8076469364664',4,'2023-06-03 21:00:00',0,1),(344,366,'9687617068240',4,'2023-06-03 21:00:00',0,1),(345,367,'7478619458908',4,'2023-06-03 21:00:00',1,1),(346,368,'6042708524563',4,'2023-06-03 21:00:00',1,1),(347,369,'1955017537851',4,'2023-06-03 21:00:00',1,1),(348,370,'1200067081254',4,'2023-06-03 21:00:00',0,1),(349,371,'3894601703219',4,'2023-06-03 21:00:00',0,1),(350,372,'4519549047842',4,'2023-06-03 21:00:00',0,1),(351,373,'8872697196493',4,'2023-06-03 21:00:00',0,1),(352,374,'4750600707671',4,'2023-06-03 21:00:00',0,1),(353,375,'9318332103267',4,'2023-06-03 21:00:00',1,1),(354,376,'4580456346669',4,'2023-06-03 21:00:00',0,1),(355,377,'4957681394220',4,'2023-06-03 21:00:00',0,1),(356,378,'4379844123531',4,'2023-06-03 21:00:00',0,1),(357,379,'5327893813501',4,'2023-06-03 21:00:00',0,1),(358,380,'5042770078771',4,'2023-06-03 21:00:00',0,1),(359,381,'1565472624918',4,'2023-06-03 21:00:00',0,1),(360,382,'5701481617000',4,'2023-06-03 21:00:00',0,1),(361,383,'2161191715079',4,'2023-06-03 21:00:00',0,1),(362,384,'6835260862610',4,'2023-06-03 21:00:00',0,1),(363,385,'3205923051430',4,'2023-06-03 21:00:00',0,1),(364,386,'1934609639936',4,'2023-06-03 21:00:00',0,1),(365,387,'6328734102011',4,'2023-06-03 21:00:00',0,0),(366,388,'1932583915995',4,'2023-06-03 21:00:00',0,1),(367,389,'9031144463262',4,'2023-06-03 21:00:00',1,1),(368,390,'1699245491729',4,'2023-06-03 21:00:00',0,0),(369,391,'9820552893564',4,'2023-06-03 21:00:00',0,0),(370,392,'3486572943459',4,'2023-06-03 21:00:00',1,1),(371,393,'6978313272952',4,'2023-06-03 21:00:00',1,1),(372,394,'2240070539304',4,'2023-06-03 21:00:00',0,1),(373,395,'1530409716070',4,'2023-06-03 21:00:00',0,1),(374,396,'6735085920782',4,'2023-06-03 21:00:00',0,1),(375,397,'2524024045183',4,'2023-06-03 21:00:00',0,1),(376,398,'6419564253911',4,'2023-06-03 21:00:00',0,1),(377,399,'7318263390977',4,'2023-06-03 21:00:00',0,1),(378,400,'8076469364664',4,'2023-06-03 21:00:00',0,1),(379,401,'9687617068240',4,'2023-06-03 21:00:00',0,0),(380,402,'7478619458908',4,'2023-06-03 21:00:00',0,0),(381,403,'6042708524563',4,'2023-06-03 21:00:00',0,0),(382,404,'1955017537851',4,'2023-06-03 21:00:00',1,1),(383,405,'1200067081254',4,'2023-06-03 21:00:00',1,1),(384,406,'3894601703219',4,'2023-06-03 21:00:00',1,1),(385,407,'4519549047842',4,'2023-06-03 21:00:00',1,1),(386,408,'8872697196493',4,'2023-06-03 21:00:00',0,0),(387,409,'4750600707671',4,'2023-06-03 21:00:00',0,1),(388,410,'9318332103267',4,'2023-06-03 21:00:00',0,1),(389,411,'4580456346669',4,'2023-06-03 21:00:00',0,1),(390,412,'4957681394220',4,'2023-06-03 21:00:00',0,1),(391,413,'4379844123531',4,'2023-06-03 21:00:00',0,1),(392,414,'5327893813501',4,'2023-06-03 21:00:00',1,1),(393,415,'5042770078771',4,'2023-06-03 21:00:00',0,1),(394,416,'1565472624918',4,'2023-06-03 21:00:00',0,0),(395,417,'5701481617000',4,'2023-06-03 21:00:00',0,0),(396,67,'3767200285326',5,'2023-06-03 21:00:00',1,1),(397,68,'8666274373630',5,'2023-06-03 21:00:00',1,1),(398,69,'4868868234003',5,'2023-06-03 21:00:00',1,1),(399,70,'9319158106790',5,'2023-05-23 21:00:00',0,1),(400,71,'7425484677285',5,'2023-06-03 21:00:00',0,0),(401,72,'9988597201443',5,'2023-06-03 21:00:00',1,1),(402,73,'7232222014135',5,'2023-06-03 21:00:00',1,1),(403,74,'5350140264903',5,'2023-06-03 21:00:00',1,1),(404,75,'6384291966713',5,'2023-06-03 21:00:00',0,0),(405,76,'5618426303115',5,'2023-06-03 21:00:00',1,1),(406,77,'1547465148881',5,'2023-06-03 21:00:00',1,1),(407,78,'4022437599834',5,'2023-06-03 21:00:00',1,1),(408,79,'8420109646170',5,'2023-06-03 21:00:00',1,1),(409,80,'1412238963946',5,'2023-06-03 21:00:00',1,1),(410,81,'2306254842720',5,'2023-05-23 21:00:00',0,1),(411,418,'8666274373630',5,'2023-05-23 21:00:00',0,1),(412,419,'4868868234003',5,'2023-05-23 21:00:00',0,1),(413,420,'9319158106790',5,'2023-05-23 21:00:00',0,1),(414,421,'7425484677285',5,'2023-05-23 21:00:00',0,1),(415,422,'9988597201443',5,'2023-05-23 21:00:00',0,1),(416,423,'7232222014135',5,'2023-05-23 21:00:00',1,1),(417,424,'5350140264903',5,'2023-05-23 21:00:00',1,1),(418,425,'6384291966713',5,'2023-05-23 21:00:00',1,1),(419,426,'5618426303115',5,'2023-05-23 21:00:00',1,1),(420,427,'1547465148881',5,'2023-05-23 21:00:00',1,1),(421,428,'4022437599834',5,'2023-05-23 21:00:00',1,1),(422,429,'8420109646170',5,'2023-05-23 21:00:00',0,0),(423,430,'1412238963946',5,'2023-05-23 21:00:00',1,1),(424,431,'2306254842720',5,'2023-05-23 21:00:00',1,1),(425,432,'4605134722128',5,'2023-05-23 21:00:00',1,1),(426,433,'5082997519265',5,'2023-05-23 21:00:00',1,1),(427,434,'9050377382094',5,'2023-05-23 21:00:00',0,0),(428,435,'8953467198286',5,'2023-05-23 21:00:00',1,1),(429,436,'2209994595042',5,'2023-05-23 21:00:00',1,1),(430,437,'1905228378814',5,'2023-05-23 21:00:00',0,0),(431,438,'9990414428914',5,'2023-05-23 21:00:00',0,0),(432,439,'7583850922016',5,'2023-05-23 21:00:00',0,1),(433,440,'7621548463494',5,'2023-05-23 21:00:00',0,1),(434,441,'4832696954486',5,'2023-05-23 21:00:00',0,1),(435,442,'5988894110631',5,'2023-05-23 21:00:00',0,1),(436,443,'8854883799967',5,'2023-05-23 21:00:00',0,1),(437,444,'8237259472345',5,'2023-05-23 21:00:00',0,1),(438,445,'1914197470420',5,'2023-05-23 21:00:00',1,1),(439,446,'6672548681931',5,'2023-05-23 21:00:00',1,1),(440,447,'7323825600122',5,'2023-05-23 21:00:00',1,1),(441,448,'4677531936068',5,'2023-05-23 21:00:00',1,1),(442,449,'4133884598898',5,'2023-05-23 21:00:00',1,1),(443,450,'4904945608636',5,'2023-05-23 21:00:00',1,1),(444,451,'7041207035223',5,'2023-05-23 21:00:00',1,1),(445,452,'3767200285326',5,'2023-05-23 21:00:00',0,0),(446,453,'8666274373630',5,'2023-05-23 21:00:00',0,0),(447,454,'4868868234003',5,'2023-05-23 21:00:00',0,0),(448,455,'9319158106790',5,'2023-05-23 21:00:00',0,0),(449,456,'7425484677285',5,'2023-05-23 21:00:00',0,0),(450,457,'9988597201443',5,'2023-05-23 21:00:00',0,1),(451,458,'7232222014135',5,'2023-05-23 21:00:00',0,0),(452,459,'5350140264903',5,'2023-05-23 21:00:00',0,0),(453,460,'6384291966713',5,'2023-05-23 21:00:00',0,0),(454,461,'5618426303115',5,'2023-05-23 21:00:00',0,0),(455,462,'1547465148881',5,'2023-05-23 21:00:00',0,0),(456,463,'4022437599834',5,'2023-05-23 21:00:00',0,0),(457,464,'8420109646170',5,'2023-05-23 21:00:00',0,0),(458,465,'1412238963946',5,'2023-05-23 21:00:00',0,0),(459,466,'2306254842720',5,'2023-05-23 21:00:00',0,0),(460,467,'4605134722128',5,'2023-05-23 21:00:00',0,0),(461,468,'5082997519265',5,'2023-05-23 21:00:00',1,1),(462,469,'9050377382094',5,'2023-05-23 21:00:00',0,1),(463,470,'8953467198286',5,'2023-05-23 21:00:00',0,1),(464,471,'2209994595042',5,'2023-05-23 21:00:00',0,1),(465,472,'1905228378814',5,'2023-05-23 21:00:00',0,1),(466,473,'9990414428914',5,'2023-05-23 21:00:00',0,1),(467,474,'7583850922016',5,'2023-05-23 21:00:00',0,0),(468,475,'7621548463494',5,'2023-05-23 21:00:00',0,0),(469,476,'4832696954486',5,'2023-05-23 21:00:00',0,1),(470,477,'5988894110631',5,'2023-05-23 21:00:00',0,1),(471,478,'8854883799967',5,'2023-05-23 21:00:00',0,1),(472,479,'8237259472345',5,'2023-05-23 21:00:00',0,1),(473,480,'1914197470420',5,'2023-05-23 21:00:00',0,1),(474,481,'6672548681931',5,'2023-05-23 21:00:00',0,1),(475,482,'7323825600122',5,'2023-05-23 21:00:00',0,1),(476,483,'4677531936068',5,'2023-05-23 21:00:00',0,1),(477,484,'4133884598898',5,'2023-05-23 21:00:00',0,1),(478,485,'4904945608636',5,'2023-05-23 21:00:00',0,1),(479,486,'7041207035223',5,'2023-05-23 21:00:00',0,1),(480,487,'3767200285326',5,'2023-05-23 21:00:00',0,1),(481,488,'8666274373630',5,'2023-05-23 21:00:00',0,1),(482,489,'4868868234003',5,'2023-05-23 21:00:00',0,1),(483,490,'9319158106790',5,'2023-05-23 21:00:00',0,1),(484,491,'7425484677285',5,'2023-05-23 21:00:00',1,1),(485,492,'9988597201443',5,'2023-05-23 21:00:00',0,1),(486,493,'7232222014135',5,'2023-05-23 21:00:00',0,0),(487,494,'5350140264903',5,'2023-05-23 21:00:00',0,1),(488,495,'6384291966713',5,'2023-05-23 21:00:00',0,0),(489,496,'5618426303115',5,'2023-05-23 21:00:00',0,0),(490,497,'1547465148881',5,'2023-05-23 21:00:00',0,0),(491,498,'4022437599834',5,'2023-05-23 21:00:00',1,1),(492,499,'8420109646170',5,'2023-05-23 21:00:00',1,1),(493,500,'1412238963946',5,'2023-05-23 21:00:00',1,1);
/*!40000 ALTER TABLE `rent` ENABLE KEYS */;
UNLOCK TABLES;

--
-- Table structure for table `reservation`
--

DROP TABLE IF EXISTS `reservation`;
/*!40101 SET @saved_cs_client     = @@character_set_client */;
/*!50503 SET character_set_client = utf8mb4 */;
CREATE TABLE `reservation` (
  `reservation_id` int(5) NOT NULL AUTO_INCREMENT,
  `user_id` int(4) NOT NULL,
  `isbn` char(13) NOT NULL,
  `school_id` int(4) NOT NULL,
  `date_of_reservation` timestamp NOT NULL,
  `approved` tinyint(1) NOT NULL DEFAULT 0,
  PRIMARY KEY (`reservation_id`),
  KEY `reserved_by_user` (`user_id`),
  KEY `reserved_book_from_school` (`isbn`,`school_id`),
  KEY `idx_reservation_id` (`reservation_id`),
  CONSTRAINT `reserved_book_from_school` FOREIGN KEY (`isbn`, `school_id`) REFERENCES `book_school` (`isbn`, `school_id`) ON DELETE CASCADE ON UPDATE CASCADE,
  CONSTRAINT `reserved_by_user` FOREIGN KEY (`user_id`) REFERENCES `users` (`user_id`) ON DELETE CASCADE ON UPDATE CASCADE
) ENGINE=InnoDB AUTO_INCREMENT=494 DEFAULT CHARSET=utf8mb4 COLLATE=utf8mb4_unicode_ci;
/*!40101 SET character_set_client = @saved_cs_client */;

--
-- Dumping data for table `reservation`
--

LOCK TABLES `reservation` WRITE;
/*!40000 ALTER TABLE `reservation` DISABLE KEYS */;
INSERT INTO `reservation` VALUES (1,8,'5258814807899',1,'2023-06-03 21:00:00',1),(2,9,'8722157022790',1,'2023-05-27 21:00:00',1),(3,10,'9431806355810',1,'2023-06-03 21:00:00',0),(4,11,'1926587829247',1,'2023-05-22 21:00:00',0),(5,12,'9239056246717',1,'2023-06-03 21:00:00',1),(6,13,'6604827219110',1,'2023-06-03 21:00:00',1),(7,14,'4814666188728',1,'2023-06-03 21:00:00',1),(8,15,'6553202857926',1,'2023-05-27 21:00:00',0),(9,16,'7759140828810',1,'2023-06-03 21:00:00',0),(10,17,'5230459724465',1,'2023-06-03 21:00:00',0),(11,18,'7500194860222',1,'2023-06-03 21:00:00',0),(12,19,'2706511566529',1,'2023-06-03 21:00:00',0),(13,20,'4667673466467',1,'2023-06-03 21:00:00',1),(14,21,'7674551028699',1,'2023-06-03 21:00:00',0),(15,82,'9239056246717',1,'2023-06-03 21:00:00',0),(16,83,'6604827219110',1,'2023-06-03 21:00:00',1),(17,84,'4814666188728',1,'2023-06-03 21:00:00',1),(18,85,'6553202857926',1,'2023-06-03 21:00:00',1),(19,86,'7759140828810',1,'2023-06-03 21:00:00',1),(20,87,'5230459724465',1,'2023-05-20 21:00:00',0),(21,88,'7500194860222',1,'2023-06-03 21:00:00',0),(22,89,'2706511566529',1,'2023-06-03 21:00:00',0),(23,90,'4667673466467',1,'2023-06-03 21:00:00',0),(24,91,'7674551028699',1,'2023-06-03 21:00:00',0),(25,92,'7004627409013',1,'2023-05-25 21:00:00',0),(26,93,'5765134342372',1,'2023-05-20 21:00:00',1),(27,94,'8375039900890',1,'2023-05-27 21:00:00',1),(28,95,'5299618779563',1,'2023-05-21 21:00:00',0),(29,96,'2463678870540',1,'2023-06-03 21:00:00',0),(30,97,'8192809592504',1,'2023-05-24 21:00:00',1),(31,98,'7404829504513',1,'2023-05-25 21:00:00',1),(32,99,'8569205018819',1,'2023-05-23 21:00:00',1),(33,100,'4626131242973',1,'2023-05-21 21:00:00',1),(34,101,'5866207066990',1,'2023-06-03 21:00:00',1),(35,102,'9428968038546',1,'2023-06-03 21:00:00',0),(36,103,'2088577728317',1,'2023-06-03 21:00:00',0),(37,104,'6757577367268',1,'2023-05-23 21:00:00',1),(38,105,'4868868234003',1,'2023-06-03 21:00:00',1),(39,106,'8190271139139',1,'2023-05-21 21:00:00',1),(40,107,'6103698571126',1,'2023-06-03 21:00:00',1),(41,108,'1207587010164',1,'2023-06-03 21:00:00',0),(42,109,'4265967985615',1,'2023-06-03 21:00:00',0),(43,110,'9959534219707',1,'2023-06-03 21:00:00',1),(44,111,'7604247901700',1,'2023-06-03 21:00:00',1),(45,112,'1436726745234',1,'2023-06-03 21:00:00',1),(46,113,'5258814807899',1,'2023-06-03 21:00:00',1),(47,114,'8722157022790',1,'2023-05-23 21:00:00',0),(48,115,'9431806355810',1,'2023-06-03 21:00:00',0),(49,116,'1926587829247',1,'2023-06-03 21:00:00',1),(50,117,'9239056246717',1,'2023-06-03 21:00:00',1),(51,118,'6604827219110',1,'2023-06-03 21:00:00',1),(52,119,'4814666188728',1,'2023-05-26 21:00:00',1),(53,120,'6553202857926',1,'2023-06-03 21:00:00',1),(54,121,'7759140828810',1,'2023-06-03 21:00:00',1),(55,122,'5230459724465',1,'2023-06-03 21:00:00',1),(56,123,'7500194860222',1,'2023-06-03 21:00:00',1),(57,124,'2706511566529',1,'2023-06-03 21:00:00',0),(58,125,'4667673466467',1,'2023-06-03 21:00:00',1),(59,126,'7674551028699',1,'2023-06-03 21:00:00',0),(60,127,'7004627409013',1,'2023-06-03 21:00:00',0),(61,128,'5765134342372',1,'2023-06-03 21:00:00',0),(62,129,'8375039900890',1,'2023-06-03 21:00:00',1),(63,130,'5299618779563',1,'2023-06-03 21:00:00',1),(64,131,'2463678870540',1,'2023-06-03 21:00:00',1),(65,132,'8192809592504',1,'2023-05-27 21:00:00',1),(66,133,'7404829504513',1,'2023-06-03 21:00:00',0),(67,134,'8569205018819',1,'2023-06-03 21:00:00',0),(68,135,'4626131242973',1,'2023-06-03 21:00:00',1),(69,136,'5866207066990',1,'2023-06-03 21:00:00',0),(70,137,'9428968038546',1,'2023-06-03 21:00:00',1),(71,138,'2088577728317',1,'2023-05-21 21:00:00',1),(72,139,'6757577367268',1,'2023-06-03 21:00:00',0),(73,140,'4868868234003',1,'2023-06-03 21:00:00',0),(74,141,'8190271139139',1,'2023-06-03 21:00:00',0),(75,142,'6103698571126',1,'2023-06-03 21:00:00',0),(76,143,'1207587010164',1,'2023-05-23 21:00:00',1),(77,144,'4265967985615',1,'2023-06-03 21:00:00',0),(78,145,'9959534219707',1,'2023-06-03 21:00:00',0),(79,146,'7604247901700',1,'2023-06-03 21:00:00',0),(80,147,'1436726745234',1,'2023-05-23 21:00:00',1),(81,148,'5258814807899',1,'2023-06-03 21:00:00',0),(82,149,'8722157022790',1,'2023-06-03 21:00:00',1),(83,150,'9431806355810',1,'2023-06-03 21:00:00',1),(84,151,'1926587829247',1,'2023-06-03 21:00:00',1),(85,152,'9239056246717',1,'2023-05-20 21:00:00',0),(86,153,'6604827219110',1,'2023-06-03 21:00:00',1),(87,154,'4814666188728',1,'2023-06-03 21:00:00',1),(88,155,'6553202857926',1,'2023-05-23 21:00:00',1),(89,156,'7759140828810',1,'2023-06-03 21:00:00',0),(90,157,'5230459724465',1,'2023-05-26 21:00:00',0),(91,158,'7500194860222',1,'2023-06-03 21:00:00',1),(92,159,'2706511566529',1,'2023-06-03 21:00:00',0),(93,160,'4667673466467',1,'2023-05-24 21:00:00',1),(94,161,'7674551028699',1,'2023-06-03 21:00:00',1),(95,162,'7004627409013',1,'2023-05-23 21:00:00',0),(96,163,'5765134342372',1,'2023-05-25 21:00:00',1),(97,164,'8375039900890',1,'2023-05-27 21:00:00',0),(98,165,'5299618779563',1,'2023-06-03 21:00:00',0),(99,22,'1889168116071',2,'2023-06-03 21:00:00',1),(100,23,'4750881071087',2,'2023-06-03 21:00:00',0),(101,24,'9124225416077',2,'2023-06-03 21:00:00',0),(102,25,'1208178754022',2,'2023-05-25 21:00:00',0),(103,26,'2236373350507',2,'2023-06-03 21:00:00',0),(104,27,'7816355491665',2,'2023-06-03 21:00:00',1),(105,28,'9420844907263',2,'2023-06-03 21:00:00',1),(106,29,'2429401479687',2,'2023-06-03 21:00:00',1),(107,30,'5005854205534',2,'2023-06-03 21:00:00',1),(108,31,'6059063908818',2,'2023-06-03 21:00:00',0),(109,32,'9628494895929',2,'2023-06-03 21:00:00',0),(110,33,'9268456015446',2,'2023-06-03 21:00:00',1),(111,34,'8987538486697',2,'2023-06-03 21:00:00',0),(112,35,'4205327113021',2,'2023-06-03 21:00:00',1),(113,36,'7900840792776',2,'2023-06-03 21:00:00',0),(114,166,'2236373350507',2,'2023-06-03 21:00:00',1),(115,167,'7816355491665',2,'2023-06-03 21:00:00',0),(116,168,'9420844907263',2,'2023-06-03 21:00:00',1),(117,169,'2429401479687',2,'2023-06-03 21:00:00',1),(118,170,'5005854205534',2,'2023-06-03 21:00:00',1),(119,171,'6059063908818',2,'2023-05-27 21:00:00',0),(120,172,'9628494895929',2,'2023-06-03 21:00:00',1),(121,173,'9268456015446',2,'2023-06-03 21:00:00',0),(122,174,'8987538486697',2,'2023-06-03 21:00:00',1),(123,175,'4205327113021',2,'2023-06-03 21:00:00',0),(124,176,'7900840792776',2,'2023-06-03 21:00:00',0),(125,177,'4063896675423',2,'2023-06-03 21:00:00',0),(126,178,'7336381692904',2,'2023-06-03 21:00:00',1),(127,179,'2467290856588',2,'2023-06-03 21:00:00',0),(128,180,'9365682719864',2,'2023-05-20 21:00:00',0),(129,181,'3168617182847',2,'2023-06-03 21:00:00',1),(130,182,'1695536296474',2,'2023-06-03 21:00:00',0),(131,183,'9868579959328',2,'2023-06-03 21:00:00',1),(132,184,'6394480590683',2,'2023-06-03 21:00:00',1),(133,185,'6844276942955',2,'2023-06-03 21:00:00',0),(134,186,'8480137002386',2,'2023-06-03 21:00:00',0),(135,187,'2305999485439',2,'2023-06-03 21:00:00',0),(136,188,'9260462577306',2,'2023-06-03 21:00:00',0),(137,189,'2110220953860',2,'2023-06-03 21:00:00',1),(138,190,'6051961753024',2,'2023-06-03 21:00:00',0),(139,191,'7418329670106',2,'2023-06-03 21:00:00',1),(140,192,'6680044084985',2,'2023-06-03 21:00:00',1),(141,193,'3373597292157',2,'2023-06-03 21:00:00',0),(142,194,'9545808685856',2,'2023-06-03 21:00:00',0),(143,195,'8964868935807',2,'2023-06-03 21:00:00',0),(144,196,'5329490649624',2,'2023-05-26 21:00:00',1),(145,197,'1889168116071',2,'2023-06-03 21:00:00',0),(146,198,'4750881071087',2,'2023-06-03 21:00:00',1),(147,199,'9124225416077',2,'2023-06-03 21:00:00',0),(148,200,'1208178754022',2,'2023-06-03 21:00:00',1),(149,201,'2236373350507',2,'2023-06-03 21:00:00',0),(150,202,'7816355491665',2,'2023-06-03 21:00:00',1),(151,203,'9420844907263',2,'2023-06-03 21:00:00',1),(152,204,'2429401479687',2,'2023-06-03 21:00:00',0),(153,205,'5005854205534',2,'2023-06-03 21:00:00',1),(154,206,'6059063908818',2,'2023-06-03 21:00:00',0),(155,207,'9628494895929',2,'2023-06-03 21:00:00',0),(156,208,'9268456015446',2,'2023-06-03 21:00:00',0),(157,209,'8987538486697',2,'2023-05-20 21:00:00',0),(158,210,'4205327113021',2,'2023-06-03 21:00:00',0),(159,211,'7900840792776',2,'2023-05-21 21:00:00',0),(160,212,'4063896675423',2,'2023-06-03 21:00:00',0),(161,213,'7336381692904',2,'2023-06-03 21:00:00',1),(162,214,'2467290856588',2,'2023-06-03 21:00:00',0),(163,215,'9365682719864',2,'2023-06-03 21:00:00',1),(164,216,'3168617182847',2,'2023-06-03 21:00:00',0),(165,217,'1695536296474',2,'2023-06-03 21:00:00',1),(166,218,'9868579959328',2,'2023-06-03 21:00:00',1),(167,219,'6394480590683',2,'2023-05-21 21:00:00',0),(168,220,'6844276942955',2,'2023-06-03 21:00:00',1),(169,221,'8480137002386',2,'2023-06-03 21:00:00',0),(170,222,'2305999485439',2,'2023-05-22 21:00:00',0),(171,223,'9260462577306',2,'2023-06-03 21:00:00',1),(172,224,'2110220953860',2,'2023-06-03 21:00:00',0),(173,225,'6051961753024',2,'2023-06-03 21:00:00',1),(174,226,'7418329670106',2,'2023-06-03 21:00:00',0),(175,227,'6680044084985',2,'2023-06-03 21:00:00',0),(176,228,'3373597292157',2,'2023-05-27 21:00:00',0),(177,229,'9545808685856',2,'2023-06-03 21:00:00',0),(178,230,'8964868935807',2,'2023-06-03 21:00:00',1),(179,231,'5329490649624',2,'2023-06-03 21:00:00',0),(180,232,'1889168116071',2,'2023-06-03 21:00:00',0),(181,233,'4750881071087',2,'2023-06-03 21:00:00',0),(182,234,'9124225416077',2,'2023-06-03 21:00:00',1),(183,235,'1208178754022',2,'2023-06-03 21:00:00',0),(184,236,'2236373350507',2,'2023-06-03 21:00:00',0),(185,237,'7816355491665',2,'2023-06-03 21:00:00',0),(186,238,'9420844907263',2,'2023-06-03 21:00:00',0),(187,239,'2429401479687',2,'2023-06-03 21:00:00',0),(188,240,'5005854205534',2,'2023-05-27 21:00:00',0),(189,241,'6059063908818',2,'2023-06-03 21:00:00',1),(190,242,'9628494895929',2,'2023-06-03 21:00:00',1),(191,243,'9268456015446',2,'2023-06-03 21:00:00',1),(192,244,'8987538486697',2,'2023-06-03 21:00:00',1),(193,245,'4205327113021',2,'2023-06-03 21:00:00',1),(194,246,'7900840792776',2,'2023-06-03 21:00:00',1),(195,247,'4063896675423',2,'2023-06-03 21:00:00',0),(196,248,'7336381692904',2,'2023-06-03 21:00:00',0),(197,249,'2467290856588',2,'2023-06-03 21:00:00',0),(198,37,'7531926359058',3,'2023-06-03 21:00:00',0),(199,38,'3104623812028',3,'2023-06-03 21:00:00',1),(200,39,'8101252304647',3,'2023-05-26 21:00:00',1),(201,40,'7914753651502',3,'2023-06-03 21:00:00',0),(202,41,'3089563309199',3,'2023-06-03 21:00:00',1),(203,42,'3624477914017',3,'2023-06-03 21:00:00',0),(204,43,'6546393799368',3,'2023-05-23 21:00:00',0),(205,44,'4323311728260',3,'2023-06-03 21:00:00',0),(206,45,'9141930245818',3,'2023-06-03 21:00:00',1),(207,46,'7546980348501',3,'2023-06-03 21:00:00',1),(208,47,'1636152923242',3,'2023-06-03 21:00:00',0),(209,48,'6373506215818',3,'2023-06-03 21:00:00',1),(210,49,'9455200205190',3,'2023-06-03 21:00:00',0),(211,50,'7689513291998',3,'2023-06-03 21:00:00',0),(212,51,'2807865103474',3,'2023-06-03 21:00:00',0),(213,250,'7914753651502',3,'2023-06-03 21:00:00',0),(214,251,'3089563309199',3,'2023-06-03 21:00:00',1),(215,252,'3624477914017',3,'2023-06-03 21:00:00',0),(216,253,'6546393799368',3,'2023-06-03 21:00:00',0),(217,254,'4323311728260',3,'2023-05-27 21:00:00',0),(218,255,'9141930245818',3,'2023-05-21 21:00:00',1),(219,256,'7546980348501',3,'2023-06-03 21:00:00',0),(220,257,'1636152923242',3,'2023-06-03 21:00:00',1),(221,258,'6373506215818',3,'2023-05-24 21:00:00',0),(222,259,'9455200205190',3,'2023-06-03 21:00:00',0),(223,260,'7689513291998',3,'2023-06-03 21:00:00',1),(224,261,'2807865103474',3,'2023-05-27 21:00:00',0),(225,262,'8450753779361',3,'2023-05-22 21:00:00',1),(226,263,'6951736703988',3,'2023-05-25 21:00:00',1),(227,264,'6290438103408',3,'2023-06-03 21:00:00',1),(228,265,'7386221609211',3,'2023-06-03 21:00:00',1),(229,266,'8349986949489',3,'2023-06-03 21:00:00',1),(230,267,'5564135820433',3,'2023-06-03 21:00:00',1),(231,268,'7364866055807',3,'2023-06-03 21:00:00',1),(232,269,'6116812718785',3,'2023-06-03 21:00:00',0),(233,270,'3123203435349',3,'2023-06-03 21:00:00',1),(234,271,'1526365794747',3,'2023-06-03 21:00:00',0),(235,272,'7782008331245',3,'2023-06-03 21:00:00',1),(236,273,'3600600362133',3,'2023-06-03 21:00:00',1),(237,274,'5708274807325',3,'2023-06-03 21:00:00',1),(238,275,'8425613810163',3,'2023-06-03 21:00:00',0),(239,276,'8931078177943',3,'2023-06-03 21:00:00',0),(240,277,'2271071533769',3,'2023-05-25 21:00:00',0),(241,278,'1646309964279',3,'2023-06-03 21:00:00',0),(242,279,'9959291370688',3,'2023-06-03 21:00:00',0),(243,280,'8763405957264',3,'2023-06-03 21:00:00',0),(244,281,'1005266657916',3,'2023-06-03 21:00:00',0),(245,282,'7531926359058',3,'2023-05-20 21:00:00',1),(246,283,'3104623812028',3,'2023-05-24 21:00:00',1),(247,284,'8101252304647',3,'2023-06-03 21:00:00',1),(248,285,'7914753651502',3,'2023-06-03 21:00:00',0),(249,286,'3089563309199',3,'2023-06-03 21:00:00',1),(250,287,'3624477914017',3,'2023-05-26 21:00:00',0),(251,288,'6546393799368',3,'2023-06-03 21:00:00',1),(252,289,'4323311728260',3,'2023-06-03 21:00:00',0),(253,290,'9141930245818',3,'2023-05-24 21:00:00',1),(254,291,'7546980348501',3,'2023-06-03 21:00:00',0),(255,292,'1636152923242',3,'2023-05-24 21:00:00',1),(256,293,'6373506215818',3,'2023-06-03 21:00:00',0),(257,294,'9455200205190',3,'2023-06-03 21:00:00',1),(258,295,'7689513291998',3,'2023-06-03 21:00:00',1),(259,296,'2807865103474',3,'2023-06-03 21:00:00',1),(260,297,'8450753779361',3,'2023-06-03 21:00:00',1),(261,298,'6951736703988',3,'2023-05-26 21:00:00',0),(262,299,'6290438103408',3,'2023-06-03 21:00:00',0),(263,300,'7386221609211',3,'2023-06-03 21:00:00',0),(264,301,'8349986949489',3,'2023-06-03 21:00:00',1),(265,302,'5564135820433',3,'2023-06-03 21:00:00',1),(266,303,'7364866055807',3,'2023-06-03 21:00:00',0),(267,304,'6116812718785',3,'2023-06-03 21:00:00',1),(268,305,'3123203435349',3,'2023-06-03 21:00:00',0),(269,306,'1526365794747',3,'2023-06-03 21:00:00',1),(270,307,'7782008331245',3,'2023-06-03 21:00:00',0),(271,308,'3600600362133',3,'2023-05-22 21:00:00',1),(272,309,'5708274807325',3,'2023-06-03 21:00:00',1),(273,310,'8425613810163',3,'2023-06-03 21:00:00',0),(274,311,'8931078177943',3,'2023-06-03 21:00:00',0),(275,312,'2271071533769',3,'2023-06-03 21:00:00',0),(276,313,'1646309964279',3,'2023-06-03 21:00:00',0),(277,314,'9959291370688',3,'2023-05-26 21:00:00',0),(278,315,'8763405957264',3,'2023-06-03 21:00:00',0),(279,316,'1005266657916',3,'2023-06-03 21:00:00',1),(280,317,'7531926359058',3,'2023-06-03 21:00:00',1),(281,318,'3104623812028',3,'2023-06-03 21:00:00',1),(282,319,'8101252304647',3,'2023-05-26 21:00:00',1),(283,320,'7914753651502',3,'2023-06-03 21:00:00',1),(284,321,'3089563309199',3,'2023-06-03 21:00:00',1),(285,322,'3624477914017',3,'2023-06-03 21:00:00',0),(286,323,'6546393799368',3,'2023-06-03 21:00:00',1),(287,324,'4323311728260',3,'2023-05-22 21:00:00',0),(288,325,'9141930245818',3,'2023-06-03 21:00:00',1),(289,326,'7546980348501',3,'2023-06-03 21:00:00',1),(290,327,'1636152923242',3,'2023-06-03 21:00:00',0),(291,328,'6373506215818',3,'2023-06-03 21:00:00',1),(292,329,'9455200205190',3,'2023-06-03 21:00:00',0),(293,330,'7689513291998',3,'2023-06-03 21:00:00',1),(294,331,'2807865103474',3,'2023-06-03 21:00:00',0),(295,332,'8450753779361',3,'2023-06-03 21:00:00',1),(296,333,'6951736703988',3,'2023-06-03 21:00:00',1),(297,52,'7478619458908',4,'2023-06-03 21:00:00',0),(298,53,'6042708524563',4,'2023-06-03 21:00:00',0),(299,54,'1955017537851',4,'2023-06-03 21:00:00',1),(300,55,'1200067081254',4,'2023-05-22 21:00:00',1),(301,56,'3894601703219',4,'2023-06-03 21:00:00',0),(302,57,'4519549047842',4,'2023-06-03 21:00:00',1),(303,58,'8872697196493',4,'2023-06-03 21:00:00',0),(304,59,'4750600707671',4,'2023-06-03 21:00:00',1),(305,60,'9318332103267',4,'2023-06-03 21:00:00',0),(306,61,'4580456346669',4,'2023-06-03 21:00:00',0),(307,62,'4957681394220',4,'2023-06-03 21:00:00',1),(308,63,'4379844123531',4,'2023-06-03 21:00:00',1),(309,64,'5327893813501',4,'2023-06-03 21:00:00',0),(310,65,'5042770078771',4,'2023-06-03 21:00:00',0),(311,66,'1565472624918',4,'2023-06-03 21:00:00',1),(312,334,'1955017537851',4,'2023-06-03 21:00:00',1),(313,335,'1200067081254',4,'2023-06-03 21:00:00',1),(314,336,'3894601703219',4,'2023-06-03 21:00:00',1),(315,337,'4519549047842',4,'2023-05-23 21:00:00',1),(316,338,'8872697196493',4,'2023-06-03 21:00:00',0),(317,339,'4750600707671',4,'2023-06-03 21:00:00',1),(318,340,'9318332103267',4,'2023-05-26 21:00:00',0),(319,341,'4580456346669',4,'2023-06-03 21:00:00',0),(320,342,'4957681394220',4,'2023-06-03 21:00:00',1),(321,343,'4379844123531',4,'2023-06-03 21:00:00',0),(322,344,'5327893813501',4,'2023-06-03 21:00:00',0),(323,345,'5042770078771',4,'2023-06-03 21:00:00',1),(324,346,'1565472624918',4,'2023-05-21 21:00:00',1),(325,347,'5701481617000',4,'2023-06-03 21:00:00',1),(326,348,'2161191715079',4,'2023-06-03 21:00:00',1),(327,349,'6835260862610',4,'2023-06-03 21:00:00',1),(328,350,'3205923051430',4,'2023-06-03 21:00:00',0),(329,351,'1934609639936',4,'2023-06-03 21:00:00',1),(330,352,'6328734102011',4,'2023-06-03 21:00:00',1),(331,353,'1932583915995',4,'2023-06-03 21:00:00',1),(332,354,'9031144463262',4,'2023-06-03 21:00:00',1),(333,355,'1699245491729',4,'2023-05-24 21:00:00',0),(334,356,'9820552893564',4,'2023-06-03 21:00:00',0),(335,357,'3486572943459',4,'2023-05-27 21:00:00',0),(336,358,'6978313272952',4,'2023-05-23 21:00:00',0),(337,359,'2240070539304',4,'2023-06-03 21:00:00',0),(338,360,'1530409716070',4,'2023-06-03 21:00:00',0),(339,361,'6735085920782',4,'2023-05-24 21:00:00',0),(340,362,'2524024045183',4,'2023-06-03 21:00:00',0),(341,363,'6419564253911',4,'2023-06-03 21:00:00',1),(342,364,'7318263390977',4,'2023-06-03 21:00:00',1),(343,365,'8076469364664',4,'2023-06-03 21:00:00',1),(344,366,'9687617068240',4,'2023-06-03 21:00:00',1),(345,367,'7478619458908',4,'2023-05-26 21:00:00',0),(346,368,'6042708524563',4,'2023-05-23 21:00:00',0),(347,369,'1955017537851',4,'2023-05-21 21:00:00',0),(348,370,'1200067081254',4,'2023-06-03 21:00:00',0),(349,371,'3894601703219',4,'2023-06-03 21:00:00',0),(350,372,'4519549047842',4,'2023-06-03 21:00:00',1),(351,373,'8872697196493',4,'2023-06-03 21:00:00',1),(352,374,'4750600707671',4,'2023-05-22 21:00:00',1),(353,375,'9318332103267',4,'2023-06-03 21:00:00',0),(354,376,'4580456346669',4,'2023-06-03 21:00:00',0),(355,377,'4957681394220',4,'2023-06-03 21:00:00',1),(356,378,'4379844123531',4,'2023-06-03 21:00:00',0),(357,379,'5327893813501',4,'2023-05-23 21:00:00',1),(358,380,'5042770078771',4,'2023-06-03 21:00:00',1),(359,381,'1565472624918',4,'2023-06-03 21:00:00',0),(360,382,'5701481617000',4,'2023-06-03 21:00:00',1),(361,383,'2161191715079',4,'2023-06-03 21:00:00',1),(362,384,'6835260862610',4,'2023-06-03 21:00:00',0),(363,385,'3205923051430',4,'2023-06-03 21:00:00',0),(364,386,'1934609639936',4,'2023-05-26 21:00:00',0),(365,387,'6328734102011',4,'2023-06-03 21:00:00',1),(366,388,'1932583915995',4,'2023-06-03 21:00:00',0),(367,389,'9031144463262',4,'2023-06-03 21:00:00',1),(368,390,'1699245491729',4,'2023-06-03 21:00:00',0),(369,391,'9820552893564',4,'2023-06-03 21:00:00',0),(370,392,'3486572943459',4,'2023-05-27 21:00:00',0),(371,393,'6978313272952',4,'2023-06-03 21:00:00',0),(372,394,'2240070539304',4,'2023-06-03 21:00:00',0),(373,395,'1530409716070',4,'2023-06-03 21:00:00',0),(374,396,'6735085920782',4,'2023-06-03 21:00:00',0),(375,397,'2524024045183',4,'2023-06-03 21:00:00',1),(376,398,'6419564253911',4,'2023-05-24 21:00:00',1),(377,399,'7318263390977',4,'2023-06-03 21:00:00',0),(378,400,'8076469364664',4,'2023-06-03 21:00:00',0),(379,401,'9687617068240',4,'2023-06-03 21:00:00',0),(380,402,'7478619458908',4,'2023-06-03 21:00:00',1),(381,403,'6042708524563',4,'2023-06-03 21:00:00',0),(382,404,'1955017537851',4,'2023-06-03 21:00:00',1),(383,405,'1200067081254',4,'2023-06-03 21:00:00',0),(384,406,'3894601703219',4,'2023-06-03 21:00:00',0),(385,407,'4519549047842',4,'2023-06-03 21:00:00',1),(386,408,'8872697196493',4,'2023-06-03 21:00:00',1),(387,409,'4750600707671',4,'2023-06-03 21:00:00',0),(388,410,'9318332103267',4,'2023-06-03 21:00:00',0),(389,411,'4580456346669',4,'2023-06-03 21:00:00',0),(390,412,'4957681394220',4,'2023-06-03 21:00:00',1),(391,413,'4379844123531',4,'2023-06-03 21:00:00',1),(392,414,'5327893813501',4,'2023-06-03 21:00:00',0),(393,415,'5042770078771',4,'2023-06-03 21:00:00',0),(394,416,'1565472624918',4,'2023-06-03 21:00:00',0),(395,417,'5701481617000',4,'2023-06-03 21:00:00',1),(396,67,'3767200285326',5,'2023-06-03 21:00:00',1),(397,68,'8666274373630',5,'2023-05-24 21:00:00',1),(398,69,'4868868234003',5,'2023-06-03 21:00:00',0),(399,70,'9319158106790',5,'2023-06-03 21:00:00',0),(400,71,'7425484677285',5,'2023-05-25 21:00:00',0),(401,72,'9988597201443',5,'2023-05-26 21:00:00',0),(402,73,'7232222014135',5,'2023-06-03 21:00:00',1),(403,74,'5350140264903',5,'2023-06-03 21:00:00',1),(404,75,'6384291966713',5,'2023-05-20 21:00:00',0),(405,76,'5618426303115',5,'2023-06-03 21:00:00',0),(406,77,'1547465148881',5,'2023-06-03 21:00:00',1),(407,78,'4022437599834',5,'2023-06-03 21:00:00',0),(408,79,'8420109646170',5,'2023-06-03 21:00:00',0),(409,80,'1412238963946',5,'2023-05-25 21:00:00',1),(410,81,'2306254842720',5,'2023-06-03 21:00:00',1),(411,418,'8666274373630',5,'2023-06-03 21:00:00',1),(412,419,'4868868234003',5,'2023-06-03 21:00:00',0),(413,420,'9319158106790',5,'2023-05-22 21:00:00',1),(414,421,'7425484677285',5,'2023-06-03 21:00:00',1),(415,422,'9988597201443',5,'2023-05-22 21:00:00',0),(416,423,'7232222014135',5,'2023-06-03 21:00:00',1),(417,424,'5350140264903',5,'2023-05-23 21:00:00',1),(418,425,'6384291966713',5,'2023-05-24 21:00:00',0),(419,426,'5618426303115',5,'2023-06-03 21:00:00',1),(420,427,'1547465148881',5,'2023-06-03 21:00:00',0),(421,428,'4022437599834',5,'2023-05-27 21:00:00',1),(422,429,'8420109646170',5,'2023-06-03 21:00:00',1),(423,430,'1412238963946',5,'2023-05-24 21:00:00',0),(424,431,'2306254842720',5,'2023-05-25 21:00:00',0),(425,432,'4605134722128',5,'2023-06-03 21:00:00',1),(426,433,'5082997519265',5,'2023-06-03 21:00:00',1),(427,434,'9050377382094',5,'2023-06-03 21:00:00',0),(428,435,'8953467198286',5,'2023-06-03 21:00:00',1),(429,436,'2209994595042',5,'2023-06-03 21:00:00',0),(430,437,'1905228378814',5,'2023-05-27 21:00:00',0),(431,438,'9990414428914',5,'2023-06-03 21:00:00',0),(432,439,'7583850922016',5,'2023-05-22 21:00:00',1),(433,440,'7621548463494',5,'2023-05-21 21:00:00',1),(434,441,'4832696954486',5,'2023-06-03 21:00:00',0),(435,442,'5988894110631',5,'2023-05-21 21:00:00',0),(436,443,'8854883799967',5,'2023-06-03 21:00:00',0),(437,444,'8237259472345',5,'2023-06-03 21:00:00',1),(438,445,'1914197470420',5,'2023-06-03 21:00:00',0),(439,446,'6672548681931',5,'2023-05-27 21:00:00',1),(440,447,'7323825600122',5,'2023-06-03 21:00:00',1),(441,448,'4677531936068',5,'2023-06-03 21:00:00',1),(442,449,'4133884598898',5,'2023-06-03 21:00:00',1),(443,450,'4904945608636',5,'2023-06-03 21:00:00',1),(444,451,'7041207035223',5,'2023-06-03 21:00:00',0),(445,452,'3767200285326',5,'2023-06-03 21:00:00',0),(446,453,'8666274373630',5,'2023-06-03 21:00:00',0),(447,454,'4868868234003',5,'2023-05-25 21:00:00',0),(448,455,'9319158106790',5,'2023-05-26 21:00:00',0),(449,456,'7425484677285',5,'2023-06-03 21:00:00',1),(450,457,'9988597201443',5,'2023-06-03 21:00:00',0),(451,458,'7232222014135',5,'2023-06-03 21:00:00',1),(452,459,'5350140264903',5,'2023-05-21 21:00:00',1),(453,460,'6384291966713',5,'2023-06-03 21:00:00',1),(454,461,'5618426303115',5,'2023-05-21 21:00:00',1),(455,462,'1547465148881',5,'2023-06-03 21:00:00',1),(456,463,'4022437599834',5,'2023-06-03 21:00:00',0),(457,464,'8420109646170',5,'2023-06-03 21:00:00',0),(458,465,'1412238963946',5,'2023-06-03 21:00:00',0),(459,466,'2306254842720',5,'2023-05-23 21:00:00',1),(460,467,'4605134722128',5,'2023-05-26 21:00:00',0),(461,468,'5082997519265',5,'2023-06-03 21:00:00',0),(462,469,'9050377382094',5,'2023-06-03 21:00:00',0),(463,470,'8953467198286',5,'2023-05-26 21:00:00',1),(464,471,'2209994595042',5,'2023-06-03 21:00:00',1),(465,472,'1905228378814',5,'2023-06-03 21:00:00',1),(466,473,'9990414428914',5,'2023-06-03 21:00:00',0),(467,474,'7583850922016',5,'2023-06-03 21:00:00',0),(468,475,'7621548463494',5,'2023-06-03 21:00:00',1),(469,476,'4832696954486',5,'2023-05-24 21:00:00',0),(470,477,'5988894110631',5,'2023-06-03 21:00:00',0),(471,478,'8854883799967',5,'2023-06-03 21:00:00',1),(472,479,'8237259472345',5,'2023-06-03 21:00:00',1),(473,480,'1914197470420',5,'2023-06-03 21:00:00',1),(474,481,'6672548681931',5,'2023-06-03 21:00:00',0),(475,482,'7323825600122',5,'2023-06-03 21:00:00',0),(476,483,'4677531936068',5,'2023-05-25 21:00:00',0),(477,484,'4133884598898',5,'2023-06-03 21:00:00',0),(478,485,'4904945608636',5,'2023-06-03 21:00:00',1),(479,486,'7041207035223',5,'2023-05-26 21:00:00',0),(480,487,'3767200285326',5,'2023-06-03 21:00:00',1),(481,488,'8666274373630',5,'2023-06-03 21:00:00',1),(482,489,'4868868234003',5,'2023-06-03 21:00:00',1),(483,490,'9319158106790',5,'2023-06-03 21:00:00',0),(484,491,'7425484677285',5,'2023-06-03 21:00:00',1),(485,492,'9988597201443',5,'2023-06-03 21:00:00',0),(486,493,'7232222014135',5,'2023-06-03 21:00:00',1),(487,494,'5350140264903',5,'2023-06-03 21:00:00',1),(488,495,'6384291966713',5,'2023-06-03 21:00:00',0),(489,496,'5618426303115',5,'2023-05-26 21:00:00',0),(490,497,'1547465148881',5,'2023-06-03 21:00:00',1),(491,498,'4022437599834',5,'2023-05-24 21:00:00',0),(492,499,'8420109646170',5,'2023-05-27 21:00:00',0),(493,500,'1412238963946',5,'2023-06-03 21:00:00',0);
/*!40000 ALTER TABLE `reservation` ENABLE KEYS */;
UNLOCK TABLES;

--
-- Table structure for table `review`
--

DROP TABLE IF EXISTS `review`;
/*!40101 SET @saved_cs_client     = @@character_set_client */;
/*!50503 SET character_set_client = utf8mb4 */;
CREATE TABLE `review` (
  `review_id` int(5) NOT NULL AUTO_INCREMENT,
  `user_id` int(4) NOT NULL,
  `isbn` char(13) NOT NULL,
  `school_id` int(4) NOT NULL,
  `likert` int(1) NOT NULL,
  `comments` varchar(255) NOT NULL,
  `approved` tinyint(1) NOT NULL DEFAULT 0,
  PRIMARY KEY (`review_id`),
  KEY `reviewe_by_user` (`user_id`),
  KEY `reviewed_book_from_school` (`isbn`,`school_id`),
  KEY `idx_review_id` (`review_id`),
  CONSTRAINT `reviewe_by_user` FOREIGN KEY (`user_id`) REFERENCES `users` (`user_id`) ON DELETE CASCADE ON UPDATE CASCADE,
  CONSTRAINT `reviewed_book_from_school` FOREIGN KEY (`isbn`, `school_id`) REFERENCES `book_school` (`isbn`, `school_id`) ON DELETE CASCADE ON UPDATE CASCADE
) ENGINE=InnoDB AUTO_INCREMENT=2471 DEFAULT CHARSET=utf8mb4 COLLATE=utf8mb4_unicode_ci;
/*!40101 SET character_set_client = @saved_cs_client */;

--
-- Dumping data for table `review`
--

LOCK TABLES `review` WRITE;
/*!40000 ALTER TABLE `review` DISABLE KEYS */;
INSERT INTO `review` VALUES (1,7,'1436726745234',1,2,'The author\'s vivid descriptions brought the story to life.',1),(2,8,'5258814807899',1,5,'The book tackles important social issues with sensitivity.',1),(3,9,'8722157022790',1,5,'A book that will keep you guessing until the final page.',1),(4,10,'9431806355810',1,5,'A book that evoked strong emotions and left me in awe.',1),(5,11,'1926587829247',1,2,'The world-building was immersive and richly detailed.',1),(6,12,'9239056246717',1,5,'A heartwarming story of love, friendship, and redemption.',1),(7,13,'6604827219110',1,2,'Full of twists and surprises.',1),(8,14,'4814666188728',1,4,'I devoured this book in one sitting, unable to tear myself away.',1),(9,15,'6553202857926',1,5,'A poignant and powerful portrayal of love and loss.',1),(10,16,'7759140828810',1,1,'A powerful exploration of the human condition.',1),(11,17,'5230459724465',1,5,'The author\'s words flowed beautifully on the page.',1),(12,18,'7500194860222',1,5,'The book\'s messages of hope and resilience touched my soul.',1),(13,19,'2706511566529',1,3,'The book\'s pacing is perfect, keeping the reader engaged throughout.',1),(14,20,'4667673466467',1,1,'A book that will make you laugh, cry, and reflect.',1),(15,21,'7674551028699',1,4,'A story that will stay with me for a lifetime.',1),(16,7,'1436726745234',1,1,'The author\'s prose is elegant and evocative.',1),(17,8,'5258814807899',1,2,'A book that will keep you guessing until the final page.',1),(18,9,'8722157022790',1,3,'A deeply moving story that resonated with me on a profound level.',1),(19,10,'9431806355810',1,1,'The author\'s storytelling skills are unparalleled.',1),(20,11,'1926587829247',1,4,'The plot was brilliantly crafted.',1),(21,12,'9239056246717',1,5,'An empowering story that celebrates the strength of the human spirit.',1),(22,13,'6604827219110',1,4,'A gripping tale that had me on an emotional rollercoaster.',1),(23,14,'4814666188728',1,1,'The author\'s words flowed beautifully on the page.',1),(24,15,'6553202857926',1,5,'A masterful storyteller who knows how to keep readers hooked.',1),(25,16,'7759140828810',1,4,'The book\'s plot twists had me gasping in surprise.',1),(26,17,'5230459724465',1,2,'I was completely engrossed in the story.',1),(27,18,'7500194860222',1,4,'The author\'s prose is elegant and evocative.',1),(28,19,'2706511566529',1,5,'The book raises important questions about society and identity.',1),(29,20,'4667673466467',1,5,'I was captivated by the unique premise and execution.',1),(30,21,'7674551028699',1,5,'A book that left me contemplating the deeper questions of life.',1),(31,7,'1436726745234',1,5,'The book had a perfect balance of action and introspection.',1),(32,8,'5258814807899',1,5,'A story that stayed with me long after I finished reading.',1),(33,9,'8722157022790',1,2,'The book left me with a lasting impression.',1),(34,10,'9431806355810',1,4,'The book\'s messages of hope and resilience touched my soul.',1),(35,11,'1926587829247',1,5,'The book had me on the edge of my seat from start to finish.',1),(36,12,'9239056246717',1,4,'The author\'s descriptive prose painted vivid images in my mind.',1),(37,13,'6604827219110',1,3,'I couldn\'t get enough of the author\'s beautiful prose.',1),(38,14,'4814666188728',1,4,'Full of twists and surprises.',1),(39,15,'6553202857926',1,4,'The suspense kept me on the edge of my seat.',1),(40,16,'7759140828810',1,4,'A story that will stay with me for a lifetime.',1),(41,17,'5230459724465',1,3,'A book that left me contemplating the deeper questions of life.',1),(42,18,'7500194860222',1,1,'I couldn\'t put it down!',1),(43,19,'2706511566529',1,3,'A story of triumph and resilience that inspired me.',1),(44,20,'4667673466467',1,3,'A gripping tale that had me on an emotional rollercoaster.',1),(45,21,'7674551028699',1,2,'The suspense kept me on the edge of my seat.',1),(46,7,'1436726745234',1,5,'A rollercoaster of emotions that I couldn\'t want to end.',1),(47,8,'5258814807899',1,5,'A book that challenges conventions and breaks new ground.',1),(48,9,'8722157022790',1,3,'A thrilling adventure that kept me on the edge of my seat.',1),(49,10,'9431806355810',1,5,'A beautifully written and deeply moving story.',1),(50,11,'1926587829247',1,1,'The book\'s message stayed with me long after I finished reading.',1),(51,12,'9239056246717',1,3,'The book challenged my assumptions and expanded my horizons.',1),(52,13,'6604827219110',1,5,'A tale of love, betrayal, and redemption that captivated me.',1),(53,14,'4814666188728',1,5,'A story that will stay with me for a lifetime.',1),(54,15,'6553202857926',1,2,'I was completely absorbed in the world-building and mythology.',1),(55,16,'7759140828810',1,3,'A gripping tale that had me on an emotional rollercoaster.',1),(56,17,'5230459724465',1,2,'A book that explores the complexities of human relationships.',1),(57,18,'7500194860222',1,5,'The book\'s exploration of love and loss is both heartbreaking and uplifting.',1),(58,19,'2706511566529',1,2,'The author\'s descriptive prose painted vivid images in my mind.',1),(59,20,'4667673466467',1,3,'The book explored complex emotions with honesty and depth.',1),(60,21,'7674551028699',1,5,'A story that will stay with me for a lifetime.',1),(61,7,'1436726745234',1,2,'The book\'s atmospheric setting transported me to a different world.',1),(62,8,'5258814807899',1,5,'The suspense kept me on the edge of my seat.',1),(63,9,'8722157022790',1,3,'A thrilling and suspenseful ride that had me on the edge of my seat.',1),(64,10,'9431806355810',1,3,'A captivating narrative that had me hooked from the very first page.',1),(65,11,'1926587829247',1,1,'The book tackles important themes with sensitivity and grace.',1),(66,12,'9239056246717',1,1,'A true gem that deserves all the praise and recognition.',1),(67,13,'6604827219110',1,2,'The book\'s atmospheric setting transported me to a different world.',1),(68,14,'4814666188728',1,3,'An intelligent and thought-provoking read.',1),(69,15,'6553202857926',1,2,'A deeply moving story that resonated with me on a profound level.',1),(70,16,'7759140828810',1,5,'A beautifully written and deeply moving story.',1),(71,17,'5230459724465',1,1,'A heartwarming story of love, friendship, and redemption.',1),(72,18,'7500194860222',1,1,'The book explores the complexities of human nature with depth and compassion.',1),(73,19,'2706511566529',1,2,'The author\'s writing style is poetic and evocative.',1),(74,20,'4667673466467',1,2,'The book tackles important social issues with sensitivity.',1),(75,21,'7674551028699',1,2,'The book\'s themes are thought-provoking and relevant to our times.',1),(76,82,'9239056246717',1,1,'A book that explores the complexities of human relationships.',1),(77,83,'6604827219110',1,4,'The book\'s twists and turns kept me guessing until the very end.',1),(78,84,'4814666188728',1,1,'A book that will make you laugh, cry, and reflect.',1),(79,85,'6553202857926',1,5,'A thrilling and suspenseful ride from beginning to end.',1),(80,86,'7759140828810',1,3,'An intelligent and thought-provoking read.',1),(81,87,'5230459724465',1,4,'The characters were relatable and well-developed.',1),(82,88,'7500194860222',1,5,'A story that will stay with me for a lifetime.',1),(83,89,'2706511566529',1,3,'I was emotionally invested in the fate of the characters.',1),(84,90,'4667673466467',1,2,'A book that challenges conventions and breaks new ground.',1),(85,91,'7674551028699',1,4,'A book that explores the complexities of human relationships.',1),(86,92,'7004627409013',1,1,'A book that will keep you guessing until the final page.',1),(87,93,'5765134342372',1,1,'The book tackles important social issues with sensitivity.',1),(88,94,'8375039900890',1,4,'The author\'s character development is top-notch.',1),(89,95,'5299618779563',1,5,'The book is a testament to the power of storytelling.',1),(90,96,'2463678870540',1,5,'I devoured this book in one sitting, unable to tear myself away.',1),(91,97,'8192809592504',1,2,'I couldn\'t stop talking about this book to everyone I know.',1),(92,98,'7404829504513',1,5,'The book\'s plot twists had me gasping in surprise.',1),(93,99,'8569205018819',1,5,'A book that evoked strong emotions and left me in awe.',1),(94,100,'4626131242973',1,3,'A book that will keep you guessing until the final page.',1),(95,101,'5866207066990',1,4,'The author\'s prose is elegant and evocative.',1),(96,102,'9428968038546',1,2,'An empowering story that celebrates the strength of the human spirit.',1),(97,103,'2088577728317',1,3,'The characters felt so real, I became emotionally invested.',1),(98,104,'6757577367268',1,4,'The book\'s themes are timely and relevant to our society.',1),(99,105,'4868868234003',1,3,'A captivating narrative that had me hooked from the very first page.',1),(100,106,'8190271139139',1,2,'A book that will keep you guessing until the final page.',1),(101,107,'6103698571126',1,2,'The book tackles important social issues with sensitivity.',1),(102,108,'1207587010164',1,1,'A thrilling and suspenseful ride that had me on the edge of my seat.',1),(103,109,'4265967985615',1,4,'A book that will keep you guessing until the final page.',1),(104,110,'9959534219707',1,2,'The book\'s twists and turns kept me guessing until the very end.',1),(105,111,'7604247901700',1,4,'An enchanting and magical journey.',1),(106,112,'1436726745234',1,4,'The book kept me up all night, eager to know what happens next.',1),(107,113,'5258814807899',1,3,'An impressive debut novel that showcases incredible talent.',1),(108,114,'8722157022790',1,4,'A captivating narrative that had me hooked from the very first page.',1),(109,115,'9431806355810',1,1,'A true gem that deserves all the praise and recognition.',1),(110,116,'1926587829247',1,4,'A book that made me laugh, cry, and everything in between.',1),(111,117,'9239056246717',1,4,'The book\'s themes are timely and relevant to our society.',1),(112,118,'6604827219110',1,3,'The book challenged my assumptions and expanded my horizons.',1),(113,119,'4814666188728',1,3,'The book had a perfect balance of action and introspection.',1),(114,120,'6553202857926',1,3,'A thrilling and suspenseful ride that had me on the edge of my seat.',1),(115,121,'7759140828810',1,3,'The book\'s themes are timely and relevant to our society.',1),(116,122,'5230459724465',1,2,'The book\'s twists and turns kept me guessing until the very end.',1),(117,123,'7500194860222',1,3,'The author\'s vivid descriptions brought the story to life.',1),(118,124,'2706511566529',1,5,'I was completely invested in the fates of the characters.',1),(119,125,'4667673466467',1,4,'A masterful storyteller who knows how to keep readers hooked.',1),(120,126,'7674551028699',1,5,'A story that stayed with me long after I finished reading.',1),(121,127,'7004627409013',1,5,'A masterful storyteller who knows how to keep readers hooked.',1),(122,128,'5765134342372',1,3,'The book\'s message stayed with me long after I finished reading.',1),(123,129,'8375039900890',1,5,'I was captivated by the unique premise and execution.',1),(124,130,'5299618779563',1,3,'A thrilling and suspenseful ride that had me on the edge of my seat.',1),(125,131,'2463678870540',1,2,'A book that will keep you guessing until the final page.',1),(126,132,'8192809592504',1,1,'I was completely absorbed in the world-building and mythology.',1),(127,133,'7404829504513',1,4,'A thrilling adventure that kept me on the edge of my seat.',1),(128,134,'8569205018819',1,5,'I couldn\'t wait to recommend this book to everyone I know.',1),(129,135,'4626131242973',1,2,'A book that captures the essence of human relationships with authenticity.',1),(130,136,'5866207066990',1,1,'The author\'s vivid descriptions brought the story to life.',1),(131,137,'9428968038546',1,3,'The characters were relatable and well-developed.',1),(132,138,'2088577728317',1,4,'The book explores the complexities of human nature with depth and compassion.',1),(133,139,'6757577367268',1,4,'The book transported me to another time and place.',1),(134,140,'4868868234003',1,1,'A tale of love, betrayal, and redemption that captivated me.',1),(135,141,'8190271139139',1,2,'A beautifully written and deeply moving story.',1),(136,142,'6103698571126',1,2,'The author\'s storytelling skills are unparalleled.',1),(137,143,'1207587010164',1,1,'The author\'s storytelling skills are unparalleled.',1),(138,144,'4265967985615',1,3,'The book\'s message stayed with me long after I finished reading.',1),(139,145,'9959534219707',1,5,'The book\'s twists and turns kept me guessing until the very end.',1),(140,146,'7604247901700',1,3,'A beautifully written and deeply moving story.',1),(141,147,'1436726745234',1,4,'The book transported me to another time and place.',1),(142,148,'5258814807899',1,5,'A heartwarming story of love, friendship, and redemption.',1),(143,149,'8722157022790',1,1,'A thrilling and suspenseful ride that had me on the edge of my seat.',1),(144,150,'9431806355810',1,3,'The book transported me to another time and place.',1),(145,151,'1926587829247',1,4,'The book\'s themes resonated with me on a personal level.',1),(146,152,'9239056246717',1,2,'A book that will keep you guessing until the final page.',1),(147,153,'6604827219110',1,1,'The book\'s themes are timely and relevant to our society.',1),(148,154,'4814666188728',1,4,'I couldn\'t turn the pages fast enough.',1),(149,155,'6553202857926',1,2,'The author\'s vivid descriptions brought the story to life.',1),(150,156,'7759140828810',1,5,'The book\'s prose is elegant and beautifully crafted.',1),(151,157,'5230459724465',1,1,'The suspense kept me on the edge of my seat.',1),(152,158,'7500194860222',1,5,'A rollercoaster of emotions that I couldn\'t want to end.',1),(153,159,'2706511566529',1,1,'A thrilling adventure that kept me on the edge of my seat.',1),(154,160,'4667673466467',1,4,'The author\'s character development is top-notch.',1),(155,161,'7674551028699',1,5,'A gripping tale that had me on an emotional rollercoaster.',1),(156,162,'7004627409013',1,5,'An intelligent and thought-provoking read.',1),(157,163,'5765134342372',1,4,'A book that captures the essence of human relationships with authenticity.',1),(158,164,'8375039900890',1,1,'The author\'s storytelling skills are unparalleled.',1),(159,165,'5299618779563',1,3,'The book kept me up all night, eager to know what happens next.',1),(160,82,'9239056246717',1,5,'The book\'s twists and turns kept me guessing until the very end.',1),(161,83,'6604827219110',1,3,'A masterful storyteller who knows how to keep readers hooked.',1),(162,84,'4814666188728',1,5,'A book that made me laugh, cry, and everything in between.',1),(163,85,'6553202857926',1,4,'I found myself completely absorbed in the world the author created.',1),(164,86,'7759140828810',1,3,'I was captivated by the unique premise and execution.',1),(165,87,'5230459724465',1,2,'The book shines a light on important social issues with grace.',1),(166,88,'7500194860222',1,5,'The book\'s themes are relevant and timely.',1),(167,89,'2706511566529',1,5,'An impressive debut novel that showcases incredible talent.',1),(168,90,'4667673466467',1,5,'I couldn\'t get enough of the author\'s beautiful prose.',1),(169,91,'7674551028699',1,1,'The book made me question my own beliefs and values.',1),(170,92,'7004627409013',1,5,'A true gem that deserves all the praise and recognition.',1),(171,93,'5765134342372',1,5,'I devoured this book in one sitting, unable to tear myself away.',1),(172,94,'8375039900890',1,4,'The book is a testament to the power of storytelling.',1),(173,95,'5299618779563',1,4,'The book\'s themes are thought-provoking and relevant to our times.',1),(174,96,'2463678870540',1,4,'The author\'s storytelling skills are unparalleled.',1),(175,97,'8192809592504',1,4,'I was completely immersed in the richly imagined world.',1),(176,98,'7404829504513',1,2,'I was blown away by the author\'s creativity and imagination.',1),(177,99,'8569205018819',1,1,'A gripping tale that had me on an emotional rollercoaster.',1),(178,100,'4626131242973',1,3,'I devoured this book in one sitting, unable to tear myself away.',1),(179,101,'5866207066990',1,2,'A captivating narrative that had me hooked from the very first page.',1),(180,102,'9428968038546',1,2,'A book that made me laugh, cry, and everything in between.',1),(181,103,'2088577728317',1,2,'A gripping tale that had me on an emotional rollercoaster.',1),(182,104,'6757577367268',1,5,'I was emotionally invested in the journey of the main character.',1),(183,105,'4868868234003',1,3,'The suspense kept me on the edge of my seat.',1),(184,106,'8190271139139',1,5,'A book that will keep you guessing until the final page.',1),(185,107,'6103698571126',1,1,'I found myself completely absorbed in the world the author created.',1),(186,108,'1207587010164',1,1,'A beautifully crafted narrative that tugged at my heartstrings.',1),(187,109,'4265967985615',1,2,'The book\'s twists and turns kept me guessing until the very end.',1),(188,110,'9959534219707',1,3,'The author\'s ability to create vivid and realistic characters is remarkable.',1),(189,111,'7604247901700',1,4,'The book transported me to another time and place.',1),(190,112,'1436726745234',1,3,'The book\'s themes are timely and relevant to our society.',1),(191,113,'5258814807899',1,1,'I couldn\'t put it down!',1),(192,114,'8722157022790',1,1,'An inspiring tale of resilience and courage.',1),(193,115,'9431806355810',1,2,'A thrilling and suspenseful ride that had me on the edge of my seat.',1),(194,116,'1926587829247',1,4,'I was captivated by the unique premise and execution.',1),(195,117,'9239056246717',1,3,'I couldn\'t wait to recommend this book to everyone I know.',1),(196,118,'6604827219110',1,2,'The author\'s storytelling skills are unparalleled.',1),(197,119,'4814666188728',1,2,'The book\'s themes are thought-provoking and relevant to our times.',1),(198,120,'6553202857926',1,3,'I was emotionally invested in the journey of the main character.',1),(199,121,'7759140828810',1,3,'The author\'s attention to detail created a rich and immersive reading experience.',1),(200,122,'5230459724465',1,5,'The book left me with a lasting impression.',1),(201,123,'7500194860222',1,3,'The author\'s words flowed beautifully on the page.',1),(202,124,'2706511566529',1,3,'A book that will make you laugh, cry, and reflect.',1),(203,125,'4667673466467',1,2,'The author\'s vivid descriptions brought the story to life.',1),(204,126,'7674551028699',1,5,'A book that left me contemplating the deeper questions of life.',1),(205,127,'7004627409013',1,2,'The book challenged my assumptions and expanded my horizons.',1),(206,128,'5765134342372',1,3,'A beautifully written and deeply moving story.',1),(207,129,'8375039900890',1,2,'A powerful and moving exploration of family and love.',1),(208,130,'5299618779563',1,4,'The book\'s message stayed with me long after I finished reading.',1),(209,131,'2463678870540',1,1,'A story that stayed with me long after I finished reading.',1),(210,132,'8192809592504',1,4,'An engaging and well-crafted plot that kept me hooked.',1),(211,133,'7404829504513',1,3,'The book\'s pacing is perfect, keeping the reader engaged throughout.',1),(212,134,'8569205018819',1,3,'An empowering story that celebrates the strength of the human spirit.',1),(213,135,'4626131242973',1,2,'A powerful and moving exploration of family and love.',1),(214,136,'5866207066990',1,4,'The characters felt so real, I became emotionally invested.',1),(215,137,'9428968038546',1,4,'The book explores the complexities of human nature with depth and compassion.',1),(216,138,'2088577728317',1,5,'I couldn\'t stop talking about this book to everyone I know.',1),(217,139,'6757577367268',1,4,'A beautifully written and deeply moving story.',1),(218,140,'4868868234003',1,3,'A book that captures the essence of human relationships with authenticity.',1),(219,141,'8190271139139',1,5,'A book that challenges conventions and breaks new ground.',1),(220,142,'6103698571126',1,2,'The book had me on the edge of my seat from start to finish.',1),(221,143,'1207587010164',1,2,'The book\'s plot twists had me gasping in surprise.',1),(222,144,'4265967985615',1,3,'The book raises important questions about society and identity.',1),(223,145,'9959534219707',1,5,'An empowering story that celebrates the strength of the human spirit.',1),(224,146,'7604247901700',1,1,'A thrilling adventure that kept me on the edge of my seat.',1),(225,147,'1436726745234',1,1,'The book left me with a lasting impression.',1),(226,148,'5258814807899',1,1,'A book that will keep you guessing until the final page.',1),(227,149,'8722157022790',1,4,'The book tackles important themes with sensitivity and grace.',1),(228,150,'9431806355810',1,5,'A fascinating exploration of human nature.',1),(229,151,'1926587829247',1,3,'A thrilling and suspenseful ride that had me on the edge of my seat.',1),(230,152,'9239056246717',1,3,'The author\'s character development is top-notch.',1),(231,153,'6604827219110',1,1,'The book explored complex emotions with honesty and depth.',1),(232,154,'4814666188728',1,2,'A book that challenges conventions and breaks new ground.',1),(233,155,'6553202857926',1,4,'A story that stayed with me long after I finished reading.',1),(234,156,'7759140828810',1,4,'I was completely absorbed in the world-building and mythology.',1),(235,157,'5230459724465',1,5,'The book is a testament to the power of storytelling.',1),(236,158,'7500194860222',1,4,'A book that captures the essence of human relationships with authenticity.',1),(237,159,'2706511566529',1,1,'A book that will make you laugh, cry, and reflect.',1),(238,160,'4667673466467',1,3,'The book made me question my own beliefs and values.',1),(239,161,'7674551028699',1,1,'The book challenged my assumptions and expanded my horizons.',1),(240,162,'7004627409013',1,4,'The book challenged my perspective and made me think.',1),(241,163,'5765134342372',1,2,'The plot was brilliantly crafted.',1),(242,164,'8375039900890',1,4,'A book that challenges conventions and breaks new ground.',1),(243,165,'5299618779563',1,4,'A poignant and heartfelt story that touched my soul.',1),(244,82,'9239056246717',1,1,'A heartwarming story of love, friendship, and redemption.',1),(245,83,'6604827219110',1,5,'The book\'s themes are relevant and timely.',1),(246,84,'4814666188728',1,3,'A thrilling and suspenseful ride that had me on the edge of my seat.',1),(247,85,'6553202857926',1,1,'The book\'s messages of hope and resilience touched my soul.',1),(248,86,'7759140828810',1,4,'The book tackles important social issues with sensitivity.',1),(249,87,'5230459724465',1,4,'A tale of love, betrayal, and redemption that captivated me.',1),(250,88,'7500194860222',1,1,'The book tackles important social issues with sensitivity.',1),(251,89,'2706511566529',1,3,'A masterful storyteller who knows how to keep readers hooked.',1),(252,90,'4667673466467',1,2,'I found myself completely absorbed in the world the author created.',1),(253,91,'7674551028699',1,2,'A book that explores the complexities of human relationships.',1),(254,92,'7004627409013',1,4,'The author\'s character development is top-notch.',1),(255,93,'5765134342372',1,1,'A book that will keep you guessing until the final page.',1),(256,94,'8375039900890',1,3,'Full of twists and surprises.',1),(257,95,'5299618779563',1,5,'A story that stayed with me long after I finished reading.',1),(258,96,'2463678870540',1,5,'The book explored complex emotions with honesty and depth.',1),(259,97,'8192809592504',1,4,'The author\'s prose is elegant and evocative.',1),(260,98,'7404829504513',1,3,'I was emotionally invested in the fate of the characters.',1),(261,99,'8569205018819',1,5,'The book\'s themes are thought-provoking and relevant to our times.',1),(262,100,'4626131242973',1,1,'An emotional rollercoaster that left me wanting more.',1),(263,101,'5866207066990',1,4,'A book that will keep you guessing until the final page.',1),(264,102,'9428968038546',1,3,'The author\'s vivid descriptions brought the story to life.',1),(265,103,'2088577728317',1,3,'The book\'s atmospheric setting transported me to a different world.',1),(266,104,'6757577367268',1,4,'A true gem that deserves all the praise and recognition.',1),(267,105,'4868868234003',1,1,'A book that will keep you guessing until the final page.',1),(268,106,'8190271139139',1,1,'I was emotionally invested in the journey of the main character.',1),(269,107,'6103698571126',1,4,'A deeply moving story that touched my soul.',1),(270,108,'1207587010164',1,2,'The book tackles important social issues with sensitivity.',1),(271,109,'4265967985615',1,2,'The author\'s prose is elegant and evocative.',1),(272,110,'9959534219707',1,4,'The book explores the complexities of human nature with depth and compassion.',1),(273,111,'7604247901700',1,4,'The author\'s attention to detail created a rich and immersive reading experience.',1),(274,112,'1436726745234',1,2,'The characters were relatable and well-developed.',1),(275,113,'5258814807899',1,3,'The suspense kept me on the edge of my seat.',1),(276,114,'8722157022790',1,3,'The book\'s exploration of love and loss is both heartbreaking and uplifting.',1),(277,115,'9431806355810',1,5,'A beautifully written and deeply moving story.',1),(278,116,'1926587829247',1,5,'A book that will keep you guessing until the final page.',1),(279,117,'9239056246717',1,5,'A true gem that deserves all the praise and recognition.',1),(280,118,'6604827219110',1,2,'I was emotionally invested in the journey of the main character.',1),(281,119,'4814666188728',1,3,'A book that will keep you guessing until the final page.',1),(282,120,'6553202857926',1,5,'A thought-provoking and captivating read.',1),(283,121,'7759140828810',1,2,'The author\'s descriptive writing transported me to another world.',1),(284,122,'5230459724465',1,2,'The book\'s twists and turns kept me guessing until the very end.',1),(285,123,'7500194860222',1,5,'I couldn\'t get enough of the author\'s beautiful prose.',1),(286,124,'2706511566529',1,5,'The author\'s vivid descriptions brought the story to life.',1),(287,125,'4667673466467',1,5,'The author\'s descriptive writing transported me to another world.',1),(288,126,'7674551028699',1,3,'The author\'s ability to create vivid and realistic characters is remarkable.',1),(289,127,'7004627409013',1,3,'A must-read for anyone who loves a gripping mystery.',1),(290,128,'5765134342372',1,5,'I couldn\'t stop talking about this book to everyone I know.',1),(291,129,'8375039900890',1,1,'An enchanting and magical journey.',1),(292,130,'5299618779563',1,3,'The book\'s pacing is perfect, keeping the reader engaged throughout.',1),(293,131,'2463678870540',1,5,'The book\'s themes resonated with me on a personal level.',1),(294,132,'8192809592504',1,1,'I was completely absorbed in the world-building and mythology.',1),(295,133,'7404829504513',1,5,'The book had me on the edge of my seat from start to finish.',1),(296,134,'8569205018819',1,4,'A book that left me contemplating the deeper questions of life.',1),(297,135,'4626131242973',1,5,'A book that explores the complexities of human relationships.',1),(298,136,'5866207066990',1,5,'A book that explores the complexities of human relationships.',1),(299,137,'9428968038546',1,5,'The author\'s attention to detail created a rich and immersive reading experience.',1),(300,138,'2088577728317',1,4,'The book had me on the edge of my seat from start to finish.',1),(301,139,'6757577367268',1,4,'The book\'s twists and turns kept me guessing until the very end.',1),(302,140,'4868868234003',1,1,'A book that left me contemplating the deeper questions of life.',1),(303,141,'8190271139139',1,1,'An intelligent and thought-provoking read.',1),(304,142,'6103698571126',1,3,'The book\'s themes are relevant and timely.',1),(305,143,'1207587010164',1,3,'A thrilling adventure that kept me on the edge of my seat.',1),(306,144,'4265967985615',1,5,'The book had me on the edge of my seat from start to finish.',1),(307,145,'9959534219707',1,1,'A story that stayed with me long after I finished reading.',1),(308,146,'7604247901700',1,5,'A gripping tale that had me on an emotional rollercoaster.',1),(309,147,'1436726745234',1,4,'The author\'s vivid descriptions brought the story to life.',1),(310,148,'5258814807899',1,3,'The author\'s ability to create vivid and realistic characters is remarkable.',1),(311,149,'8722157022790',1,3,'The author\'s vivid descriptions brought the story to life.',1),(312,150,'9431806355810',1,4,'A story that will stay with me for a lifetime.',1),(313,151,'1926587829247',1,3,'The author\'s descriptive writing transported me to another world.',1),(314,152,'9239056246717',1,5,'A beautifully written story that touched my heart.',1),(315,153,'6604827219110',1,3,'An empowering story that celebrates the strength of the human spirit.',1),(316,154,'4814666188728',1,3,'I was emotionally invested in the journey of the main character.',1),(317,155,'6553202857926',1,5,'A mesmerizing and unforgettable reading experience.',1),(318,156,'7759140828810',1,4,'The book raises important questions about society and identity.',1),(319,157,'5230459724465',1,5,'Full of twists and surprises.',1),(320,158,'7500194860222',1,2,'A beautifully written and deeply moving story.',1),(321,159,'2706511566529',1,1,'The book explores the complexities of human nature with depth and compassion.',1),(322,160,'4667673466467',1,2,'The book\'s messages of hope and resilience touched my soul.',1),(323,161,'7674551028699',1,1,'The author\'s attention to detail created a rich and immersive reading experience.',1),(324,162,'7004627409013',1,5,'A story that stayed with me long after I finished reading.',1),(325,163,'5765134342372',1,5,'The book\'s themes resonated with me on a personal level.',1),(326,164,'8375039900890',1,3,'The book\'s plot twists had me gasping in surprise.',1),(327,165,'5299618779563',1,2,'The author\'s descriptive writing transported me to another world.',1),(328,82,'9239056246717',1,4,'A story that will stay with me for a lifetime.',1),(329,83,'6604827219110',1,2,'I devoured this book in one sitting, unable to tear myself away.',1),(330,84,'4814666188728',1,4,'A true gem that deserves all the praise and recognition.',1),(331,85,'6553202857926',1,5,'The book explores the depths of human emotions with authenticity.',1),(332,86,'7759140828810',1,5,'A thought-provoking and captivating read.',1),(333,87,'5230459724465',1,3,'The book\'s plot twists had me gasping in surprise.',1),(334,88,'7500194860222',1,2,'The book\'s message stayed with me long after I finished reading.',1),(335,89,'2706511566529',1,2,'A refreshing take on a familiar genre.',1),(336,90,'4667673466467',1,1,'The author\'s ability to create vivid and realistic characters is remarkable.',1),(337,91,'7674551028699',1,3,'A story of triumph and resilience that inspired me.',1),(338,92,'7004627409013',1,3,'I found myself completely absorbed in the world the author created.',1),(339,93,'5765134342372',1,4,'A masterful storyteller who knows how to keep readers hooked.',1),(340,94,'8375039900890',1,3,'The book\'s pacing is perfect, keeping the reader engaged throughout.',1),(341,95,'5299618779563',1,5,'The book\'s twists and turns kept me guessing until the very end.',1),(342,96,'2463678870540',1,1,'The book\'s message stayed with me long after I finished reading.',1),(343,97,'8192809592504',1,5,'The book explored complex emotions with honesty and depth.',1),(344,98,'7404829504513',1,4,'The book made me see the world from a different perspective.',1),(345,99,'8569205018819',1,1,'The book transported me to another time and place.',1),(346,100,'4626131242973',1,5,'The suspense kept me on the edge of my seat.',1),(347,101,'5866207066990',1,4,'A deeply moving story that touched my soul.',1),(348,102,'9428968038546',1,3,'The book tackles important themes with sensitivity and grace.',1),(349,103,'2088577728317',1,2,'The book\'s atmospheric setting transported me to a different world.',1),(350,104,'6757577367268',1,4,'The book is a testament to the power of storytelling.',1),(351,105,'4868868234003',1,1,'An intelligent and thought-provoking read.',1),(352,106,'8190271139139',1,2,'The author\'s character development is top-notch.',1),(353,107,'6103698571126',1,2,'A gripping story that had me hooked from the very first page.',1),(354,108,'1207587010164',1,1,'The book\'s message stayed with me long after I finished reading.',1),(355,109,'4265967985615',1,2,'The book shines a light on important social issues with grace.',1),(356,110,'9959534219707',1,2,'A story that stayed with me long after I finished reading.',1),(357,111,'7604247901700',1,5,'A refreshing take on a familiar genre.',1),(358,112,'1436726745234',1,2,'An enchanting and magical journey.',1),(359,113,'5258814807899',1,4,'I was emotionally invested in the journey of the main character.',1),(360,114,'8722157022790',1,5,'The book\'s prose is elegant and beautifully crafted.',1),(361,115,'9431806355810',1,2,'The book\'s twists and turns kept me guessing until the very end.',1),(362,116,'1926587829247',1,3,'The book\'s atmospheric setting transported me to a different world.',1),(363,117,'9239056246717',1,1,'The book\'s themes resonated with me on a personal level.',1),(364,118,'6604827219110',1,2,'A heartwarming story of love, friendship, and redemption.',1),(365,119,'4814666188728',1,2,'A poignant and powerful portrayal of love and loss.',1),(366,120,'6553202857926',1,3,'The book is a testament to the power of storytelling.',1),(367,121,'7759140828810',1,2,'A powerful and moving exploration of family and love.',1),(368,122,'5230459724465',1,3,'The book\'s plot twists had me gasping in surprise.',1),(369,123,'7500194860222',1,1,'A book that evoked strong emotions and left me in awe.',1),(370,124,'2706511566529',1,4,'A thought-provoking and captivating read.',1),(371,125,'4667673466467',1,3,'I was completely immersed in the richly imagined world.',1),(372,126,'7674551028699',1,3,'A rollercoaster of emotions that I couldn\'t want to end.',1),(373,127,'7004627409013',1,5,'A thought-provoking and captivating read.',1),(374,128,'5765134342372',1,1,'The book is a testament to the power of storytelling.',1),(375,129,'8375039900890',1,2,'I was blown away by the author\'s creativity and imagination.',1),(376,130,'5299618779563',1,1,'The author\'s vivid descriptions brought the story to life.',1),(377,131,'2463678870540',1,3,'The suspense kept me on the edge of my seat.',1),(378,132,'8192809592504',1,3,'The book\'s plot twists had me gasping in surprise.',1),(379,133,'7404829504513',1,4,'A tale of love, betrayal, and redemption that captivated me.',1),(380,134,'8569205018819',1,2,'The author\'s descriptive prose painted vivid images in my mind.',1),(381,135,'4626131242973',1,2,'A book that will keep you guessing until the final page.',1),(382,136,'5866207066990',1,1,'A captivating narrative that had me hooked from the very first page.',1),(383,137,'9428968038546',1,2,'The author\'s character development is top-notch.',1),(384,138,'2088577728317',1,2,'The author\'s ability to create vivid and realistic characters is remarkable.',1),(385,139,'6757577367268',1,4,'The book left me with a lasting impression.',1),(386,140,'4868868234003',1,5,'The book\'s plot twists had me gasping in surprise.',1),(387,141,'8190271139139',1,4,'The book had me on the edge of my seat from start to finish.',1),(388,142,'6103698571126',1,4,'The book\'s message stayed with me long after I finished reading.',1),(389,143,'1207587010164',1,1,'An enchanting and magical journey.',1),(390,144,'4265967985615',1,3,'The author\'s ability to create vivid and realistic characters is remarkable.',1),(391,145,'9959534219707',1,1,'The book\'s themes are timely and relevant to our society.',1),(392,146,'7604247901700',1,5,'The book tackles important social issues with sensitivity.',1),(393,147,'1436726745234',1,2,'The book\'s prose is elegant and beautifully crafted.',1),(394,148,'5258814807899',1,1,'The book\'s twists and turns kept me guessing until the very end.',1),(395,149,'8722157022790',1,1,'The author\'s prose is elegant and evocative.',1),(396,150,'9431806355810',1,1,'I devoured this book in one sitting, unable to tear myself away.',1),(397,151,'1926587829247',1,2,'A gripping tale that had me on an emotional rollercoaster.',1),(398,152,'9239056246717',1,4,'A fascinating exploration of human nature.',1),(399,153,'6604827219110',1,4,'The book\'s messages of hope and resilience touched my soul.',1),(400,154,'4814666188728',1,1,'A rollercoaster of emotions that I couldn\'t want to end.',1),(401,155,'6553202857926',1,1,'The book challenged my perspective and made me think.',1),(402,156,'7759140828810',1,3,'A story that will stay with me for a lifetime.',1),(403,157,'5230459724465',1,4,'The book transported me to another time and place.',1),(404,158,'7500194860222',1,1,'The characters were relatable and well-developed.',1),(405,159,'2706511566529',1,2,'I was emotionally invested in the journey of the main character.',1),(406,160,'4667673466467',1,1,'The world-building was immersive and richly detailed.',1),(407,161,'7674551028699',1,5,'The author has a unique and captivating voice.',1),(408,162,'7004627409013',1,4,'The book\'s themes resonated with me on a personal level.',1),(409,163,'5765134342372',1,3,'A book that will keep you guessing until the final page.',1),(410,164,'8375039900890',1,4,'The author\'s attention to detail brought the story to life.',1),(411,165,'5299618779563',1,5,'The author\'s vivid descriptions brought the story to life.',1),(412,82,'9239056246717',1,3,'A book that captures the essence of human relationships with authenticity.',1),(413,83,'6604827219110',1,1,'A masterful storyteller who knows how to keep readers hooked.',1),(414,84,'4814666188728',1,4,'An intelligent and thought-provoking read.',1),(415,85,'6553202857926',1,4,'A refreshing take on a familiar genre.',1),(416,86,'7759140828810',1,4,'A book that will keep you guessing until the final page.',1),(417,87,'5230459724465',1,2,'I couldn\'t stop talking about this book to everyone I know.',1),(418,88,'7500194860222',1,5,'A story that will stay with me for a lifetime.',1),(419,89,'2706511566529',1,4,'A book that left me contemplating the deeper questions of life.',1),(420,90,'4667673466467',1,1,'A book that explores the complexities of human relationships.',1),(421,91,'7674551028699',1,3,'A book that challenges conventions and breaks new ground.',1),(422,92,'7004627409013',1,1,'A deeply moving story that touched my soul.',1),(423,93,'5765134342372',1,1,'The book\'s atmospheric setting transported me to a different world.',1),(424,94,'8375039900890',1,2,'The book transported me to another time and place.',1),(425,95,'5299618779563',1,5,'The book\'s themes are relevant and timely.',1),(426,96,'2463678870540',1,5,'The book tackles important social issues with sensitivity.',1),(427,97,'8192809592504',1,2,'The book\'s message stayed with me long after I finished reading.',1),(428,98,'7404829504513',1,2,'A poignant and heartfelt story that touched my soul.',1),(429,99,'8569205018819',1,2,'A book that left me contemplating the deeper questions of life.',1),(430,100,'4626131242973',1,4,'The writing is lyrical and poetic, a joy to read.',1),(431,101,'5866207066990',1,1,'A book that left me contemplating the deeper questions of life.',1),(432,102,'9428968038546',1,2,'I devoured this book in one sitting, unable to tear myself away.',1),(433,103,'2088577728317',1,2,'An absolute page-turner!',1),(434,104,'6757577367268',1,3,'A book that made me laugh, cry, and everything in between.',1),(435,105,'4868868234003',1,1,'The author\'s prose is elegant and evocative.',1),(436,106,'8190271139139',1,4,'The author\'s ability to create vivid and realistic characters is remarkable.',1),(437,107,'6103698571126',1,2,'The author has a unique and captivating voice.',1),(438,108,'1207587010164',1,5,'The book\'s pacing is perfect, keeping the reader engaged throughout.',1),(439,109,'4265967985615',1,1,'A gripping tale that had me on an emotional rollercoaster.',1),(440,110,'9959534219707',1,1,'I couldn\'t get enough of the author\'s beautiful prose.',1),(441,111,'7604247901700',1,2,'I devoured this book in one sitting, unable to tear myself away.',1),(442,112,'1436726745234',1,1,'A poignant and heartfelt story that touched my soul.',1),(443,113,'5258814807899',1,3,'A beautifully crafted narrative that tugged at my heartstrings.',1),(444,114,'8722157022790',1,3,'The world-building was immersive and richly detailed.',1),(445,115,'9431806355810',1,1,'The author\'s prose is elegant and evocative.',1),(446,116,'1926587829247',1,3,'The book is a testament to the power of storytelling.',1),(447,117,'9239056246717',1,2,'A poignant and heartfelt story that touched my soul.',1),(448,118,'6604827219110',1,3,'The book explores the complexities of human nature with depth and compassion.',1),(449,119,'4814666188728',1,1,'A book that will keep you guessing until the final page.',1),(450,120,'6553202857926',1,2,'The book had a perfect blend of action, romance, and intrigue.',1),(451,121,'7759140828810',1,4,'I was completely engrossed in the story.',1),(452,122,'5230459724465',1,1,'A story that stayed with me long after I finished reading.',1),(453,123,'7500194860222',1,2,'A thought-provoking and captivating read.',1),(454,124,'2706511566529',1,5,'A book that will keep you guessing until the final page.',1),(455,125,'4667673466467',1,2,'I was captivated by the unique premise and execution.',1),(456,126,'7674551028699',1,5,'A rollercoaster of emotions that I couldn\'t want to end.',1),(457,127,'7004627409013',1,5,'A beautifully written story that touched my heart.',1),(458,128,'5765134342372',1,1,'The author\'s storytelling skills are unparalleled.',1),(459,129,'8375039900890',1,4,'The book is a testament to the power of storytelling.',1),(460,130,'5299618779563',1,1,'The author\'s storytelling skills are unparalleled.',1),(461,131,'2463678870540',1,2,'The book\'s themes are relevant and timely.',1),(462,132,'8192809592504',1,4,'Full of twists and surprises.',1),(463,133,'7404829504513',1,4,'The book\'s plot twists had me gasping in surprise.',1),(464,134,'8569205018819',1,1,'The author\'s writing is raw, honest, and unputdownable.',1),(465,135,'4626131242973',1,1,'The book\'s messages of hope and resilience touched my soul.',1),(466,136,'5866207066990',1,3,'The book transported me to another time and place.',1),(467,137,'9428968038546',1,1,'The book challenged my assumptions and expanded my horizons.',1),(468,138,'2088577728317',1,3,'I was emotionally invested in the fate of the characters.',1),(469,139,'6757577367268',1,2,'A story of triumph and resilience that inspired me.',1),(470,140,'4868868234003',1,4,'The author\'s character development is top-notch.',1),(471,141,'8190271139139',1,3,'A gripping tale that had me on an emotional rollercoaster.',1),(472,142,'6103698571126',1,1,'The book\'s plot twists had me gasping in surprise.',1),(473,143,'1207587010164',1,1,'A thrilling and suspenseful ride that had me on the edge of my seat.',1),(474,144,'4265967985615',1,2,'I was blown away by the author\'s creativity and imagination.',1),(475,145,'9959534219707',1,3,'The book explores the complexities of human nature with depth and compassion.',1),(476,146,'7604247901700',1,4,'A masterful storyteller who knows how to keep readers hooked.',1),(477,147,'1436726745234',1,5,'A book that left me contemplating the deeper questions of life.',1),(478,148,'5258814807899',1,4,'The book tackles important themes with sensitivity and grace.',1),(479,149,'8722157022790',1,4,'The author\'s attention to detail brought the story to life.',1),(480,150,'9431806355810',1,2,'A book that explores the complexities of human relationships.',1),(481,151,'1926587829247',1,5,'The book explores the depths of human emotions with authenticity.',1),(482,152,'9239056246717',1,2,'I highly recommend this book to all book lovers!',1),(483,153,'6604827219110',1,4,'The author\'s storytelling skills are exceptional.',1),(484,154,'4814666188728',1,4,'I couldn\'t put it down!',1),(485,155,'6553202857926',1,4,'The characters were relatable and well-developed.',1),(486,156,'7759140828810',1,4,'The book explores the complexities of human nature with depth and compassion.',1),(487,157,'5230459724465',1,3,'The book raises important questions about society and identity.',1),(488,158,'7500194860222',1,2,'I was completely engrossed in the story.',1),(489,159,'2706511566529',1,5,'I couldn\'t put it down!',1),(490,160,'4667673466467',1,1,'The book\'s messages of hope and resilience touched my soul.',1),(491,161,'7674551028699',1,2,'A story that stayed with me long after I finished reading.',1),(492,162,'7004627409013',1,3,'The book transported me to another time and place.',1),(493,163,'5765134342372',1,1,'A beautifully written and deeply moving story.',1),(494,164,'8375039900890',1,1,'The book tackles important social issues with sensitivity.',1),(495,165,'5299618779563',1,1,'An empowering story that celebrates the strength of the human spirit.',1),(496,22,'1889168116071',2,2,'The author\'s vivid descriptions brought the story to life.',1),(497,23,'4750881071087',2,3,'The book challenged my assumptions and expanded my horizons.',1),(498,24,'9124225416077',2,5,'The book had me on the edge of my seat from start to finish.',1),(499,25,'1208178754022',2,1,'A book that will keep you guessing until the final page.',1),(500,26,'2236373350507',2,3,'The author\'s storytelling skills are unparalleled.',1),(501,27,'7816355491665',2,4,'A deeply moving story that touched my soul.',1),(502,28,'9420844907263',2,3,'I devoured this book in one sitting, unable to tear myself away.',1),(503,29,'2429401479687',2,3,'The book\'s pacing is perfect, keeping the reader engaged throughout.',1),(504,30,'5005854205534',2,2,'The author\'s ability to create vivid and realistic characters is remarkable.',1),(505,31,'6059063908818',2,1,'An intelligent and thought-provoking read.',1),(506,32,'9628494895929',2,5,'The book\'s atmospheric setting transported me to a different world.',1),(507,33,'9268456015446',2,5,'The book made me see the world from a different perspective.',1),(508,34,'8987538486697',2,1,'I devoured this book in one sitting, unable to tear myself away.',1),(509,35,'4205327113021',2,1,'The book kept me up all night, eager to know what happens next.',1),(510,36,'7900840792776',2,4,'A gripping tale that had me on an emotional rollercoaster.',1),(511,22,'1889168116071',2,4,'An emotional rollercoaster that left me wanting more.',1),(512,23,'4750881071087',2,5,'The book\'s message stayed with me long after I finished reading.',1),(513,24,'9124225416077',2,1,'The book transported me to another time and place.',1),(514,25,'1208178754022',2,2,'The author has a unique and captivating voice.',1),(515,26,'2236373350507',2,1,'The book raises important questions about society and identity.',1),(516,27,'7816355491665',2,3,'The book\'s plot twists had me gasping in surprise.',1),(517,28,'9420844907263',2,3,'An intelligent and thought-provoking read.',1),(518,29,'2429401479687',2,4,'The characters felt so real, I became emotionally invested.',1),(519,30,'5005854205534',2,2,'A gripping tale that had me on an emotional rollercoaster.',1),(520,31,'6059063908818',2,2,'The author\'s prose is elegant and evocative.',1),(521,32,'9628494895929',2,5,'The book\'s twists and turns kept me guessing until the very end.',1),(522,33,'9268456015446',2,2,'The book\'s messages of hope and resilience touched my soul.',1),(523,34,'8987538486697',2,1,'An inspiring tale of resilience and courage.',1),(524,35,'4205327113021',2,1,'A masterful storyteller who knows how to keep readers hooked.',1),(525,36,'7900840792776',2,2,'The book\'s themes are thought-provoking and relevant to our times.',1),(526,22,'1889168116071',2,5,'I couldn\'t put it down!',1),(527,23,'4750881071087',2,2,'The book\'s plot twists had me gasping in surprise.',1),(528,24,'9124225416077',2,3,'A story that stayed with me long after I finished reading.',1),(529,25,'1208178754022',2,2,'The book kept me up all night, eager to know what happens next.',1),(530,26,'2236373350507',2,1,'The author\'s vivid descriptions brought the story to life.',1),(531,27,'7816355491665',2,3,'I devoured this book in one sitting, unable to tear myself away.',1),(532,28,'9420844907263',2,1,'I was emotionally invested in the fate of the characters.',1),(533,29,'2429401479687',2,5,'An absolute page-turner!',1),(534,30,'5005854205534',2,4,'A book that challenges conventions and breaks new ground.',1),(535,31,'6059063908818',2,2,'The book transported me to another time and place.',1),(536,32,'9628494895929',2,5,'A captivating narrative that had me hooked from the very first page.',1),(537,33,'9268456015446',2,2,'The author\'s prose is elegant and evocative.',1),(538,34,'8987538486697',2,4,'The book had a perfect blend of action, romance, and intrigue.',1),(539,35,'4205327113021',2,2,'The world-building was immersive and richly detailed.',1),(540,36,'7900840792776',2,2,'A rollercoaster of emotions that I couldn\'t want to end.',1),(541,22,'1889168116071',2,3,'The book\'s atmospheric setting transported me to a different world.',1),(542,23,'4750881071087',2,2,'The book\'s plot twists had me gasping in surprise.',1),(543,24,'9124225416077',2,3,'An empowering story that celebrates the strength of the human spirit.',1),(544,25,'1208178754022',2,2,'A thrilling and suspenseful ride that had me on the edge of my seat.',1),(545,26,'2236373350507',2,1,'The book\'s messages of hope and resilience touched my soul.',1),(546,27,'7816355491665',2,5,'The book\'s messages of hope and resilience touched my soul.',1),(547,28,'9420844907263',2,5,'The book explored complex emotions with honesty and depth.',1),(548,29,'2429401479687',2,4,'A gripping tale that had me on an emotional rollercoaster.',1),(549,30,'5005854205534',2,2,'The author\'s words flowed beautifully on the page.',1),(550,31,'6059063908818',2,5,'An absolute page-turner!',1),(551,32,'9628494895929',2,5,'The book had me on the edge of my seat from start to finish.',1),(552,33,'9268456015446',2,2,'A powerful and moving exploration of family and love.',1),(553,34,'8987538486697',2,2,'The author\'s attention to detail created a rich and immersive reading experience.',1),(554,35,'4205327113021',2,1,'A book that challenges conventions and breaks new ground.',1),(555,36,'7900840792776',2,5,'An inspiring tale of resilience and courage.',1),(556,22,'1889168116071',2,2,'The book explores the complexities of human nature with depth and compassion.',1),(557,23,'4750881071087',2,3,'The author\'s ability to create vivid and realistic characters is remarkable.',1),(558,24,'9124225416077',2,3,'I was captivated by the unique premise and execution.',1),(559,25,'1208178754022',2,3,'The book had me on the edge of my seat from start to finish.',1),(560,26,'2236373350507',2,3,'A thrilling adventure that kept me on the edge of my seat.',1),(561,27,'7816355491665',2,5,'The author\'s vivid descriptions brought the story to life.',1),(562,28,'9420844907263',2,2,'The book\'s atmospheric setting transported me to a different world.',1),(563,29,'2429401479687',2,1,'The book transported me to another time and place.',1),(564,30,'5005854205534',2,4,'A story that stayed with me long after I finished reading.',1),(565,31,'6059063908818',2,1,'The book made me see the world from a different perspective.',1),(566,32,'9628494895929',2,3,'The book\'s messages of hope and resilience touched my soul.',1),(567,33,'9268456015446',2,2,'A thrilling adventure that kept me on the edge of my seat.',1),(568,34,'8987538486697',2,5,'A book that challenges conventions and breaks new ground.',1),(569,35,'4205327113021',2,4,'The book explores the complexities of human nature with depth and compassion.',1),(570,36,'7900840792776',2,3,'The book tackles important social issues with sensitivity.',1),(571,166,'2236373350507',2,5,'An intelligent and thought-provoking read.',1),(572,167,'7816355491665',2,5,'The book\'s pacing is perfect, keeping the reader engaged throughout.',1),(573,168,'9420844907263',2,3,'A masterful storyteller who knows how to keep readers hooked.',1),(574,169,'2429401479687',2,3,'A book that challenges conventions and breaks new ground.',1),(575,170,'5005854205534',2,5,'A compelling narrative that kept me guessing until the end.',1),(576,171,'6059063908818',2,3,'A captivating narrative that had me hooked from the very first page.',1),(577,172,'9628494895929',2,3,'A masterful storyteller who knows how to keep readers hooked.',1),(578,173,'9268456015446',2,3,'An intelligent and thought-provoking read.',1),(579,174,'8987538486697',2,3,'The book had a perfect balance of action and introspection.',1),(580,175,'4205327113021',2,1,'The book\'s messages of hope and resilience touched my soul.',1),(581,176,'7900840792776',2,4,'An engaging and well-crafted plot that kept me hooked.',1),(582,177,'4063896675423',2,2,'The book\'s messages of hope and resilience touched my soul.',1),(583,178,'7336381692904',2,1,'The author\'s character development is top-notch.',1),(584,179,'2467290856588',2,4,'I was blown away by the author\'s creativity and imagination.',1),(585,180,'9365682719864',2,3,'The author\'s ability to create vivid and realistic characters is remarkable.',1),(586,181,'3168617182847',2,5,'The author has a unique and captivating voice.',1),(587,182,'1695536296474',2,5,'A thrilling and suspenseful ride that had me on the edge of my seat.',1),(588,183,'9868579959328',2,1,'A compelling narrative that kept me guessing until the end.',1),(589,184,'6394480590683',2,3,'I devoured this book in one sitting, unable to tear myself away.',1),(590,185,'6844276942955',2,5,'A beautifully written and deeply moving story.',1),(591,186,'8480137002386',2,4,'The book\'s themes resonated with me on a personal level.',1),(592,187,'2305999485439',2,2,'The book\'s themes are relevant and timely.',1),(593,188,'9260462577306',2,3,'The author\'s vivid descriptions brought the story to life.',1),(594,189,'2110220953860',2,2,'The author\'s writing style is poetic and evocative.',1),(595,190,'6051961753024',2,4,'The book explores the complexities of human nature with depth and compassion.',1),(596,191,'7418329670106',2,5,'An empowering story that celebrates the strength of the human spirit.',1),(597,192,'6680044084985',2,3,'A book that made me laugh, cry, and everything in between.',1),(598,193,'3373597292157',2,3,'The book explores the depths of human emotions with authenticity.',1),(599,194,'9545808685856',2,3,'A story that stayed with me long after I finished reading.',1),(600,195,'8964868935807',2,1,'A true gem that deserves all the praise and recognition.',1),(601,196,'5329490649624',2,1,'A refreshing take on a familiar genre.',1),(602,197,'1889168116071',2,1,'The writing is lyrical and poetic, a joy to read.',1),(603,198,'4750881071087',2,4,'I found myself completely absorbed in the world the author created.',1),(604,199,'9124225416077',2,5,'A gripping tale that had me on an emotional rollercoaster.',1),(605,200,'1208178754022',2,3,'A mesmerizing and unforgettable reading experience.',1),(606,201,'2236373350507',2,3,'A book that explores the complexities of human relationships.',1),(607,202,'7816355491665',2,3,'The book explored complex emotions with honesty and depth.',1),(608,203,'9420844907263',2,4,'A thrilling adventure that kept me on the edge of my seat.',1),(609,204,'2429401479687',2,2,'An impressive debut novel that showcases incredible talent.',1),(610,205,'5005854205534',2,3,'The book\'s themes resonated with me on a personal level.',1),(611,206,'6059063908818',2,3,'The book tackles important social issues with sensitivity.',1),(612,207,'9628494895929',2,5,'An intelligent and thought-provoking read.',1),(613,208,'9268456015446',2,5,'The author has a unique and captivating voice.',1),(614,209,'8987538486697',2,1,'The world-building was immersive and richly detailed.',1),(615,210,'4205327113021',2,4,'An intelligent and thought-provoking read.',1),(616,211,'7900840792776',2,4,'An intelligent and thought-provoking read.',1),(617,212,'4063896675423',2,3,'The book\'s themes are timely and relevant to our society.',1),(618,213,'7336381692904',2,1,'The book\'s atmospheric setting transported me to a different world.',1),(619,214,'2467290856588',2,4,'The book kept me up all night, eager to know what happens next.',1),(620,215,'9365682719864',2,3,'I was emotionally invested in the fate of the characters.',1),(621,216,'3168617182847',2,3,'A book that evoked strong emotions and left me in awe.',1),(622,217,'1695536296474',2,2,'I couldn\'t get enough of the author\'s beautiful prose.',1),(623,218,'9868579959328',2,2,'The book\'s message stayed with me long after I finished reading.',1),(624,219,'6394480590683',2,4,'I was emotionally invested in the journey of the main character.',1),(625,220,'6844276942955',2,2,'The author\'s vivid descriptions brought the story to life.',1),(626,221,'8480137002386',2,4,'The book explored complex emotions with honesty and depth.',1),(627,222,'2305999485439',2,1,'A book that challenged my preconceived notions and made me reflect.',1),(628,223,'9260462577306',2,3,'A beautifully written and deeply moving story.',1),(629,224,'2110220953860',2,4,'A beautifully crafted narrative that tugged at my heartstrings.',1),(630,225,'6051961753024',2,3,'The book\'s themes resonated with me on a personal level.',1),(631,226,'7418329670106',2,5,'A thrilling adventure that kept me on the edge of my seat.',1),(632,227,'6680044084985',2,2,'A book that will keep you guessing until the final page.',1),(633,228,'3373597292157',2,3,'I was completely immersed in the richly imagined world.',1),(634,229,'9545808685856',2,1,'A gripping tale that had me on an emotional rollercoaster.',1),(635,230,'8964868935807',2,1,'The author\'s ability to create vivid and realistic characters is remarkable.',1),(636,231,'5329490649624',2,5,'The book left me with a lasting impression.',1),(637,232,'1889168116071',2,3,'The plot was brilliantly crafted.',1),(638,233,'4750881071087',2,3,'The book\'s pacing is perfect, keeping the reader engaged throughout.',1),(639,234,'9124225416077',2,2,'The book explored complex emotions with honesty and depth.',1),(640,235,'1208178754022',2,3,'The author\'s writing is raw, honest, and unputdownable.',1),(641,236,'2236373350507',2,2,'The author\'s vivid descriptions brought the story to life.',1),(642,237,'7816355491665',2,3,'The book\'s atmospheric setting transported me to a different world.',1),(643,238,'9420844907263',2,5,'A book that left me contemplating the deeper questions of life.',1),(644,239,'2429401479687',2,5,'I was emotionally invested in the journey of the main character.',1),(645,240,'5005854205534',2,2,'The characters felt so real, I became emotionally invested.',1),(646,241,'6059063908818',2,2,'A thrilling and suspenseful ride that had me on the edge of my seat.',1),(647,242,'9628494895929',2,3,'The author\'s ability to create vivid and realistic characters is remarkable.',1),(648,243,'9268456015446',2,1,'The book\'s exploration of love and loss is both heartbreaking and uplifting.',1),(649,244,'8987538486697',2,1,'The book tackles important social issues with sensitivity.',1),(650,245,'4205327113021',2,4,'The book\'s message stayed with me long after I finished reading.',1),(651,246,'7900840792776',2,5,'A poignant and heartfelt story that touched my soul.',1),(652,247,'4063896675423',2,4,'A thrilling adventure that kept me on the edge of my seat.',1),(653,248,'7336381692904',2,4,'The book\'s message stayed with me long after I finished reading.',1),(654,249,'2467290856588',2,2,'A tale of love, betrayal, and redemption that captivated me.',1),(655,166,'2236373350507',2,1,'A book that explores the complexities of human relationships.',1),(656,167,'7816355491665',2,4,'I was completely engrossed in the story.',1),(657,168,'9420844907263',2,2,'A true gem that deserves all the praise and recognition.',1),(658,169,'2429401479687',2,3,'A captivating narrative that had me hooked from the very first page.',1),(659,170,'5005854205534',2,4,'I found myself completely absorbed in the world the author created.',1),(660,171,'6059063908818',2,4,'A gripping tale that had me on an emotional rollercoaster.',1),(661,172,'9628494895929',2,1,'The book\'s prose is elegant and beautifully crafted.',1),(662,173,'9268456015446',2,3,'The author\'s storytelling skills are unparalleled.',1),(663,174,'8987538486697',2,2,'An enchanting and magical journey.',1),(664,175,'4205327113021',2,2,'I couldn\'t get enough of the author\'s beautiful prose.',1),(665,176,'7900840792776',2,1,'The book\'s themes resonated with me on a personal level.',1),(666,177,'4063896675423',2,2,'A poignant and powerful portrayal of love and loss.',1),(667,178,'7336381692904',2,3,'A fascinating exploration of human nature.',1),(668,179,'2467290856588',2,5,'A thrilling adventure that kept me on the edge of my seat.',1),(669,180,'9365682719864',2,3,'A deeply moving story that resonated with me on a profound level.',1),(670,181,'3168617182847',2,3,'A captivating narrative that had me hooked from the very first page.',1),(671,182,'1695536296474',2,2,'The plot was brilliantly crafted.',1),(672,183,'9868579959328',2,5,'The book\'s message stayed with me long after I finished reading.',1),(673,184,'6394480590683',2,4,'The book\'s message stayed with me long after I finished reading.',1),(674,185,'6844276942955',2,4,'I was emotionally invested in the journey of the main character.',1),(675,186,'8480137002386',2,4,'The book\'s atmospheric setting transported me to a different world.',1),(676,187,'2305999485439',2,2,'A book that will make you laugh, cry, and reflect.',1),(677,188,'9260462577306',2,3,'I was captivated by the unique premise and execution.',1),(678,189,'2110220953860',2,1,'A beautifully written and deeply moving story.',1),(679,190,'6051961753024',2,3,'A story that stayed with me long after I finished reading.',1),(680,191,'7418329670106',2,2,'The book\'s plot twists had me gasping in surprise.',1),(681,192,'6680044084985',2,3,'The author\'s storytelling skills are exceptional.',1),(682,193,'3373597292157',2,4,'The author\'s character development is top-notch.',1),(683,194,'9545808685856',2,1,'I was blown away by the author\'s creativity and imagination.',1),(684,195,'8964868935807',2,4,'An empowering story that celebrates the strength of the human spirit.',1),(685,196,'5329490649624',2,1,'The author\'s ability to create vivid and realistic characters is remarkable.',1),(686,197,'1889168116071',2,2,'I was completely absorbed in the world-building and mythology.',1),(687,198,'4750881071087',2,4,'An empowering story that celebrates the strength of the human spirit.',1),(688,199,'9124225416077',2,4,'A story that stayed with me long after I finished reading.',1),(689,200,'1208178754022',2,5,'A book that will keep you guessing until the final page.',1),(690,201,'2236373350507',2,4,'I couldn\'t stop talking about this book to everyone I know.',1),(691,202,'7816355491665',2,1,'A poignant and heartfelt story that touched my soul.',1),(692,203,'9420844907263',2,2,'The author\'s character development is top-notch.',1),(693,204,'2429401479687',2,5,'The author\'s character development is top-notch.',1),(694,205,'5005854205534',2,4,'A heartwarming story of love, friendship, and redemption.',1),(695,206,'6059063908818',2,3,'I couldn\'t put it down!',1),(696,207,'9628494895929',2,1,'The book had me on the edge of my seat from start to finish.',1),(697,208,'9268456015446',2,5,'A captivating narrative that had me hooked from the very first page.',1),(698,209,'8987538486697',2,5,'A masterful storyteller who knows how to keep readers hooked.',1),(699,210,'4205327113021',2,4,'I was emotionally invested in the journey of the main character.',1),(700,211,'7900840792776',2,4,'The characters felt so real, I became emotionally invested.',1),(701,212,'4063896675423',2,3,'The book made me see the world from a different perspective.',1),(702,213,'7336381692904',2,4,'The author\'s vivid descriptions brought the story to life.',1),(703,214,'2467290856588',2,1,'An intelligent and thought-provoking read.',1),(704,215,'9365682719864',2,3,'The author\'s vivid descriptions brought the story to life.',1),(705,216,'3168617182847',2,1,'A heartwarming story of love, friendship, and redemption.',1),(706,217,'1695536296474',2,4,'A book that explores the complexities of human relationships.',1),(707,218,'9868579959328',2,3,'A captivating narrative that had me hooked from the very first page.',1),(708,219,'6394480590683',2,3,'A story that will stay with me for a lifetime.',1),(709,220,'6844276942955',2,5,'The author\'s prose is elegant and evocative.',1),(710,221,'8480137002386',2,2,'The book\'s message stayed with me long after I finished reading.',1),(711,222,'2305999485439',2,2,'The book explores the complexities of human nature with depth and compassion.',1),(712,223,'9260462577306',2,2,'The book\'s themes resonated with me on a personal level.',1),(713,224,'2110220953860',2,3,'The book explores the complexities of human nature with depth and compassion.',1),(714,225,'6051961753024',2,4,'A book that will keep you guessing until the final page.',1),(715,226,'7418329670106',2,1,'The book\'s messages of hope and resilience touched my soul.',1),(716,227,'6680044084985',2,4,'I highly recommend this book to all book lovers!',1),(717,228,'3373597292157',2,3,'The author\'s vivid descriptions brought the story to life.',1),(718,229,'9545808685856',2,3,'A book that challenges conventions and breaks new ground.',1),(719,230,'8964868935807',2,3,'The author\'s ability to create vivid and realistic characters is remarkable.',1),(720,231,'5329490649624',2,1,'A beautifully written and deeply moving story.',1),(721,232,'1889168116071',2,3,'A mesmerizing and unforgettable reading experience.',1),(722,233,'4750881071087',2,5,'A beautifully written and deeply moving story.',1),(723,234,'9124225416077',2,1,'An empowering story that celebrates the strength of the human spirit.',1),(724,235,'1208178754022',2,1,'A story that stayed with me long after I finished reading.',1),(725,236,'2236373350507',2,5,'A poignant and heartfelt story that touched my soul.',1),(726,237,'7816355491665',2,5,'A book that evoked strong emotions and left me in awe.',1),(727,238,'9420844907263',2,3,'I was completely engrossed in the story.',1),(728,239,'2429401479687',2,4,'The book tackles important themes with sensitivity and grace.',1),(729,240,'5005854205534',2,5,'The author\'s storytelling skills are unparalleled.',1),(730,241,'6059063908818',2,2,'A tale of love, betrayal, and redemption that captivated me.',1),(731,242,'9628494895929',2,3,'A rollercoaster of emotions that I couldn\'t want to end.',1),(732,243,'9268456015446',2,3,'An inspiring tale of resilience and courage.',1),(733,244,'8987538486697',2,4,'The book\'s twists and turns kept me guessing until the very end.',1),(734,245,'4205327113021',2,4,'The book\'s plot twists had me gasping in surprise.',1),(735,246,'7900840792776',2,3,'The suspense kept me on the edge of my seat.',1),(736,247,'4063896675423',2,4,'An inspiring tale of resilience and courage.',1),(737,248,'7336381692904',2,3,'The writing is lyrical and poetic, a joy to read.',1),(738,249,'2467290856588',2,5,'An intelligent and thought-provoking read.',1),(739,166,'2236373350507',2,2,'The book explores the complexities of human nature with depth and compassion.',1),(740,167,'7816355491665',2,2,'I devoured this book in one sitting, unable to tear myself away.',1),(741,168,'9420844907263',2,2,'The author\'s vivid descriptions brought the story to life.',1),(742,169,'2429401479687',2,3,'A story that stayed with me long after I finished reading.',1),(743,170,'5005854205534',2,5,'I couldn\'t stop talking about this book to everyone I know.',1),(744,171,'6059063908818',2,4,'A story that stayed with me long after I finished reading.',1),(745,172,'9628494895929',2,4,'A masterfully crafted story that left me breathless.',1),(746,173,'9268456015446',2,1,'The book had a perfect blend of action, romance, and intrigue.',1),(747,174,'8987538486697',2,4,'The book transported me to another time and place.',1),(748,175,'4205327113021',2,3,'The book\'s message stayed with me long after I finished reading.',1),(749,176,'7900840792776',2,2,'The author\'s storytelling skills are exceptional.',1),(750,177,'4063896675423',2,5,'An empowering story that celebrates the strength of the human spirit.',1),(751,178,'7336381692904',2,1,'The author\'s descriptive prose painted vivid images in my mind.',1),(752,179,'2467290856588',2,4,'A deeply moving story that touched my soul.',1),(753,180,'9365682719864',2,1,'A fascinating exploration of human nature.',1),(754,181,'3168617182847',2,4,'The book\'s themes resonated with me on a personal level.',1),(755,182,'1695536296474',2,5,'A true masterpiece that will stay with me forever.',1),(756,183,'9868579959328',2,4,'I devoured this book in one sitting, unable to tear myself away.',1),(757,184,'6394480590683',2,5,'The author\'s vivid descriptions brought the story to life.',1),(758,185,'6844276942955',2,5,'A masterful storyteller who knows how to keep readers hooked.',1),(759,186,'8480137002386',2,2,'The author has a unique and captivating voice.',1),(760,187,'2305999485439',2,4,'The book\'s messages of hope and resilience touched my soul.',1),(761,188,'9260462577306',2,5,'The book\'s themes resonated with me on a personal level.',1),(762,189,'2110220953860',2,3,'The book\'s themes are timely and relevant to our society.',1),(763,190,'6051961753024',2,3,'A beautifully written and deeply moving story.',1),(764,191,'7418329670106',2,5,'I was blown away by the author\'s creativity and imagination.',1),(765,192,'6680044084985',2,4,'The book made me see the world from a different perspective.',1),(766,193,'3373597292157',2,4,'A book that challenges conventions and breaks new ground.',1),(767,194,'9545808685856',2,1,'A must-read for anyone who loves a gripping mystery.',1),(768,195,'8964868935807',2,4,'An intelligent and thought-provoking read.',1),(769,196,'5329490649624',2,1,'The book transported me to another time and place.',1),(770,197,'1889168116071',2,4,'The book\'s themes are relevant and timely.',1),(771,198,'4750881071087',2,5,'I was completely absorbed in the world-building and mythology.',1),(772,199,'9124225416077',2,1,'The book\'s pacing is perfect, keeping the reader engaged throughout.',1),(773,200,'1208178754022',2,4,'A beautifully crafted narrative that tugged at my heartstrings.',1),(774,201,'2236373350507',2,1,'The book made me question my own beliefs and values.',1),(775,202,'7816355491665',2,3,'The book explores the complexities of human nature with depth and compassion.',1),(776,203,'9420844907263',2,2,'A book that challenges conventions and breaks new ground.',1),(777,204,'2429401479687',2,3,'The book\'s message stayed with me long after I finished reading.',1),(778,205,'5005854205534',2,5,'The book\'s prose is elegant and beautifully crafted.',1),(779,206,'6059063908818',2,4,'The book explored complex emotions with honesty and depth.',1),(780,207,'9628494895929',2,2,'A masterful storyteller who knows how to keep readers hooked.',1),(781,208,'9268456015446',2,3,'I was completely invested in the fates of the characters.',1),(782,209,'8987538486697',2,3,'An absolute page-turner!',1),(783,210,'4205327113021',2,4,'A book that will keep you guessing until the final page.',1),(784,211,'7900840792776',2,1,'An engaging and well-crafted plot that kept me hooked.',1),(785,212,'4063896675423',2,2,'The book\'s plot twists had me gasping in surprise.',1),(786,213,'7336381692904',2,2,'The book explores the complexities of human nature with depth and compassion.',1),(787,214,'2467290856588',2,5,'A masterful storyteller who knows how to keep readers hooked.',1),(788,215,'9365682719864',2,1,'A gripping tale that had me on an emotional rollercoaster.',1),(789,216,'3168617182847',2,5,'The book challenged my perspective and made me think.',1),(790,217,'1695536296474',2,3,'The book\'s exploration of love and loss is both heartbreaking and uplifting.',1),(791,218,'9868579959328',2,1,'I laughed, I cried, and I couldn\'t stop reading.',1),(792,219,'6394480590683',2,1,'I couldn\'t wait to recommend this book to everyone I know.',1),(793,220,'6844276942955',2,2,'I couldn\'t wait to recommend this book to everyone I know.',1),(794,221,'8480137002386',2,4,'A story that stayed with me long after I finished reading.',1),(795,222,'2305999485439',2,5,'The book\'s atmospheric setting transported me to a different world.',1),(796,223,'9260462577306',2,3,'The author\'s vivid descriptions brought the story to life.',1),(797,224,'2110220953860',2,2,'The book made me question my own beliefs and values.',1),(798,225,'6051961753024',2,5,'A book that challenges conventions and breaks new ground.',1),(799,226,'7418329670106',2,4,'The book\'s messages of hope and resilience touched my soul.',1),(800,227,'6680044084985',2,1,'The world-building was immersive and richly detailed.',1),(801,228,'3373597292157',2,5,'A book that made me laugh, cry, and everything in between.',1),(802,229,'9545808685856',2,1,'Full of twists and surprises.',1),(803,230,'8964868935807',2,1,'I couldn\'t turn the pages fast enough.',1),(804,231,'5329490649624',2,5,'The book explores the depths of human emotions with authenticity.',1),(805,232,'1889168116071',2,5,'A beautifully written story that touched my heart.',1),(806,233,'4750881071087',2,1,'A compelling narrative that kept me guessing until the end.',1),(807,234,'9124225416077',2,2,'The book\'s messages of hope and resilience touched my soul.',1),(808,235,'1208178754022',2,2,'A story of triumph and resilience that inspired me.',1),(809,236,'2236373350507',2,2,'A beautifully written story that touched my heart.',1),(810,237,'7816355491665',2,5,'A fascinating exploration of human nature.',1),(811,238,'9420844907263',2,1,'The author\'s attention to detail created a rich and immersive reading experience.',1),(812,239,'2429401479687',2,2,'A book that will keep you guessing until the final page.',1),(813,240,'5005854205534',2,2,'A book that will keep you guessing until the final page.',1),(814,241,'6059063908818',2,3,'The author\'s prose is elegant and evocative.',1),(815,242,'9628494895929',2,3,'I was completely invested in the fates of the characters.',1),(816,243,'9268456015446',2,2,'An impressive debut novel that showcases incredible talent.',1),(817,244,'8987538486697',2,1,'The author\'s vivid descriptions brought the story to life.',1),(818,245,'4205327113021',2,2,'A masterful storyteller who knows how to keep readers hooked.',1),(819,246,'7900840792776',2,4,'The characters felt so real, I became emotionally invested.',1),(820,247,'4063896675423',2,4,'The suspense kept me on the edge of my seat.',1),(821,248,'7336381692904',2,2,'The book made me question my own beliefs and values.',1),(822,249,'2467290856588',2,1,'A book that challenged my preconceived notions and made me reflect.',1),(823,166,'2236373350507',2,2,'The author\'s descriptive writing transported me to another world.',1),(824,167,'7816355491665',2,5,'A book that captures the essence of human relationships with authenticity.',1),(825,168,'9420844907263',2,4,'A thrilling adventure that kept me on the edge of my seat.',1),(826,169,'2429401479687',2,1,'The author\'s prose is elegant and evocative.',1),(827,170,'5005854205534',2,4,'I was emotionally invested in the journey of the main character.',1),(828,171,'6059063908818',2,2,'The book\'s messages of hope and resilience touched my soul.',1),(829,172,'9628494895929',2,4,'A book that challenged my preconceived notions and made me reflect.',1),(830,173,'9268456015446',2,1,'I was emotionally invested in the journey of the main character.',1),(831,174,'8987538486697',2,3,'An empowering story that celebrates the strength of the human spirit.',1),(832,175,'4205327113021',2,5,'A book that will keep you guessing until the final page.',1),(833,176,'7900840792776',2,2,'The author\'s ability to create vivid and realistic characters is remarkable.',1),(834,177,'4063896675423',2,3,'The author\'s prose is elegant and evocative.',1),(835,178,'7336381692904',2,5,'A deeply moving story that touched my soul.',1),(836,179,'2467290856588',2,1,'The author\'s attention to detail created a rich and immersive reading experience.',1),(837,180,'9365682719864',2,5,'The book\'s messages of hope and resilience touched my soul.',1),(838,181,'3168617182847',2,3,'The book\'s twists and turns kept me guessing until the very end.',1),(839,182,'1695536296474',2,5,'The book\'s exploration of love and loss is both heartbreaking and uplifting.',1),(840,183,'9868579959328',2,2,'A mesmerizing and unforgettable reading experience.',1),(841,184,'6394480590683',2,5,'The book challenged my assumptions and expanded my horizons.',1),(842,185,'6844276942955',2,2,'A masterful storyteller who knows how to keep readers hooked.',1),(843,186,'8480137002386',2,5,'The book shines a light on important social issues with grace.',1),(844,187,'2305999485439',2,1,'The book raises important questions about society and identity.',1),(845,188,'9260462577306',2,5,'The book\'s pacing is perfect, keeping the reader engaged throughout.',1),(846,189,'2110220953860',2,4,'The book tackles important social issues with sensitivity.',1),(847,190,'6051961753024',2,3,'A book that challenges conventions and breaks new ground.',1),(848,191,'7418329670106',2,4,'I was emotionally invested in the journey of the main character.',1),(849,192,'6680044084985',2,5,'A book that challenges conventions and breaks new ground.',1),(850,193,'3373597292157',2,4,'I was emotionally invested in the fate of the characters.',1),(851,194,'9545808685856',2,1,'The book tackles important social issues with sensitivity.',1),(852,195,'8964868935807',2,5,'The author\'s storytelling skills are unparalleled.',1),(853,196,'5329490649624',2,1,'A thrilling and suspenseful ride from beginning to end.',1),(854,197,'1889168116071',2,3,'The book\'s messages of hope and resilience touched my soul.',1),(855,198,'4750881071087',2,4,'An empowering story that celebrates the strength of the human spirit.',1),(856,199,'9124225416077',2,1,'The book\'s plot twists had me gasping in surprise.',1),(857,200,'1208178754022',2,5,'A book that challenges conventions and breaks new ground.',1),(858,201,'2236373350507',2,2,'I was emotionally invested in the fate of the characters.',1),(859,202,'7816355491665',2,1,'I found myself completely absorbed in the world the author created.',1),(860,203,'9420844907263',2,1,'The book\'s themes are timely and relevant to our society.',1),(861,204,'2429401479687',2,1,'An intelligent and thought-provoking read.',1),(862,205,'5005854205534',2,4,'The book challenged my perspective and made me think.',1),(863,206,'6059063908818',2,2,'The book kept me up all night, eager to know what happens next.',1),(864,207,'9628494895929',2,2,'A book that explores the complexities of human relationships.',1),(865,208,'9268456015446',2,1,'The author\'s descriptive prose painted vivid images in my mind.',1),(866,209,'8987538486697',2,4,'The author\'s words flowed beautifully on the page.',1),(867,210,'4205327113021',2,4,'The book\'s themes are timely and relevant to our society.',1),(868,211,'7900840792776',2,1,'A story that stayed with me long after I finished reading.',1),(869,212,'4063896675423',2,2,'A masterful storyteller who knows how to keep readers hooked.',1),(870,213,'7336381692904',2,1,'A masterful storyteller who knows how to keep readers hooked.',1),(871,214,'2467290856588',2,1,'The book\'s exploration of love and loss is both heartbreaking and uplifting.',1),(872,215,'9365682719864',2,1,'The book explores the complexities of human nature with depth and compassion.',1),(873,216,'3168617182847',2,3,'The book\'s message stayed with me long after I finished reading.',1),(874,217,'1695536296474',2,4,'The book challenged my assumptions and expanded my horizons.',1),(875,218,'9868579959328',2,3,'I was captivated by the unique premise and execution.',1),(876,219,'6394480590683',2,4,'The author\'s vivid descriptions brought the story to life.',1),(877,220,'6844276942955',2,3,'A masterful storyteller who knows how to keep readers hooked.',1),(878,221,'8480137002386',2,4,'A book that explores the complexities of human relationships.',1),(879,222,'2305999485439',2,4,'A tale of love, betrayal, and redemption that captivated me.',1),(880,223,'9260462577306',2,3,'A gripping story that had me hooked from the very first page.',1),(881,224,'2110220953860',2,2,'The book\'s themes resonated with me on a personal level.',1),(882,225,'6051961753024',2,4,'An empowering story that celebrates the strength of the human spirit.',1),(883,226,'7418329670106',2,5,'An absolute page-turner!',1),(884,227,'6680044084985',2,2,'The plot was brilliantly crafted.',1),(885,228,'3373597292157',2,3,'A story that stayed with me long after I finished reading.',1),(886,229,'9545808685856',2,1,'The book\'s plot twists had me gasping in surprise.',1),(887,230,'8964868935807',2,2,'A tale of love, betrayal, and redemption that captivated me.',1),(888,231,'5329490649624',2,1,'The author\'s character development is top-notch.',1),(889,232,'1889168116071',2,2,'A must-read for anyone who loves a gripping mystery.',1),(890,233,'4750881071087',2,1,'A gripping tale that had me on an emotional rollercoaster.',1),(891,234,'9124225416077',2,1,'A book that challenges conventions and breaks new ground.',1),(892,235,'1208178754022',2,4,'An empowering story that celebrates the strength of the human spirit.',1),(893,236,'2236373350507',2,2,'The author\'s character development is top-notch.',1),(894,237,'7816355491665',2,1,'A powerful exploration of the human condition.',1),(895,238,'9420844907263',2,1,'I devoured this book in one sitting, unable to tear myself away.',1),(896,239,'2429401479687',2,1,'I laughed, I cried, and I couldn\'t stop reading.',1),(897,240,'5005854205534',2,1,'I devoured this book in one sitting, unable to tear myself away.',1),(898,241,'6059063908818',2,4,'A thrilling adventure that kept me on the edge of my seat.',1),(899,242,'9628494895929',2,3,'An intelligent and thought-provoking read.',1),(900,243,'9268456015446',2,3,'A poignant and powerful portrayal of love and loss.',1),(901,244,'8987538486697',2,2,'The book\'s pacing is perfect, keeping the reader engaged throughout.',1),(902,245,'4205327113021',2,3,'The book transported me to another time and place.',1),(903,246,'7900840792776',2,1,'The book had me on the edge of my seat from start to finish.',1),(904,247,'4063896675423',2,4,'I couldn\'t stop talking about this book to everyone I know.',1),(905,248,'7336381692904',2,2,'The book\'s themes resonated with me on a personal level.',1),(906,249,'2467290856588',2,2,'A masterfully crafted story that left me breathless.',1),(907,166,'2236373350507',2,5,'The book made me question my own beliefs and values.',1),(908,167,'7816355491665',2,4,'A beautifully written story that touched my heart.',1),(909,168,'9420844907263',2,2,'The book\'s messages of hope and resilience touched my soul.',1),(910,169,'2429401479687',2,2,'The suspense kept me on the edge of my seat.',1),(911,170,'5005854205534',2,3,'I was captivated by the unique premise and execution.',1),(912,171,'6059063908818',2,5,'A book that explores the complexities of human relationships.',1),(913,172,'9628494895929',2,1,'A true gem that deserves all the praise and recognition.',1),(914,173,'9268456015446',2,3,'A book that evoked strong emotions and left me in awe.',1),(915,174,'8987538486697',2,3,'The book challenged my perspective and made me think.',1),(916,175,'4205327113021',2,3,'The book made me question my own beliefs and values.',1),(917,176,'7900840792776',2,2,'A beautifully written and deeply moving story.',1),(918,177,'4063896675423',2,3,'I devoured this book in one sitting, unable to tear myself away.',1),(919,178,'7336381692904',2,5,'I couldn\'t get enough of the author\'s beautiful prose.',1),(920,179,'2467290856588',2,2,'An engaging and well-crafted plot that kept me hooked.',1),(921,180,'9365682719864',2,4,'A book that will keep you guessing until the final page.',1),(922,181,'3168617182847',2,1,'The book shines a light on important social issues with grace.',1),(923,182,'1695536296474',2,1,'A book that captures the essence of human relationships with authenticity.',1),(924,183,'9868579959328',2,5,'The book\'s message stayed with me long after I finished reading.',1),(925,184,'6394480590683',2,4,'I devoured this book in one sitting, unable to tear myself away.',1),(926,185,'6844276942955',2,3,'A poignant and powerful portrayal of love and loss.',1),(927,186,'8480137002386',2,4,'The author\'s character development is top-notch.',1),(928,187,'2305999485439',2,4,'A rollercoaster of emotions that I couldn\'t want to end.',1),(929,188,'9260462577306',2,3,'A heartwarming story of love, friendship, and redemption.',1),(930,189,'2110220953860',2,3,'A beautifully written and deeply moving story.',1),(931,190,'6051961753024',2,3,'A masterfully crafted story that left me breathless.',1),(932,191,'7418329670106',2,4,'A true gem that deserves all the praise and recognition.',1),(933,192,'6680044084985',2,3,'The book explores the complexities of human nature with depth and compassion.',1),(934,193,'3373597292157',2,1,'The author\'s attention to detail brought the story to life.',1),(935,194,'9545808685856',2,4,'A rollercoaster of emotions that I couldn\'t want to end.',1),(936,195,'8964868935807',2,1,'The suspense kept me on the edge of my seat.',1),(937,196,'5329490649624',2,3,'A masterful storyteller who knows how to keep readers hooked.',1),(938,197,'1889168116071',2,2,'The book\'s plot twists had me gasping in surprise.',1),(939,198,'4750881071087',2,2,'A tale of love, betrayal, and redemption that captivated me.',1),(940,199,'9124225416077',2,1,'A thrilling and suspenseful ride that had me on the edge of my seat.',1),(941,200,'1208178754022',2,4,'An absolute page-turner!',1),(942,201,'2236373350507',2,1,'An intelligent and thought-provoking read.',1),(943,202,'7816355491665',2,4,'The book\'s twists and turns kept me guessing until the very end.',1),(944,203,'9420844907263',2,4,'The book\'s themes are timely and relevant to our society.',1),(945,204,'2429401479687',2,2,'I was emotionally invested in the journey of the main character.',1),(946,205,'5005854205534',2,3,'The author\'s ability to create vivid and realistic characters is remarkable.',1),(947,206,'6059063908818',2,3,'A book that made me laugh, cry, and everything in between.',1),(948,207,'9628494895929',2,1,'The book\'s pacing is perfect, keeping the reader engaged throughout.',1),(949,208,'9268456015446',2,5,'I was emotionally invested in the fate of the characters.',1),(950,209,'8987538486697',2,5,'A thrilling and suspenseful ride that had me on the edge of my seat.',1),(951,210,'4205327113021',2,1,'The suspense kept me on the edge of my seat.',1),(952,211,'7900840792776',2,1,'The book\'s atmospheric setting transported me to a different world.',1),(953,212,'4063896675423',2,4,'The author\'s attention to detail brought the story to life.',1),(954,213,'7336381692904',2,2,'The book is a testament to the power of storytelling.',1),(955,214,'2467290856588',2,1,'The book had me on the edge of my seat from start to finish.',1),(956,215,'9365682719864',2,2,'The book\'s atmospheric setting transported me to a different world.',1),(957,216,'3168617182847',2,4,'I was captivated by the unique premise and execution.',1),(958,217,'1695536296474',2,3,'The book\'s message stayed with me long after I finished reading.',1),(959,218,'9868579959328',2,1,'The author\'s prose is elegant and evocative.',1),(960,219,'6394480590683',2,1,'The author\'s ability to create vivid and realistic characters is remarkable.',1),(961,220,'6844276942955',2,3,'The book\'s twists and turns kept me guessing until the very end.',1),(962,221,'8480137002386',2,5,'An emotional rollercoaster that left me wanting more.',1),(963,222,'2305999485439',2,5,'A book that will make you laugh, cry, and reflect.',1),(964,223,'9260462577306',2,2,'The book\'s twists and turns kept me guessing until the very end.',1),(965,224,'2110220953860',2,5,'The author\'s ability to create vivid and realistic characters is remarkable.',1),(966,225,'6051961753024',2,4,'A poignant and powerful portrayal of love and loss.',1),(967,226,'7418329670106',2,5,'The book had me on the edge of my seat from start to finish.',1),(968,227,'6680044084985',2,1,'The author\'s storytelling skills are unparalleled.',1),(969,228,'3373597292157',2,4,'An intelligent and thought-provoking read.',1),(970,229,'9545808685856',2,1,'An impressive debut novel that showcases incredible talent.',1),(971,230,'8964868935807',2,5,'A book that will keep you guessing until the final page.',1),(972,231,'5329490649624',2,5,'A powerful exploration of the human condition.',1),(973,232,'1889168116071',2,2,'The author\'s storytelling skills are exceptional.',1),(974,233,'4750881071087',2,2,'The book\'s message stayed with me long after I finished reading.',1),(975,234,'9124225416077',2,2,'An absolute page-turner!',1),(976,235,'1208178754022',2,1,'The book\'s message stayed with me long after I finished reading.',1),(977,236,'2236373350507',2,1,'The author\'s writing style is poetic and evocative.',1),(978,237,'7816355491665',2,4,'A true gem that deserves all the praise and recognition.',1),(979,238,'9420844907263',2,2,'The book\'s themes are relevant and timely.',1),(980,239,'2429401479687',2,5,'The book left me with a lasting impression.',1),(981,240,'5005854205534',2,4,'The author\'s ability to create vivid and realistic characters is remarkable.',1),(982,241,'6059063908818',2,2,'The book had a perfect balance of action and introspection.',1),(983,242,'9628494895929',2,3,'The book tackles important social issues with sensitivity.',1),(984,243,'9268456015446',2,4,'The author\'s ability to create vivid and realistic characters is remarkable.',1),(985,244,'8987538486697',2,2,'The author\'s prose is elegant and evocative.',1),(986,245,'4205327113021',2,2,'I was completely immersed in the richly imagined world.',1),(987,246,'7900840792776',2,1,'The book\'s pacing is perfect, keeping the reader engaged throughout.',1),(988,247,'4063896675423',2,5,'The writing is lyrical and poetic, a joy to read.',1),(989,248,'7336381692904',2,4,'A mesmerizing and unforgettable reading experience.',1),(990,249,'2467290856588',2,4,'A masterful storyteller who knows how to keep readers hooked.',1),(991,37,'7531926359058',3,2,'I was completely engrossed in the story.',1),(992,38,'3104623812028',3,4,'The book had a perfect balance of action and introspection.',1),(993,39,'8101252304647',3,4,'The book\'s themes resonated with me on a personal level.',1),(994,40,'7914753651502',3,4,'A poignant and heartfelt story that touched my soul.',1),(995,41,'3089563309199',3,5,'A fascinating exploration of human nature.',1),(996,42,'3624477914017',3,2,'A tale of love, betrayal, and redemption that captivated me.',1),(997,43,'6546393799368',3,1,'The book explores the complexities of human nature with depth and compassion.',1),(998,44,'4323311728260',3,5,'The book\'s pacing is perfect, keeping the reader engaged throughout.',1),(999,45,'9141930245818',3,5,'The author\'s ability to create vivid and realistic characters is remarkable.',1),(1000,46,'7546980348501',3,1,'The book tackles important themes with sensitivity and grace.',1),(1001,47,'1636152923242',3,1,'The author\'s writing style is poetic and evocative.',1),(1002,48,'6373506215818',3,1,'The book had a perfect balance of action and introspection.',1),(1003,49,'9455200205190',3,5,'The characters were relatable and well-developed.',1),(1004,50,'7689513291998',3,3,'A thought-provoking and captivating read.',1),(1005,51,'2807865103474',3,5,'The book\'s messages of hope and resilience touched my soul.',1),(1006,37,'7531926359058',3,2,'The book\'s pacing is perfect, keeping the reader engaged throughout.',1),(1007,38,'3104623812028',3,5,'A book that explores the complexities of human relationships.',1),(1008,39,'8101252304647',3,5,'A story that stayed with me long after I finished reading.',1),(1009,40,'7914753651502',3,2,'The book\'s atmospheric setting transported me to a different world.',1),(1010,41,'3089563309199',3,5,'A book that challenges conventions and breaks new ground.',1),(1011,42,'3624477914017',3,2,'The book\'s plot twists had me gasping in surprise.',1),(1012,43,'6546393799368',3,3,'The book\'s pacing is perfect, keeping the reader engaged throughout.',1),(1013,44,'4323311728260',3,1,'The book\'s messages of hope and resilience touched my soul.',1),(1014,45,'9141930245818',3,4,'An empowering story that celebrates the strength of the human spirit.',1),(1015,46,'7546980348501',3,2,'The plot was brilliantly crafted.',1),(1016,47,'1636152923242',3,5,'The author\'s writing is raw, honest, and unputdownable.',1),(1017,48,'6373506215818',3,3,'I was completely engrossed in the story.',1),(1018,49,'9455200205190',3,4,'The book\'s exploration of love and loss is both heartbreaking and uplifting.',1),(1019,50,'7689513291998',3,1,'A tale of love, betrayal, and redemption that captivated me.',1),(1020,51,'2807865103474',3,1,'The author\'s ability to create vivid and realistic characters is remarkable.',1),(1021,37,'7531926359058',3,4,'A book that will keep you guessing until the final page.',1),(1022,38,'3104623812028',3,5,'The book\'s atmospheric setting transported me to a different world.',1),(1023,39,'8101252304647',3,1,'The book explores the depths of human emotions with authenticity.',1),(1024,40,'7914753651502',3,5,'The book raises important questions about society and identity.',1),(1025,41,'3089563309199',3,5,'A gripping story that had me hooked from the very first page.',1),(1026,42,'3624477914017',3,5,'I was completely absorbed in the world-building and mythology.',1),(1027,43,'6546393799368',3,1,'I devoured this book in one sitting, unable to tear myself away.',1),(1028,44,'4323311728260',3,5,'The book\'s twists and turns kept me guessing until the very end.',1),(1029,45,'9141930245818',3,4,'The book\'s message stayed with me long after I finished reading.',1),(1030,46,'7546980348501',3,5,'I highly recommend this book to all book lovers!',1),(1031,47,'1636152923242',3,5,'I couldn\'t turn the pages fast enough.',1),(1032,48,'6373506215818',3,5,'The author\'s ability to create vivid and realistic characters is remarkable.',1),(1033,49,'9455200205190',3,5,'An empowering story that celebrates the strength of the human spirit.',1),(1034,50,'7689513291998',3,3,'The book\'s messages of hope and resilience touched my soul.',1),(1035,51,'2807865103474',3,4,'The book had a perfect balance of action and introspection.',1),(1036,37,'7531926359058',3,2,'A thrilling adventure that kept me on the edge of my seat.',1),(1037,38,'3104623812028',3,5,'I was completely invested in the fates of the characters.',1),(1038,39,'8101252304647',3,1,'The book\'s prose is elegant and beautifully crafted.',1),(1039,40,'7914753651502',3,2,'A refreshing take on a familiar genre.',1),(1040,41,'3089563309199',3,4,'The book\'s prose is elegant and beautifully crafted.',1),(1041,42,'3624477914017',3,1,'A gripping story that had me hooked from the very first page.',1),(1042,43,'6546393799368',3,2,'The author\'s attention to detail created a rich and immersive reading experience.',1),(1043,44,'4323311728260',3,1,'A captivating narrative that had me hooked from the very first page.',1),(1044,45,'9141930245818',3,5,'The book made me question my own beliefs and values.',1),(1045,46,'7546980348501',3,5,'The author\'s character development is top-notch.',1),(1046,47,'1636152923242',3,4,'Full of twists and surprises.',1),(1047,48,'6373506215818',3,4,'The book\'s plot twists had me gasping in surprise.',1),(1048,49,'9455200205190',3,5,'The author\'s attention to detail brought the story to life.',1),(1049,50,'7689513291998',3,2,'The book made me see the world from a different perspective.',1),(1050,51,'2807865103474',3,2,'The suspense kept me on the edge of my seat.',1),(1051,37,'7531926359058',3,4,'A thrilling and suspenseful ride that had me on the edge of my seat.',1),(1052,38,'3104623812028',3,4,'The book\'s plot twists had me gasping in surprise.',1),(1053,39,'8101252304647',3,3,'A thrilling adventure that kept me on the edge of my seat.',1),(1054,40,'7914753651502',3,4,'The book had a perfect balance of action and introspection.',1),(1055,41,'3089563309199',3,4,'The book made me see the world from a different perspective.',1),(1056,42,'3624477914017',3,3,'The author\'s vivid descriptions brought the story to life.',1),(1057,43,'6546393799368',3,3,'The book\'s message stayed with me long after I finished reading.',1),(1058,44,'4323311728260',3,3,'The book\'s exploration of love and loss is both heartbreaking and uplifting.',1),(1059,45,'9141930245818',3,3,'The author\'s storytelling skills are unparalleled.',1),(1060,46,'7546980348501',3,2,'The book\'s exploration of love and loss is both heartbreaking and uplifting.',1),(1061,47,'1636152923242',3,2,'I was completely immersed in the richly imagined world.',1),(1062,48,'6373506215818',3,4,'A compelling narrative that kept me guessing until the end.',1),(1063,49,'9455200205190',3,3,'A gripping tale that had me on an emotional rollercoaster.',1),(1064,50,'7689513291998',3,1,'An intelligent and thought-provoking read.',1),(1065,51,'2807865103474',3,4,'The world-building was immersive and richly detailed.',1),(1066,250,'7914753651502',3,1,'A beautifully written and deeply moving story.',1),(1067,251,'3089563309199',3,4,'The world-building was immersive and richly detailed.',1),(1068,252,'3624477914017',3,5,'I was emotionally invested in the journey of the main character.',1),(1069,253,'6546393799368',3,3,'A book that explores the complexities of human relationships.',1),(1070,254,'4323311728260',3,3,'I was emotionally invested in the fate of the characters.',1),(1071,255,'9141930245818',3,2,'The writing is lyrical and poetic, a joy to read.',1),(1072,256,'7546980348501',3,2,'The book\'s themes are thought-provoking and relevant to our times.',1),(1073,257,'1636152923242',3,5,'The book tackles important social issues with sensitivity.',1),(1074,258,'6373506215818',3,1,'A book that left me contemplating the deeper questions of life.',1),(1075,259,'9455200205190',3,1,'A book that will make you laugh, cry, and reflect.',1),(1076,260,'7689513291998',3,3,'I couldn\'t get enough of the author\'s beautiful prose.',1),(1077,261,'2807865103474',3,5,'The book explored complex emotions with honesty and depth.',1),(1078,262,'8450753779361',3,2,'The book\'s atmospheric setting transported me to a different world.',1),(1079,263,'6951736703988',3,3,'I was completely immersed in the richly imagined world.',1),(1080,264,'6290438103408',3,5,'I couldn\'t get enough of the author\'s beautiful prose.',1),(1081,265,'7386221609211',3,3,'I couldn\'t put it down!',1),(1082,266,'8349986949489',3,3,'The author\'s words flowed beautifully on the page.',1),(1083,267,'5564135820433',3,2,'The book\'s messages of hope and resilience touched my soul.',1),(1084,268,'7364866055807',3,5,'A book that challenged my preconceived notions and made me reflect.',1),(1085,269,'6116812718785',3,5,'The book explores the complexities of human nature with depth and compassion.',1),(1086,270,'3123203435349',3,3,'The book\'s exploration of love and loss is both heartbreaking and uplifting.',1),(1087,271,'1526365794747',3,4,'An impressive debut novel that showcases incredible talent.',1),(1088,272,'7782008331245',3,1,'A thrilling and suspenseful ride that had me on the edge of my seat.',1),(1089,273,'3600600362133',3,2,'A captivating narrative that had me hooked from the very first page.',1),(1090,274,'5708274807325',3,2,'I was captivated by the unique premise and execution.',1),(1091,275,'8425613810163',3,5,'I was captivated by the unique premise and execution.',1),(1092,276,'8931078177943',3,1,'A book that explores the complexities of human relationships.',1),(1093,277,'2271071533769',3,4,'An engaging and well-crafted plot that kept me hooked.',1),(1094,278,'1646309964279',3,2,'The author\'s storytelling skills are unparalleled.',1),(1095,279,'9959291370688',3,3,'An impressive debut novel that showcases incredible talent.',1),(1096,280,'8763405957264',3,5,'The book had me on the edge of my seat from start to finish.',1),(1097,281,'1005266657916',3,3,'A thrilling adventure that kept me on the edge of my seat.',1),(1098,282,'7531926359058',3,3,'A beautifully written story that touched my heart.',1),(1099,283,'3104623812028',3,4,'The author\'s attention to detail brought the story to life.',1),(1100,284,'8101252304647',3,2,'A thrilling adventure that kept me on the edge of my seat.',1),(1101,285,'7914753651502',3,1,'A book that explores the complexities of human relationships.',1),(1102,286,'3089563309199',3,4,'The author\'s words flowed beautifully on the page.',1),(1103,287,'3624477914017',3,4,'A story that will stay with me for a lifetime.',1),(1104,288,'6546393799368',3,5,'A tale of love, betrayal, and redemption that captivated me.',1),(1105,289,'4323311728260',3,3,'A deeply moving story that resonated with me on a profound level.',1),(1106,290,'9141930245818',3,1,'A book that stayed with me long after I finished reading.',1),(1107,291,'7546980348501',3,4,'A book that made me laugh, cry, and everything in between.',1),(1108,292,'1636152923242',3,4,'I was emotionally invested in the journey of the main character.',1),(1109,293,'6373506215818',3,5,'The author has a unique and captivating voice.',1),(1110,294,'9455200205190',3,1,'The book tackles important social issues with sensitivity.',1),(1111,295,'7689513291998',3,5,'The plot was brilliantly crafted.',1),(1112,296,'2807865103474',3,4,'The book explores the depths of human emotions with authenticity.',1),(1113,297,'8450753779361',3,5,'The book made me question my own beliefs and values.',1),(1114,298,'6951736703988',3,3,'The book made me question my own beliefs and values.',1),(1115,299,'6290438103408',3,2,'The book made me question my own beliefs and values.',1),(1116,300,'7386221609211',3,5,'A tale of love, betrayal, and redemption that captivated me.',1),(1117,301,'8349986949489',3,5,'The book\'s message stayed with me long after I finished reading.',1),(1118,302,'5564135820433',3,1,'A thrilling and suspenseful ride that had me on the edge of my seat.',1),(1119,303,'7364866055807',3,2,'The author\'s storytelling skills are unparalleled.',1),(1120,304,'6116812718785',3,1,'I couldn\'t turn the pages fast enough.',1),(1121,305,'3123203435349',3,3,'A masterful storyteller who knows how to keep readers hooked.',1),(1122,306,'1526365794747',3,5,'The suspense kept me on the edge of my seat.',1),(1123,307,'7782008331245',3,2,'The author\'s storytelling skills are unparalleled.',1),(1124,308,'3600600362133',3,4,'A beautifully written story that touched my heart.',1),(1125,309,'5708274807325',3,4,'An empowering story that celebrates the strength of the human spirit.',1),(1126,310,'8425613810163',3,2,'The book\'s atmospheric setting transported me to a different world.',1),(1127,311,'8931078177943',3,4,'The book tackles important social issues with sensitivity.',1),(1128,312,'2271071533769',3,5,'The book\'s themes are relevant and timely.',1),(1129,313,'1646309964279',3,2,'An empowering story that celebrates the strength of the human spirit.',1),(1130,314,'9959291370688',3,2,'A masterful storyteller who knows how to keep readers hooked.',1),(1131,315,'8763405957264',3,5,'A book that will make you laugh, cry, and reflect.',1),(1132,316,'1005266657916',3,4,'I devoured this book in one sitting, unable to tear myself away.',1),(1133,317,'7531926359058',3,1,'The book\'s plot twists had me gasping in surprise.',1),(1134,318,'3104623812028',3,1,'The book\'s exploration of love and loss is both heartbreaking and uplifting.',1),(1135,319,'8101252304647',3,1,'A story of triumph and resilience that inspired me.',1),(1136,320,'7914753651502',3,4,'I laughed, I cried, and I couldn\'t stop reading.',1),(1137,321,'3089563309199',3,3,'I laughed, I cried, and I couldn\'t stop reading.',1),(1138,322,'3624477914017',3,4,'The book tackles important themes with sensitivity and grace.',1),(1139,323,'6546393799368',3,3,'A thrilling and suspenseful ride that had me on the edge of my seat.',1),(1140,324,'4323311728260',3,2,'A book that left me contemplating the deeper questions of life.',1),(1141,325,'9141930245818',3,4,'The author\'s character development is top-notch.',1),(1142,326,'7546980348501',3,5,'I couldn\'t turn the pages fast enough.',1),(1143,327,'1636152923242',3,3,'I found myself completely absorbed in the world the author created.',1),(1144,328,'6373506215818',3,5,'An impressive debut novel that showcases incredible talent.',1),(1145,329,'9455200205190',3,5,'The author\'s ability to create vivid and realistic characters is remarkable.',1),(1146,330,'7689513291998',3,4,'The book had a perfect balance of action and introspection.',1),(1147,331,'2807865103474',3,5,'I highly recommend this book to all book lovers!',1),(1148,332,'8450753779361',3,4,'The author\'s descriptive prose painted vivid images in my mind.',1),(1149,333,'6951736703988',3,3,'A book that made me laugh, cry, and everything in between.',1),(1150,250,'7914753651502',3,1,'I couldn\'t get enough of the author\'s beautiful prose.',1),(1151,251,'3089563309199',3,2,'The author\'s prose is elegant and evocative.',1),(1152,252,'3624477914017',3,3,'The author\'s ability to create vivid and realistic characters is remarkable.',1),(1153,253,'6546393799368',3,2,'The book made me question my own beliefs and values.',1),(1154,254,'4323311728260',3,1,'I devoured this book in one sitting, unable to tear myself away.',1),(1155,255,'9141930245818',3,5,'The author\'s descriptive prose painted vivid images in my mind.',1),(1156,256,'7546980348501',3,1,'The book explores the complexities of human nature with depth and compassion.',1),(1157,257,'1636152923242',3,3,'The book\'s twists and turns kept me guessing until the very end.',1),(1158,258,'6373506215818',3,3,'A book that will keep you guessing until the final page.',1),(1159,259,'9455200205190',3,4,'The book\'s exploration of love and loss is both heartbreaking and uplifting.',1),(1160,260,'7689513291998',3,4,'The book\'s twists and turns kept me guessing until the very end.',1),(1161,261,'2807865103474',3,2,'I laughed, I cried, and I couldn\'t stop reading.',1),(1162,262,'8450753779361',3,4,'The world-building was immersive and richly detailed.',1),(1163,263,'6951736703988',3,3,'The book had me on the edge of my seat from start to finish.',1),(1164,264,'6290438103408',3,1,'An intelligent and thought-provoking read.',1),(1165,265,'7386221609211',3,3,'An intelligent and thought-provoking read.',1),(1166,266,'8349986949489',3,4,'The author\'s prose is elegant and evocative.',1),(1167,267,'5564135820433',3,1,'A book that challenges conventions and breaks new ground.',1),(1168,268,'7364866055807',3,3,'A beautifully written and deeply moving story.',1),(1169,269,'6116812718785',3,4,'A masterful storyteller who knows how to keep readers hooked.',1),(1170,270,'3123203435349',3,2,'The book\'s twists and turns kept me guessing until the very end.',1),(1171,271,'1526365794747',3,5,'I couldn\'t wait to recommend this book to everyone I know.',1),(1172,272,'7782008331245',3,1,'The world-building was immersive and richly detailed.',1),(1173,273,'3600600362133',3,3,'An impressive debut novel that showcases incredible talent.',1),(1174,274,'5708274807325',3,1,'A masterful storyteller who knows how to keep readers hooked.',1),(1175,275,'8425613810163',3,3,'The book is a testament to the power of storytelling.',1),(1176,276,'8931078177943',3,1,'The book tackles important themes with sensitivity and grace.',1),(1177,277,'2271071533769',3,5,'A masterful storyteller who knows how to keep readers hooked.',1),(1178,278,'1646309964279',3,3,'The characters felt so real, I became emotionally invested.',1),(1179,279,'9959291370688',3,3,'A poignant and heartfelt story that touched my soul.',1),(1180,280,'8763405957264',3,5,'A book that left me contemplating the deeper questions of life.',1),(1181,281,'1005266657916',3,3,'A thrilling and suspenseful ride that had me on the edge of my seat.',1),(1182,282,'7531926359058',3,5,'The book\'s themes are relevant and timely.',1),(1183,283,'3104623812028',3,5,'I couldn\'t turn the pages fast enough.',1),(1184,284,'8101252304647',3,2,'The book\'s message stayed with me long after I finished reading.',1),(1185,285,'7914753651502',3,5,'The book\'s twists and turns kept me guessing until the very end.',1),(1186,286,'3089563309199',3,3,'The plot was brilliantly crafted.',1),(1187,287,'3624477914017',3,5,'The book explores the complexities of human nature with depth and compassion.',1),(1188,288,'6546393799368',3,3,'A tale of love, betrayal, and redemption that captivated me.',1),(1189,289,'4323311728260',3,3,'I was completely immersed in the richly imagined world.',1),(1190,290,'9141930245818',3,2,'The book\'s twists and turns kept me guessing until the very end.',1),(1191,291,'7546980348501',3,4,'The book\'s exploration of love and loss is both heartbreaking and uplifting.',1),(1192,292,'1636152923242',3,1,'I devoured this book in one sitting, unable to tear myself away.',1),(1193,293,'6373506215818',3,5,'A book that stayed with me long after I finished reading.',1),(1194,294,'9455200205190',3,1,'The book made me see the world from a different perspective.',1),(1195,295,'7689513291998',3,5,'The author\'s writing style is poetic and evocative.',1),(1196,296,'2807865103474',3,4,'A book that captures the essence of human relationships with authenticity.',1),(1197,297,'8450753779361',3,3,'The book\'s pacing is perfect, keeping the reader engaged throughout.',1),(1198,298,'6951736703988',3,5,'I laughed, I cried, and I couldn\'t stop reading.',1),(1199,299,'6290438103408',3,2,'A thought-provoking and captivating read.',1),(1200,300,'7386221609211',3,4,'The characters felt so real, I became emotionally invested.',1),(1201,301,'8349986949489',3,5,'I devoured this book in one sitting, unable to tear myself away.',1),(1202,302,'5564135820433',3,3,'The author\'s character development is top-notch.',1),(1203,303,'7364866055807',3,4,'I was completely immersed in the richly imagined world.',1),(1204,304,'6116812718785',3,5,'The author\'s storytelling skills are exceptional.',1),(1205,305,'3123203435349',3,2,'A beautifully written and deeply moving story.',1),(1206,306,'1526365794747',3,1,'An intelligent and thought-provoking read.',1),(1207,307,'7782008331245',3,4,'A thrilling adventure that kept me on the edge of my seat.',1),(1208,308,'3600600362133',3,4,'A thought-provoking and captivating read.',1),(1209,309,'5708274807325',3,5,'A thrilling and suspenseful ride from beginning to end.',1),(1210,310,'8425613810163',3,5,'The suspense kept me on the edge of my seat.',1),(1211,311,'8931078177943',3,3,'The author\'s vivid descriptions brought the story to life.',1),(1212,312,'2271071533769',3,5,'I was completely engrossed in the story.',1),(1213,313,'1646309964279',3,5,'A masterfully crafted story that left me breathless.',1),(1214,314,'9959291370688',3,5,'A deeply moving story that resonated with me on a profound level.',1),(1215,315,'8763405957264',3,2,'I was emotionally invested in the fate of the characters.',1),(1216,316,'1005266657916',3,5,'I devoured this book in one sitting, unable to tear myself away.',1),(1217,317,'7531926359058',3,2,'I was emotionally invested in the journey of the main character.',1),(1218,318,'3104623812028',3,3,'An intelligent and thought-provoking read.',1),(1219,319,'8101252304647',3,2,'I couldn\'t stop talking about this book to everyone I know.',1),(1220,320,'7914753651502',3,3,'An intelligent and thought-provoking read.',1),(1221,321,'3089563309199',3,5,'A captivating narrative that had me hooked from the very first page.',1),(1222,322,'3624477914017',3,1,'A beautifully written story that touched my heart.',1),(1223,323,'6546393799368',3,4,'A beautifully written story that touched my heart.',1),(1224,324,'4323311728260',3,5,'The book\'s twists and turns kept me guessing until the very end.',1),(1225,325,'9141930245818',3,4,'An engaging and well-crafted plot that kept me hooked.',1),(1226,326,'7546980348501',3,2,'I devoured this book in one sitting, unable to tear myself away.',1),(1227,327,'1636152923242',3,2,'The book\'s plot twists had me gasping in surprise.',1),(1228,328,'6373506215818',3,3,'The book explores the depths of human emotions with authenticity.',1),(1229,329,'9455200205190',3,4,'The book\'s exploration of love and loss is both heartbreaking and uplifting.',1),(1230,330,'7689513291998',3,4,'A deeply moving story that touched my soul.',1),(1231,331,'2807865103474',3,2,'The author\'s storytelling skills are unparalleled.',1),(1232,332,'8450753779361',3,2,'The book\'s themes resonated with me on a personal level.',1),(1233,333,'6951736703988',3,5,'A gripping story that had me hooked from the very first page.',1),(1234,250,'7914753651502',3,5,'The author\'s storytelling skills are exceptional.',1),(1235,251,'3089563309199',3,3,'The book left me with a lasting impression.',1),(1236,252,'3624477914017',3,4,'A compelling narrative that kept me guessing until the end.',1),(1237,253,'6546393799368',3,4,'An inspiring tale of resilience and courage.',1),(1238,254,'4323311728260',3,2,'I was captivated by the unique premise and execution.',1),(1239,255,'9141930245818',3,4,'I was emotionally invested in the fate of the characters.',1),(1240,256,'7546980348501',3,3,'The author\'s descriptive prose painted vivid images in my mind.',1),(1241,257,'1636152923242',3,4,'I couldn\'t turn the pages fast enough.',1),(1242,258,'6373506215818',3,5,'A masterful storyteller who knows how to keep readers hooked.',1),(1243,259,'9455200205190',3,1,'A gripping tale that had me on an emotional rollercoaster.',1),(1244,260,'7689513291998',3,4,'I devoured this book in one sitting, unable to tear myself away.',1),(1245,261,'2807865103474',3,2,'The writing is lyrical and poetic, a joy to read.',1),(1246,262,'8450753779361',3,3,'The book\'s exploration of love and loss is both heartbreaking and uplifting.',1),(1247,263,'6951736703988',3,4,'A book that explores the complexities of human relationships.',1),(1248,264,'6290438103408',3,4,'The book explored complex emotions with honesty and depth.',1),(1249,265,'7386221609211',3,4,'The book made me see the world from a different perspective.',1),(1250,266,'8349986949489',3,1,'The book tackles important social issues with sensitivity.',1),(1251,267,'5564135820433',3,1,'An intelligent and thought-provoking read.',1),(1252,268,'7364866055807',3,1,'The book explores the depths of human emotions with authenticity.',1),(1253,269,'6116812718785',3,3,'The book is a testament to the power of storytelling.',1),(1254,270,'3123203435349',3,2,'An intelligent and thought-provoking read.',1),(1255,271,'1526365794747',3,5,'A masterfully crafted story that left me breathless.',1),(1256,272,'7782008331245',3,2,'The book\'s pacing is perfect, keeping the reader engaged throughout.',1),(1257,273,'3600600362133',3,2,'A thrilling and suspenseful ride that had me on the edge of my seat.',1),(1258,274,'5708274807325',3,2,'An absolute page-turner!',1),(1259,275,'8425613810163',3,2,'The book tackles important social issues with sensitivity.',1),(1260,276,'8931078177943',3,3,'The book tackles important themes with sensitivity and grace.',1),(1261,277,'2271071533769',3,4,'A story that will stay with me for a lifetime.',1),(1262,278,'1646309964279',3,1,'The book\'s plot twists had me gasping in surprise.',1),(1263,279,'9959291370688',3,4,'The book\'s themes resonated with me on a personal level.',1),(1264,280,'8763405957264',3,4,'A masterfully crafted story that left me breathless.',1),(1265,281,'1005266657916',3,2,'The book\'s plot twists had me gasping in surprise.',1),(1266,282,'7531926359058',3,1,'An intelligent and thought-provoking read.',1),(1267,283,'3104623812028',3,5,'The characters were relatable and well-developed.',1),(1268,284,'8101252304647',3,2,'A thrilling and suspenseful ride from beginning to end.',1),(1269,285,'7914753651502',3,2,'I was completely invested in the fates of the characters.',1),(1270,286,'3089563309199',3,3,'The book\'s twists and turns kept me guessing until the very end.',1),(1271,287,'3624477914017',3,2,'A must-read for anyone who loves a gripping mystery.',1),(1272,288,'6546393799368',3,2,'An empowering story that celebrates the strength of the human spirit.',1),(1273,289,'4323311728260',3,1,'The book tackles important social issues with sensitivity.',1),(1274,290,'9141930245818',3,5,'The book explored complex emotions with honesty and depth.',1),(1275,291,'7546980348501',3,1,'I devoured this book in one sitting, unable to tear myself away.',1),(1276,292,'1636152923242',3,1,'A thrilling adventure that kept me on the edge of my seat.',1),(1277,293,'6373506215818',3,2,'A must-read for anyone who loves a gripping mystery.',1),(1278,294,'9455200205190',3,4,'The book\'s plot twists had me gasping in surprise.',1),(1279,295,'7689513291998',3,4,'The author\'s ability to create vivid and realistic characters is remarkable.',1),(1280,296,'2807865103474',3,3,'A poignant and heartfelt story that touched my soul.',1),(1281,297,'8450753779361',3,5,'The book\'s plot twists had me gasping in surprise.',1),(1282,298,'6951736703988',3,4,'The book\'s themes resonated with me on a personal level.',1),(1283,299,'6290438103408',3,1,'The book transported me to another time and place.',1),(1284,300,'7386221609211',3,3,'The book\'s atmospheric setting transported me to a different world.',1),(1285,301,'8349986949489',3,5,'I devoured this book in one sitting, unable to tear myself away.',1),(1286,302,'5564135820433',3,1,'A book that explores the complexities of human relationships.',1),(1287,303,'7364866055807',3,2,'An absolute page-turner!',1),(1288,304,'6116812718785',3,4,'The author\'s vivid descriptions brought the story to life.',1),(1289,305,'3123203435349',3,4,'An intelligent and thought-provoking read.',1),(1290,306,'1526365794747',3,3,'The book tackles important social issues with sensitivity.',1),(1291,307,'7782008331245',3,2,'The author\'s prose is elegant and evocative.',1),(1292,308,'3600600362133',3,3,'The author\'s descriptive writing transported me to another world.',1),(1293,309,'5708274807325',3,5,'The writing is lyrical and poetic, a joy to read.',1),(1294,310,'8425613810163',3,5,'A masterful storyteller who knows how to keep readers hooked.',1),(1295,311,'8931078177943',3,1,'The book explores the complexities of human nature with depth and compassion.',1),(1296,312,'2271071533769',3,5,'A poignant and heartfelt story that touched my soul.',1),(1297,313,'1646309964279',3,4,'An absolute page-turner!',1),(1298,314,'9959291370688',3,1,'A powerful exploration of the human condition.',1),(1299,315,'8763405957264',3,1,'I was emotionally invested in the fate of the characters.',1),(1300,316,'1005266657916',3,2,'A book that challenges conventions and breaks new ground.',1),(1301,317,'7531926359058',3,5,'I was emotionally invested in the journey of the main character.',1),(1302,318,'3104623812028',3,4,'The book\'s message stayed with me long after I finished reading.',1),(1303,319,'8101252304647',3,1,'The author\'s ability to create vivid and realistic characters is remarkable.',1),(1304,320,'7914753651502',3,3,'A book that explores the complexities of human relationships.',1),(1305,321,'3089563309199',3,2,'The author\'s prose is elegant and evocative.',1),(1306,322,'3624477914017',3,2,'The book\'s messages of hope and resilience touched my soul.',1),(1307,323,'6546393799368',3,1,'An intelligent and thought-provoking read.',1),(1308,324,'4323311728260',3,3,'The author\'s ability to create vivid and realistic characters is remarkable.',1),(1309,325,'9141930245818',3,4,'A book that challenged my preconceived notions and made me reflect.',1),(1310,326,'7546980348501',3,4,'A refreshing take on a familiar genre.',1),(1311,327,'1636152923242',3,1,'The book\'s plot twists had me gasping in surprise.',1),(1312,328,'6373506215818',3,2,'The book\'s plot twists had me gasping in surprise.',1),(1313,329,'9455200205190',3,2,'A gripping tale that had me on an emotional rollercoaster.',1),(1314,330,'7689513291998',3,5,'A thrilling and suspenseful ride that had me on the edge of my seat.',1),(1315,331,'2807865103474',3,1,'The book challenged my perspective and made me think.',1),(1316,332,'8450753779361',3,2,'The book transported me to another time and place.',1),(1317,333,'6951736703988',3,3,'The book tackles important social issues with sensitivity.',1),(1318,250,'7914753651502',3,5,'The book\'s messages of hope and resilience touched my soul.',1),(1319,251,'3089563309199',3,5,'I couldn\'t wait to recommend this book to everyone I know.',1),(1320,252,'3624477914017',3,1,'The author\'s character development is top-notch.',1),(1321,253,'6546393799368',3,1,'The author\'s character development is top-notch.',1),(1322,254,'4323311728260',3,5,'A book that challenges conventions and breaks new ground.',1),(1323,255,'9141930245818',3,3,'The book\'s twists and turns kept me guessing until the very end.',1),(1324,256,'7546980348501',3,2,'The author\'s descriptive prose painted vivid images in my mind.',1),(1325,257,'1636152923242',3,2,'The book had me on the edge of my seat from start to finish.',1),(1326,258,'6373506215818',3,1,'The book had a perfect blend of action, romance, and intrigue.',1),(1327,259,'9455200205190',3,4,'The book raises important questions about society and identity.',1),(1328,260,'7689513291998',3,1,'The author\'s storytelling skills are unparalleled.',1),(1329,261,'2807865103474',3,5,'I couldn\'t get enough of the author\'s beautiful prose.',1),(1330,262,'8450753779361',3,2,'I was emotionally invested in the journey of the main character.',1),(1331,263,'6951736703988',3,2,'The author\'s prose is elegant and evocative.',1),(1332,264,'6290438103408',3,4,'The author\'s attention to detail created a rich and immersive reading experience.',1),(1333,265,'7386221609211',3,4,'An enchanting and magical journey.',1),(1334,266,'8349986949489',3,3,'The book tackles important social issues with sensitivity.',1),(1335,267,'5564135820433',3,2,'The book\'s message stayed with me long after I finished reading.',1),(1336,268,'7364866055807',3,2,'The book tackles important social issues with sensitivity.',1),(1337,269,'6116812718785',3,5,'I was completely immersed in the richly imagined world.',1),(1338,270,'3123203435349',3,2,'The author\'s prose is elegant and evocative.',1),(1339,271,'1526365794747',3,3,'The author\'s storytelling skills are unparalleled.',1),(1340,272,'7782008331245',3,4,'A thrilling and suspenseful ride that had me on the edge of my seat.',1),(1341,273,'3600600362133',3,3,'A masterful storyteller who knows how to keep readers hooked.',1),(1342,274,'5708274807325',3,1,'A gripping tale that had me on an emotional rollercoaster.',1),(1343,275,'8425613810163',3,5,'A book that evoked strong emotions and left me in awe.',1),(1344,276,'8931078177943',3,3,'I couldn\'t wait to recommend this book to everyone I know.',1),(1345,277,'2271071533769',3,4,'A story of triumph and resilience that inspired me.',1),(1346,278,'1646309964279',3,4,'The book\'s pacing is perfect, keeping the reader engaged throughout.',1),(1347,279,'9959291370688',3,3,'The book transported me to another time and place.',1),(1348,280,'8763405957264',3,3,'The book kept me up all night, eager to know what happens next.',1),(1349,281,'1005266657916',3,2,'The book\'s atmospheric setting transported me to a different world.',1),(1350,282,'7531926359058',3,2,'An enchanting and magical journey.',1),(1351,283,'3104623812028',3,2,'I was completely invested in the fates of the characters.',1),(1352,284,'8101252304647',3,1,'A book that left me contemplating the deeper questions of life.',1),(1353,285,'7914753651502',3,2,'The author\'s storytelling skills are unparalleled.',1),(1354,286,'3089563309199',3,1,'The book had a perfect blend of action, romance, and intrigue.',1),(1355,287,'3624477914017',3,5,'A book that evoked strong emotions and left me in awe.',1),(1356,288,'6546393799368',3,3,'I was completely engrossed in the story.',1),(1357,289,'4323311728260',3,1,'A story that will stay with me for a lifetime.',1),(1358,290,'9141930245818',3,5,'An inspiring tale of resilience and courage.',1),(1359,291,'7546980348501',3,4,'The author\'s vivid descriptions brought the story to life.',1),(1360,292,'1636152923242',3,4,'A gripping story that had me hooked from the very first page.',1),(1361,293,'6373506215818',3,1,'The plot was brilliantly crafted.',1),(1362,294,'9455200205190',3,3,'I couldn\'t turn the pages fast enough.',1),(1363,295,'7689513291998',3,4,'A poignant and heartfelt story that touched my soul.',1),(1364,296,'2807865103474',3,1,'The book\'s plot twists had me gasping in surprise.',1),(1365,297,'8450753779361',3,1,'A story that will stay with me for a lifetime.',1),(1366,298,'6951736703988',3,2,'The book\'s plot twists had me gasping in surprise.',1),(1367,299,'6290438103408',3,3,'A tale of love, betrayal, and redemption that captivated me.',1),(1368,300,'7386221609211',3,2,'A book that evoked strong emotions and left me in awe.',1),(1369,301,'8349986949489',3,2,'The author\'s descriptive writing transported me to another world.',1),(1370,302,'5564135820433',3,2,'The book\'s exploration of love and loss is both heartbreaking and uplifting.',1),(1371,303,'7364866055807',3,1,'A tale of love, betrayal, and redemption that captivated me.',1),(1372,304,'6116812718785',3,5,'The author\'s character development is top-notch.',1),(1373,305,'3123203435349',3,2,'The book tackles important themes with sensitivity and grace.',1),(1374,306,'1526365794747',3,5,'A masterful storyteller who knows how to keep readers hooked.',1),(1375,307,'7782008331245',3,4,'The book\'s exploration of love and loss is both heartbreaking and uplifting.',1),(1376,308,'3600600362133',3,5,'An emotional rollercoaster that left me wanting more.',1),(1377,309,'5708274807325',3,5,'An inspiring tale of resilience and courage.',1),(1378,310,'8425613810163',3,5,'The book\'s themes resonated with me on a personal level.',1),(1379,311,'8931078177943',3,4,'The book\'s themes are thought-provoking and relevant to our times.',1),(1380,312,'2271071533769',3,1,'A book that challenges conventions and breaks new ground.',1),(1381,313,'1646309964279',3,4,'The book\'s twists and turns kept me guessing until the very end.',1),(1382,314,'9959291370688',3,2,'A poignant and powerful portrayal of love and loss.',1),(1383,315,'8763405957264',3,5,'I couldn\'t stop talking about this book to everyone I know.',1),(1384,316,'1005266657916',3,5,'I found myself completely absorbed in the world the author created.',1),(1385,317,'7531926359058',3,1,'The book\'s twists and turns kept me guessing until the very end.',1),(1386,318,'3104623812028',3,3,'I devoured this book in one sitting, unable to tear myself away.',1),(1387,319,'8101252304647',3,1,'A deeply moving story that resonated with me on a profound level.',1),(1388,320,'7914753651502',3,5,'A mesmerizing and unforgettable reading experience.',1),(1389,321,'3089563309199',3,1,'The author\'s storytelling skills are unparalleled.',1),(1390,322,'3624477914017',3,4,'A gripping story that had me hooked from the very first page.',1),(1391,323,'6546393799368',3,1,'The book raises important questions about society and identity.',1),(1392,324,'4323311728260',3,2,'The book transported me to another time and place.',1),(1393,325,'9141930245818',3,2,'The book\'s twists and turns kept me guessing until the very end.',1),(1394,326,'7546980348501',3,5,'I couldn\'t put it down!',1),(1395,327,'1636152923242',3,5,'A book that left me contemplating the deeper questions of life.',1),(1396,328,'6373506215818',3,5,'The author\'s attention to detail brought the story to life.',1),(1397,329,'9455200205190',3,3,'The book had me on the edge of my seat from start to finish.',1),(1398,330,'7689513291998',3,1,'The book\'s exploration of love and loss is both heartbreaking and uplifting.',1),(1399,331,'2807865103474',3,1,'The author\'s prose is elegant and evocative.',1),(1400,332,'8450753779361',3,1,'The book made me question my own beliefs and values.',1),(1401,333,'6951736703988',3,2,'The characters felt so real, I became emotionally invested.',1),(1402,250,'7914753651502',3,4,'A story that will stay with me for a lifetime.',1),(1403,251,'3089563309199',3,5,'An intelligent and thought-provoking read.',1),(1404,252,'3624477914017',3,2,'The book made me see the world from a different perspective.',1),(1405,253,'6546393799368',3,5,'The book\'s twists and turns kept me guessing until the very end.',1),(1406,254,'4323311728260',3,4,'A beautifully written story that touched my heart.',1),(1407,255,'9141930245818',3,5,'The book\'s themes resonated with me on a personal level.',1),(1408,256,'7546980348501',3,4,'The book challenged my perspective and made me think.',1),(1409,257,'1636152923242',3,5,'The book explores the complexities of human nature with depth and compassion.',1),(1410,258,'6373506215818',3,4,'The author\'s writing is raw, honest, and unputdownable.',1),(1411,259,'9455200205190',3,3,'A story that will stay with me for a lifetime.',1),(1412,260,'7689513291998',3,5,'A book that stayed with me long after I finished reading.',1),(1413,261,'2807865103474',3,1,'Full of twists and surprises.',1),(1414,262,'8450753779361',3,4,'The book\'s exploration of love and loss is both heartbreaking and uplifting.',1),(1415,263,'6951736703988',3,2,'An engaging and well-crafted plot that kept me hooked.',1),(1416,264,'6290438103408',3,1,'The author\'s storytelling skills are unparalleled.',1),(1417,265,'7386221609211',3,4,'A beautifully written and deeply moving story.',1),(1418,266,'8349986949489',3,1,'The book\'s pacing is perfect, keeping the reader engaged throughout.',1),(1419,267,'5564135820433',3,4,'The book challenged my assumptions and expanded my horizons.',1),(1420,268,'7364866055807',3,1,'A beautifully written and deeply moving story.',1),(1421,269,'6116812718785',3,1,'The book\'s exploration of love and loss is both heartbreaking and uplifting.',1),(1422,270,'3123203435349',3,2,'A deeply moving story that touched my soul.',1),(1423,271,'1526365794747',3,1,'The world-building was immersive and richly detailed.',1),(1424,272,'7782008331245',3,5,'The book\'s message stayed with me long after I finished reading.',1),(1425,273,'3600600362133',3,4,'The book left me with a lasting impression.',1),(1426,274,'5708274807325',3,4,'The book tackles important themes with sensitivity and grace.',1),(1427,275,'8425613810163',3,2,'The author\'s prose is elegant and evocative.',1),(1428,276,'8931078177943',3,4,'The book\'s message stayed with me long after I finished reading.',1),(1429,277,'2271071533769',3,4,'The book\'s messages of hope and resilience touched my soul.',1),(1430,278,'1646309964279',3,4,'The book explores the depths of human emotions with authenticity.',1),(1431,279,'9959291370688',3,3,'A beautifully written story that touched my heart.',1),(1432,280,'8763405957264',3,2,'I was completely immersed in the richly imagined world.',1),(1433,281,'1005266657916',3,5,'A book that will keep you guessing until the final page.',1),(1434,282,'7531926359058',3,4,'A refreshing take on a familiar genre.',1),(1435,283,'3104623812028',3,3,'A beautifully written and deeply moving story.',1),(1436,284,'8101252304647',3,4,'I highly recommend this book to all book lovers!',1),(1437,285,'7914753651502',3,1,'The author\'s ability to create vivid and realistic characters is remarkable.',1),(1438,286,'3089563309199',3,4,'I was emotionally invested in the journey of the main character.',1),(1439,287,'3624477914017',3,5,'The book made me see the world from a different perspective.',1),(1440,288,'6546393799368',3,1,'The book\'s themes resonated with me on a personal level.',1),(1441,289,'4323311728260',3,2,'The book\'s plot twists had me gasping in surprise.',1),(1442,290,'9141930245818',3,4,'The author\'s attention to detail brought the story to life.',1),(1443,291,'7546980348501',3,1,'A story that will stay with me for a lifetime.',1),(1444,292,'1636152923242',3,1,'The book\'s exploration of love and loss is both heartbreaking and uplifting.',1),(1445,293,'6373506215818',3,1,'An enchanting and magical journey.',1),(1446,294,'9455200205190',3,3,'The book tackles important themes with sensitivity and grace.',1),(1447,295,'7689513291998',3,2,'A true masterpiece that will stay with me forever.',1),(1448,296,'2807865103474',3,4,'I couldn\'t get enough of the author\'s beautiful prose.',1),(1449,297,'8450753779361',3,2,'The plot was brilliantly crafted.',1),(1450,298,'6951736703988',3,1,'The book transported me to another time and place.',1),(1451,299,'6290438103408',3,1,'A book that explores the complexities of human relationships.',1),(1452,300,'7386221609211',3,4,'I highly recommend this book to all book lovers!',1),(1453,301,'8349986949489',3,2,'The author\'s prose is elegant and evocative.',1),(1454,302,'5564135820433',3,4,'The book transported me to another time and place.',1),(1455,303,'7364866055807',3,3,'The author\'s prose is elegant and evocative.',1),(1456,304,'6116812718785',3,2,'I found myself completely absorbed in the world the author created.',1),(1457,305,'3123203435349',3,1,'The book\'s plot twists had me gasping in surprise.',1),(1458,306,'1526365794747',3,5,'An enchanting and magical journey.',1),(1459,307,'7782008331245',3,1,'A thrilling adventure that kept me on the edge of my seat.',1),(1460,308,'3600600362133',3,1,'The book\'s themes are thought-provoking and relevant to our times.',1),(1461,309,'5708274807325',3,5,'The author\'s writing style is poetic and evocative.',1),(1462,310,'8425613810163',3,4,'A thrilling and suspenseful ride that had me on the edge of my seat.',1),(1463,311,'8931078177943',3,3,'I was emotionally invested in the fate of the characters.',1),(1464,312,'2271071533769',3,4,'A captivating narrative that had me hooked from the very first page.',1),(1465,313,'1646309964279',3,4,'A fascinating exploration of human nature.',1),(1466,314,'9959291370688',3,3,'A book that challenges conventions and breaks new ground.',1),(1467,315,'8763405957264',3,2,'A poignant and heartfelt story that touched my soul.',1),(1468,316,'1005266657916',3,3,'The book transported me to another time and place.',1),(1469,317,'7531926359058',3,4,'The author\'s descriptive prose painted vivid images in my mind.',1),(1470,318,'3104623812028',3,5,'A poignant and heartfelt story that touched my soul.',1),(1471,319,'8101252304647',3,2,'The book\'s messages of hope and resilience touched my soul.',1),(1472,320,'7914753651502',3,3,'The book tackles important social issues with sensitivity.',1),(1473,321,'3089563309199',3,5,'The book\'s message stayed with me long after I finished reading.',1),(1474,322,'3624477914017',3,3,'The author\'s attention to detail created a rich and immersive reading experience.',1),(1475,323,'6546393799368',3,3,'The book\'s prose is elegant and beautifully crafted.',1),(1476,324,'4323311728260',3,1,'The book explores the depths of human emotions with authenticity.',1),(1477,325,'9141930245818',3,2,'The book made me see the world from a different perspective.',1),(1478,326,'7546980348501',3,1,'The book explores the complexities of human nature with depth and compassion.',1),(1479,327,'1636152923242',3,3,'The book\'s pacing is perfect, keeping the reader engaged throughout.',1),(1480,328,'6373506215818',3,3,'The author\'s prose is elegant and evocative.',1),(1481,329,'9455200205190',3,4,'The book raises important questions about society and identity.',1),(1482,330,'7689513291998',3,1,'A compelling narrative that kept me guessing until the end.',1),(1483,331,'2807865103474',3,1,'The author\'s prose is elegant and evocative.',1),(1484,332,'8450753779361',3,1,'An empowering story that celebrates the strength of the human spirit.',1),(1485,333,'6951736703988',3,2,'I couldn\'t put it down!',1),(1486,52,'7478619458908',4,5,'The book\'s themes resonated with me on a personal level.',1),(1487,53,'6042708524563',4,2,'A story that stayed with me long after I finished reading.',1),(1488,54,'1955017537851',4,5,'The book\'s messages of hope and resilience touched my soul.',1),(1489,55,'1200067081254',4,4,'A story that stayed with me long after I finished reading.',1),(1490,56,'3894601703219',4,2,'The book tackles important themes with sensitivity and grace.',1),(1491,57,'4519549047842',4,1,'A deeply moving story that resonated with me on a profound level.',1),(1492,58,'8872697196493',4,2,'A true gem that deserves all the praise and recognition.',1),(1493,59,'4750600707671',4,4,'I was completely immersed in the richly imagined world.',1),(1494,60,'9318332103267',4,4,'I laughed, I cried, and I couldn\'t stop reading.',1),(1495,61,'4580456346669',4,3,'The plot was brilliantly crafted.',1),(1496,62,'4957681394220',4,1,'A book that will keep you guessing until the final page.',1),(1497,63,'4379844123531',4,5,'The author\'s attention to detail brought the story to life.',1),(1498,64,'5327893813501',4,1,'The author\'s ability to create vivid and realistic characters is remarkable.',1),(1499,65,'5042770078771',4,2,'I was completely immersed in the richly imagined world.',1),(1500,66,'1565472624918',4,2,'An absolute page-turner!',1),(1501,52,'7478619458908',4,3,'An inspiring tale of resilience and courage.',1),(1502,53,'6042708524563',4,3,'I was completely absorbed in the world-building and mythology.',1),(1503,54,'1955017537851',4,4,'The author\'s storytelling skills are unparalleled.',1),(1504,55,'1200067081254',4,2,'A captivating narrative that had me hooked from the very first page.',1),(1505,56,'3894601703219',4,3,'I was blown away by the author\'s creativity and imagination.',1),(1506,57,'4519549047842',4,2,'I devoured this book in one sitting, unable to tear myself away.',1),(1507,58,'8872697196493',4,3,'I highly recommend this book to all book lovers!',1),(1508,59,'4750600707671',4,2,'The author\'s attention to detail created a rich and immersive reading experience.',1),(1509,60,'9318332103267',4,4,'The book\'s messages of hope and resilience touched my soul.',1),(1510,61,'4580456346669',4,3,'The author\'s attention to detail brought the story to life.',1),(1511,62,'4957681394220',4,5,'The book had me on the edge of my seat from start to finish.',1),(1512,63,'4379844123531',4,2,'The author\'s character development is top-notch.',1),(1513,64,'5327893813501',4,1,'The author\'s attention to detail brought the story to life.',1),(1514,65,'5042770078771',4,2,'The book shines a light on important social issues with grace.',1),(1515,66,'1565472624918',4,4,'A story that will stay with me for a lifetime.',1),(1516,52,'7478619458908',4,5,'The book\'s pacing is perfect, keeping the reader engaged throughout.',1),(1517,53,'6042708524563',4,4,'The book challenged my assumptions and expanded my horizons.',1),(1518,54,'1955017537851',4,5,'The book\'s message stayed with me long after I finished reading.',1),(1519,55,'1200067081254',4,5,'A masterful storyteller who knows how to keep readers hooked.',1),(1520,56,'3894601703219',4,1,'I couldn\'t turn the pages fast enough.',1),(1521,57,'4519549047842',4,3,'The book\'s exploration of love and loss is both heartbreaking and uplifting.',1),(1522,58,'8872697196493',4,3,'A thought-provoking and captivating read.',1),(1523,59,'4750600707671',4,3,'I devoured this book in one sitting, unable to tear myself away.',1),(1524,60,'9318332103267',4,5,'A beautifully written and deeply moving story.',1),(1525,61,'4580456346669',4,4,'The book\'s twists and turns kept me guessing until the very end.',1),(1526,62,'4957681394220',4,3,'The author\'s character development is top-notch.',1),(1527,63,'4379844123531',4,2,'I couldn\'t wait to recommend this book to everyone I know.',1),(1528,64,'5327893813501',4,4,'A book that left me contemplating the deeper questions of life.',1),(1529,65,'5042770078771',4,2,'The book\'s twists and turns kept me guessing until the very end.',1),(1530,66,'1565472624918',4,3,'A book that evoked strong emotions and left me in awe.',1),(1531,52,'7478619458908',4,2,'The book\'s themes are thought-provoking and relevant to our times.',1),(1532,53,'6042708524563',4,3,'A story that will stay with me for a lifetime.',1),(1533,54,'1955017537851',4,1,'The book\'s exploration of love and loss is both heartbreaking and uplifting.',1),(1534,55,'1200067081254',4,2,'I was emotionally invested in the fate of the characters.',1),(1535,56,'3894601703219',4,2,'The author\'s words flowed beautifully on the page.',1),(1536,57,'4519549047842',4,4,'A fascinating exploration of human nature.',1),(1537,58,'8872697196493',4,4,'A book that captures the essence of human relationships with authenticity.',1),(1538,59,'4750600707671',4,2,'The book tackles important social issues with sensitivity.',1),(1539,60,'9318332103267',4,2,'The book explores the complexities of human nature with depth and compassion.',1),(1540,61,'4580456346669',4,5,'An intelligent and thought-provoking read.',1),(1541,62,'4957681394220',4,4,'A tale of love, betrayal, and redemption that captivated me.',1),(1542,63,'4379844123531',4,5,'A thrilling and suspenseful ride that had me on the edge of my seat.',1),(1543,64,'5327893813501',4,3,'The author\'s prose is elegant and evocative.',1),(1544,65,'5042770078771',4,2,'A thrilling adventure that kept me on the edge of my seat.',1),(1545,66,'1565472624918',4,1,'The book\'s pacing is perfect, keeping the reader engaged throughout.',1),(1546,52,'7478619458908',4,4,'The book explores the complexities of human nature with depth and compassion.',1),(1547,53,'6042708524563',4,3,'A thought-provoking and captivating read.',1),(1548,54,'1955017537851',4,4,'I was emotionally invested in the fate of the characters.',1),(1549,55,'1200067081254',4,1,'I devoured this book in one sitting, unable to tear myself away.',1),(1550,56,'3894601703219',4,5,'A fascinating exploration of human nature.',1),(1551,57,'4519549047842',4,2,'An intelligent and thought-provoking read.',1),(1552,58,'8872697196493',4,1,'I couldn\'t get enough of the author\'s beautiful prose.',1),(1553,59,'4750600707671',4,3,'The book explores the depths of human emotions with authenticity.',1),(1554,60,'9318332103267',4,5,'I was completely immersed in the richly imagined world.',1),(1555,61,'4580456346669',4,2,'The book\'s themes are timely and relevant to our society.',1),(1556,62,'4957681394220',4,1,'I was emotionally invested in the journey of the main character.',1),(1557,63,'4379844123531',4,2,'The book\'s pacing is perfect, keeping the reader engaged throughout.',1),(1558,64,'5327893813501',4,1,'The book\'s themes are timely and relevant to our society.',1),(1559,65,'5042770078771',4,3,'A book that will keep you guessing until the final page.',1),(1560,66,'1565472624918',4,3,'The writing is lyrical and poetic, a joy to read.',1),(1561,334,'1955017537851',4,1,'A story that will stay with me for a lifetime.',1),(1562,335,'1200067081254',4,1,'The book\'s pacing is perfect, keeping the reader engaged throughout.',1),(1563,336,'3894601703219',4,4,'An engaging and well-crafted plot that kept me hooked.',1),(1564,337,'4519549047842',4,3,'A poignant and heartfelt story that touched my soul.',1),(1565,338,'8872697196493',4,2,'A book that explores the complexities of human relationships.',1),(1566,339,'4750600707671',4,4,'The book explores the complexities of human nature with depth and compassion.',1),(1567,340,'9318332103267',4,5,'A book that made me laugh, cry, and everything in between.',1),(1568,341,'4580456346669',4,2,'I devoured this book in one sitting, unable to tear myself away.',1),(1569,342,'4957681394220',4,3,'The book\'s themes resonated with me on a personal level.',1),(1570,343,'4379844123531',4,4,'The book\'s message stayed with me long after I finished reading.',1),(1571,344,'5327893813501',4,4,'An absolute page-turner!',1),(1572,345,'5042770078771',4,1,'I was completely immersed in the richly imagined world.',1),(1573,346,'1565472624918',4,3,'The author\'s storytelling skills are exceptional.',1),(1574,347,'5701481617000',4,2,'An emotional rollercoaster that left me wanting more.',1),(1575,348,'2161191715079',4,5,'A beautifully written and deeply moving story.',1),(1576,349,'6835260862610',4,2,'An emotional rollercoaster that left me wanting more.',1),(1577,350,'3205923051430',4,3,'The book transported me to another time and place.',1),(1578,351,'1934609639936',4,1,'A thrilling and suspenseful ride that had me on the edge of my seat.',1),(1579,352,'6328734102011',4,1,'I was completely engrossed in the story.',1),(1580,353,'1932583915995',4,1,'The book\'s twists and turns kept me guessing until the very end.',1),(1581,354,'9031144463262',4,1,'A true gem that deserves all the praise and recognition.',1),(1582,355,'1699245491729',4,3,'I couldn\'t put it down!',1),(1583,356,'9820552893564',4,3,'A gripping tale that had me on an emotional rollercoaster.',1),(1584,357,'3486572943459',4,4,'A true gem that deserves all the praise and recognition.',1),(1585,358,'6978313272952',4,3,'The author\'s words flowed beautifully on the page.',1),(1586,359,'2240070539304',4,1,'I was emotionally invested in the journey of the main character.',1),(1587,360,'1530409716070',4,1,'A story that stayed with me long after I finished reading.',1),(1588,361,'6735085920782',4,5,'An intelligent and thought-provoking read.',1),(1589,362,'2524024045183',4,2,'A beautifully written and deeply moving story.',1),(1590,363,'6419564253911',4,1,'The book\'s pacing is perfect, keeping the reader engaged throughout.',1),(1591,364,'7318263390977',4,4,'The book tackles important social issues with sensitivity.',1),(1592,365,'8076469364664',4,3,'An engaging and well-crafted plot that kept me hooked.',1),(1593,366,'9687617068240',4,1,'The book\'s atmospheric setting transported me to a different world.',1),(1594,367,'7478619458908',4,4,'I couldn\'t turn the pages fast enough.',1),(1595,368,'6042708524563',4,3,'The book made me question my own beliefs and values.',1),(1596,369,'1955017537851',4,5,'The book\'s twists and turns kept me guessing until the very end.',1),(1597,370,'1200067081254',4,5,'A masterfully crafted story that left me breathless.',1),(1598,371,'3894601703219',4,5,'A tale of love, betrayal, and redemption that captivated me.',1),(1599,372,'4519549047842',4,1,'A compelling narrative that kept me guessing until the end.',1),(1600,373,'8872697196493',4,1,'The book tackles important themes with sensitivity and grace.',1),(1601,374,'4750600707671',4,3,'A tale of love, betrayal, and redemption that captivated me.',1),(1602,375,'9318332103267',4,5,'The book\'s themes are thought-provoking and relevant to our times.',1),(1603,376,'4580456346669',4,1,'A captivating narrative that had me hooked from the very first page.',1),(1604,377,'4957681394220',4,4,'The author\'s descriptive writing transported me to another world.',1),(1605,378,'4379844123531',4,1,'A gripping story that had me hooked from the very first page.',1),(1606,379,'5327893813501',4,2,'The author\'s vivid descriptions brought the story to life.',1),(1607,380,'5042770078771',4,1,'A tale of love, betrayal, and redemption that captivated me.',1),(1608,381,'1565472624918',4,2,'The author\'s character development is top-notch.',1),(1609,382,'5701481617000',4,5,'The book\'s pacing is perfect, keeping the reader engaged throughout.',1),(1610,383,'2161191715079',4,3,'I was completely absorbed in the world-building and mythology.',1),(1611,384,'6835260862610',4,1,'A thrilling and suspenseful ride that had me on the edge of my seat.',1),(1612,385,'3205923051430',4,5,'A story that will stay with me for a lifetime.',1),(1613,386,'1934609639936',4,5,'The book\'s themes resonated with me on a personal level.',1),(1614,387,'6328734102011',4,3,'A true masterpiece that will stay with me forever.',1),(1615,388,'1932583915995',4,2,'The author\'s prose is elegant and evocative.',1),(1616,389,'9031144463262',4,1,'A thrilling adventure that kept me on the edge of my seat.',1),(1617,390,'1699245491729',4,1,'The book made me question my own beliefs and values.',1),(1618,391,'9820552893564',4,3,'The book\'s exploration of love and loss is both heartbreaking and uplifting.',1),(1619,392,'3486572943459',4,4,'The author\'s ability to create vivid and realistic characters is remarkable.',1),(1620,393,'6978313272952',4,4,'A masterful storyteller who knows how to keep readers hooked.',1),(1621,394,'2240070539304',4,4,'The book\'s pacing is perfect, keeping the reader engaged throughout.',1),(1622,395,'1530409716070',4,3,'I devoured this book in one sitting, unable to tear myself away.',1),(1623,396,'6735085920782',4,2,'The book\'s themes are timely and relevant to our society.',1),(1624,397,'2524024045183',4,3,'The book left me with a lasting impression.',1),(1625,398,'6419564253911',4,4,'A deeply moving story that touched my soul.',1),(1626,399,'7318263390977',4,3,'The book\'s themes resonated with me on a personal level.',1),(1627,400,'8076469364664',4,5,'A book that challenges conventions and breaks new ground.',1),(1628,401,'9687617068240',4,1,'The book is a testament to the power of storytelling.',1),(1629,402,'7478619458908',4,1,'I was completely immersed in the richly imagined world.',1),(1630,403,'6042708524563',4,4,'The author\'s words flowed beautifully on the page.',1),(1631,404,'1955017537851',4,4,'The plot was brilliantly crafted.',1),(1632,405,'1200067081254',4,1,'The book\'s atmospheric setting transported me to a different world.',1),(1633,406,'3894601703219',4,2,'The author\'s writing style is poetic and evocative.',1),(1634,407,'4519549047842',4,2,'The author\'s vivid descriptions brought the story to life.',1),(1635,408,'8872697196493',4,3,'The book had a perfect balance of action and introspection.',1),(1636,409,'4750600707671',4,1,'The book\'s exploration of love and loss is both heartbreaking and uplifting.',1),(1637,410,'9318332103267',4,1,'An empowering story that celebrates the strength of the human spirit.',1),(1638,411,'4580456346669',4,4,'A beautifully written and deeply moving story.',1),(1639,412,'4957681394220',4,4,'The author\'s attention to detail created a rich and immersive reading experience.',1),(1640,413,'4379844123531',4,1,'I was emotionally invested in the journey of the main character.',1),(1641,414,'5327893813501',4,4,'The book tackles important social issues with sensitivity.',1),(1642,415,'5042770078771',4,5,'The book\'s plot twists had me gasping in surprise.',1),(1643,416,'1565472624918',4,4,'The book\'s pacing is perfect, keeping the reader engaged throughout.',1),(1644,417,'5701481617000',4,3,'The book tackles important social issues with sensitivity.',1),(1645,334,'1955017537851',4,5,'The book\'s messages of hope and resilience touched my soul.',1),(1646,335,'1200067081254',4,2,'A book that challenges conventions and breaks new ground.',1),(1647,336,'3894601703219',4,3,'I couldn\'t turn the pages fast enough.',1),(1648,337,'4519549047842',4,5,'A tale of love, betrayal, and redemption that captivated me.',1),(1649,338,'8872697196493',4,2,'A powerful exploration of the human condition.',1),(1650,339,'4750600707671',4,5,'An absolute page-turner!',1),(1651,340,'9318332103267',4,3,'The book tackles important social issues with sensitivity.',1),(1652,341,'4580456346669',4,4,'The author\'s writing style is poetic and evocative.',1),(1653,342,'4957681394220',4,5,'A tale of love, betrayal, and redemption that captivated me.',1),(1654,343,'4379844123531',4,4,'A rollercoaster of emotions that I couldn\'t want to end.',1),(1655,344,'5327893813501',4,3,'The book raises important questions about society and identity.',1),(1656,345,'5042770078771',4,3,'The book\'s pacing is perfect, keeping the reader engaged throughout.',1),(1657,346,'1565472624918',4,1,'The plot was brilliantly crafted.',1),(1658,347,'5701481617000',4,5,'A book that will make you laugh, cry, and reflect.',1),(1659,348,'2161191715079',4,2,'The book\'s pacing is perfect, keeping the reader engaged throughout.',1),(1660,349,'6835260862610',4,5,'A book that explores the complexities of human relationships.',1),(1661,350,'3205923051430',4,5,'A refreshing take on a familiar genre.',1),(1662,351,'1934609639936',4,1,'The world-building was immersive and richly detailed.',1),(1663,352,'6328734102011',4,5,'A thought-provoking and captivating read.',1),(1664,353,'1932583915995',4,5,'The author\'s vivid descriptions brought the story to life.',1),(1665,354,'9031144463262',4,4,'The book\'s plot twists had me gasping in surprise.',1),(1666,355,'1699245491729',4,1,'The book\'s plot twists had me gasping in surprise.',1),(1667,356,'9820552893564',4,5,'I devoured this book in one sitting, unable to tear myself away.',1),(1668,357,'3486572943459',4,2,'The plot was brilliantly crafted.',1),(1669,358,'6978313272952',4,3,'The author\'s attention to detail created a rich and immersive reading experience.',1),(1670,359,'2240070539304',4,5,'A book that explores the complexities of human relationships.',1),(1671,360,'1530409716070',4,5,'An impressive debut novel that showcases incredible talent.',1),(1672,361,'6735085920782',4,3,'A story that stayed with me long after I finished reading.',1),(1673,362,'2524024045183',4,4,'A beautifully written and deeply moving story.',1),(1674,363,'6419564253911',4,4,'I couldn\'t get enough of the author\'s beautiful prose.',1),(1675,364,'7318263390977',4,4,'A story that will stay with me for a lifetime.',1),(1676,365,'8076469364664',4,2,'A book that explores the complexities of human relationships.',1),(1677,366,'9687617068240',4,3,'The book challenged my perspective and made me think.',1),(1678,367,'7478619458908',4,5,'I couldn\'t stop talking about this book to everyone I know.',1),(1679,368,'6042708524563',4,5,'I couldn\'t put it down!',1),(1680,369,'1955017537851',4,2,'The author\'s ability to create vivid and realistic characters is remarkable.',1),(1681,370,'1200067081254',4,5,'A book that made me laugh, cry, and everything in between.',1),(1682,371,'3894601703219',4,1,'A beautifully written and deeply moving story.',1),(1683,372,'4519549047842',4,5,'I couldn\'t get enough of the author\'s beautiful prose.',1),(1684,373,'8872697196493',4,1,'The author\'s ability to create vivid and realistic characters is remarkable.',1),(1685,374,'4750600707671',4,3,'A masterful storyteller who knows how to keep readers hooked.',1),(1686,375,'9318332103267',4,1,'A rollercoaster of emotions that I couldn\'t want to end.',1),(1687,376,'4580456346669',4,5,'The book\'s atmospheric setting transported me to a different world.',1),(1688,377,'4957681394220',4,5,'The book transported me to another time and place.',1),(1689,378,'4379844123531',4,1,'I couldn\'t get enough of the author\'s beautiful prose.',1),(1690,379,'5327893813501',4,1,'I couldn\'t stop talking about this book to everyone I know.',1),(1691,380,'5042770078771',4,3,'The characters felt so real, I became emotionally invested.',1),(1692,381,'1565472624918',4,3,'I was emotionally invested in the journey of the main character.',1),(1693,382,'5701481617000',4,5,'The author\'s prose is elegant and evocative.',1),(1694,383,'2161191715079',4,1,'The author\'s storytelling skills are unparalleled.',1),(1695,384,'6835260862610',4,4,'The author\'s storytelling skills are unparalleled.',1),(1696,385,'3205923051430',4,1,'The book is a testament to the power of storytelling.',1),(1697,386,'1934609639936',4,2,'The book raises important questions about society and identity.',1),(1698,387,'6328734102011',4,4,'A heartwarming story of love, friendship, and redemption.',1),(1699,388,'1932583915995',4,2,'The book\'s plot twists had me gasping in surprise.',1),(1700,389,'9031144463262',4,5,'The book\'s pacing is perfect, keeping the reader engaged throughout.',1),(1701,390,'1699245491729',4,5,'A beautifully written and deeply moving story.',1),(1702,391,'9820552893564',4,4,'A story that stayed with me long after I finished reading.',1),(1703,392,'3486572943459',4,5,'A book that challenged my preconceived notions and made me reflect.',1),(1704,393,'6978313272952',4,1,'A heartwarming story of love, friendship, and redemption.',1),(1705,394,'2240070539304',4,1,'A book that explores the complexities of human relationships.',1),(1706,395,'1530409716070',4,2,'The author\'s ability to create vivid and realistic characters is remarkable.',1),(1707,396,'6735085920782',4,4,'I was completely engrossed in the story.',1),(1708,397,'2524024045183',4,5,'A story that stayed with me long after I finished reading.',1),(1709,398,'6419564253911',4,2,'The book\'s themes are thought-provoking and relevant to our times.',1),(1710,399,'7318263390977',4,2,'A book that will keep you guessing until the final page.',1),(1711,400,'8076469364664',4,3,'The author\'s prose is elegant and evocative.',1),(1712,401,'9687617068240',4,4,'The book challenged my assumptions and expanded my horizons.',1),(1713,402,'7478619458908',4,2,'The book had a perfect balance of action and introspection.',1),(1714,403,'6042708524563',4,5,'The book\'s plot twists had me gasping in surprise.',1),(1715,404,'1955017537851',4,4,'I was completely immersed in the richly imagined world.',1),(1716,405,'1200067081254',4,2,'The author\'s attention to detail brought the story to life.',1),(1717,406,'3894601703219',4,1,'The author\'s descriptive prose painted vivid images in my mind.',1),(1718,407,'4519549047842',4,5,'The author\'s writing is raw, honest, and unputdownable.',1),(1719,408,'8872697196493',4,2,'A poignant and heartfelt story that touched my soul.',1),(1720,409,'4750600707671',4,5,'The book had me on the edge of my seat from start to finish.',1),(1721,410,'9318332103267',4,3,'A refreshing take on a familiar genre.',1),(1722,411,'4580456346669',4,3,'I laughed, I cried, and I couldn\'t stop reading.',1),(1723,412,'4957681394220',4,4,'A gripping tale that had me on an emotional rollercoaster.',1),(1724,413,'4379844123531',4,2,'A book that challenged my preconceived notions and made me reflect.',1),(1725,414,'5327893813501',4,3,'The book\'s plot twists had me gasping in surprise.',1),(1726,415,'5042770078771',4,4,'The book explores the complexities of human nature with depth and compassion.',1),(1727,416,'1565472624918',4,2,'A tale of love, betrayal, and redemption that captivated me.',1),(1728,417,'5701481617000',4,2,'A book that will keep you guessing until the final page.',1),(1729,334,'1955017537851',4,3,'A book that made me laugh, cry, and everything in between.',1),(1730,335,'1200067081254',4,2,'The book\'s messages of hope and resilience touched my soul.',1),(1731,336,'3894601703219',4,2,'The world-building was immersive and richly detailed.',1),(1732,337,'4519549047842',4,1,'The author\'s prose is elegant and evocative.',1),(1733,338,'8872697196493',4,4,'A story that stayed with me long after I finished reading.',1),(1734,339,'4750600707671',4,3,'I was blown away by the author\'s creativity and imagination.',1),(1735,340,'9318332103267',4,1,'A book that explores the complexities of human relationships.',1),(1736,341,'4580456346669',4,3,'The book challenged my perspective and made me think.',1),(1737,342,'4957681394220',4,3,'The book\'s atmospheric setting transported me to a different world.',1),(1738,343,'4379844123531',4,3,'A book that made me laugh, cry, and everything in between.',1),(1739,344,'5327893813501',4,1,'The book raises important questions about society and identity.',1),(1740,345,'5042770078771',4,3,'A book that captures the essence of human relationships with authenticity.',1),(1741,346,'1565472624918',4,5,'A book that challenges conventions and breaks new ground.',1),(1742,347,'5701481617000',4,2,'The book\'s exploration of love and loss is both heartbreaking and uplifting.',1),(1743,348,'2161191715079',4,5,'The world-building was immersive and richly detailed.',1),(1744,349,'6835260862610',4,2,'The author\'s character development is top-notch.',1),(1745,350,'3205923051430',4,4,'The book\'s twists and turns kept me guessing until the very end.',1),(1746,351,'1934609639936',4,3,'A book that captures the essence of human relationships with authenticity.',1),(1747,352,'6328734102011',4,4,'The author\'s storytelling skills are exceptional.',1),(1748,353,'1932583915995',4,2,'I devoured this book in one sitting, unable to tear myself away.',1),(1749,354,'9031144463262',4,1,'The book\'s message stayed with me long after I finished reading.',1),(1750,355,'1699245491729',4,5,'The book\'s exploration of love and loss is both heartbreaking and uplifting.',1),(1751,356,'9820552893564',4,2,'A book that evoked strong emotions and left me in awe.',1),(1752,357,'3486572943459',4,3,'A tale of love, betrayal, and redemption that captivated me.',1),(1753,358,'6978313272952',4,5,'The book transported me to another time and place.',1),(1754,359,'2240070539304',4,4,'The book\'s messages of hope and resilience touched my soul.',1),(1755,360,'1530409716070',4,5,'A book that evoked strong emotions and left me in awe.',1),(1756,361,'6735085920782',4,1,'A powerful and moving exploration of family and love.',1),(1757,362,'2524024045183',4,1,'A beautifully written story that touched my heart.',1),(1758,363,'6419564253911',4,5,'The characters were relatable and well-developed.',1),(1759,364,'7318263390977',4,3,'An intelligent and thought-provoking read.',1),(1760,365,'8076469364664',4,4,'A compelling narrative that kept me guessing until the end.',1),(1761,366,'9687617068240',4,4,'I couldn\'t put it down!',1),(1762,367,'7478619458908',4,2,'The book\'s prose is elegant and beautifully crafted.',1),(1763,368,'6042708524563',4,1,'A must-read for anyone who loves a gripping mystery.',1),(1764,369,'1955017537851',4,3,'A deeply moving story that resonated with me on a profound level.',1),(1765,370,'1200067081254',4,4,'An empowering story that celebrates the strength of the human spirit.',1),(1766,371,'3894601703219',4,1,'The book tackles important themes with sensitivity and grace.',1),(1767,372,'4519549047842',4,3,'A true gem that deserves all the praise and recognition.',1),(1768,373,'8872697196493',4,3,'I couldn\'t put it down!',1),(1769,374,'4750600707671',4,1,'I highly recommend this book to all book lovers!',1),(1770,375,'9318332103267',4,2,'The book\'s plot twists had me gasping in surprise.',1),(1771,376,'4580456346669',4,4,'A book that will make you laugh, cry, and reflect.',1),(1772,377,'4957681394220',4,2,'The book explored complex emotions with honesty and depth.',1),(1773,378,'4379844123531',4,2,'A beautifully written and deeply moving story.',1),(1774,379,'5327893813501',4,1,'The author\'s words flowed beautifully on the page.',1),(1775,380,'5042770078771',4,1,'A beautifully crafted narrative that tugged at my heartstrings.',1),(1776,381,'1565472624918',4,1,'A captivating narrative that had me hooked from the very first page.',1),(1777,382,'5701481617000',4,3,'I couldn\'t stop talking about this book to everyone I know.',1),(1778,383,'2161191715079',4,2,'A story that stayed with me long after I finished reading.',1),(1779,384,'6835260862610',4,4,'An enchanting and magical journey.',1),(1780,385,'3205923051430',4,3,'The author\'s ability to create vivid and realistic characters is remarkable.',1),(1781,386,'1934609639936',4,4,'The book tackles important social issues with sensitivity.',1),(1782,387,'6328734102011',4,3,'The book\'s themes are relevant and timely.',1),(1783,388,'1932583915995',4,1,'A beautifully written and deeply moving story.',1),(1784,389,'9031144463262',4,2,'A book that made me laugh, cry, and everything in between.',1),(1785,390,'1699245491729',4,2,'The plot was brilliantly crafted.',1),(1786,391,'9820552893564',4,2,'The author\'s descriptive writing transported me to another world.',1),(1787,392,'3486572943459',4,5,'A thrilling and suspenseful ride that had me on the edge of my seat.',1),(1788,393,'6978313272952',4,1,'The author\'s ability to create vivid and realistic characters is remarkable.',1),(1789,394,'2240070539304',4,4,'The book explores the complexities of human nature with depth and compassion.',1),(1790,395,'1530409716070',4,4,'The author\'s descriptive writing transported me to another world.',1),(1791,396,'6735085920782',4,4,'An intelligent and thought-provoking read.',1),(1792,397,'2524024045183',4,5,'I devoured this book in one sitting, unable to tear myself away.',1),(1793,398,'6419564253911',4,3,'A gripping tale that had me on an emotional rollercoaster.',1),(1794,399,'7318263390977',4,3,'The writing is lyrical and poetic, a joy to read.',1),(1795,400,'8076469364664',4,1,'A book that will keep you guessing until the final page.',1),(1796,401,'9687617068240',4,1,'A powerful exploration of the human condition.',1),(1797,402,'7478619458908',4,2,'The book transported me to another time and place.',1),(1798,403,'6042708524563',4,1,'The book\'s messages of hope and resilience touched my soul.',1),(1799,404,'1955017537851',4,2,'I was emotionally invested in the journey of the main character.',1),(1800,405,'1200067081254',4,5,'The book\'s message stayed with me long after I finished reading.',1),(1801,406,'3894601703219',4,5,'The book transported me to another time and place.',1),(1802,407,'4519549047842',4,1,'The book\'s themes are timely and relevant to our society.',1),(1803,408,'8872697196493',4,1,'A masterful storyteller who knows how to keep readers hooked.',1),(1804,409,'4750600707671',4,2,'The book\'s atmospheric setting transported me to a different world.',1),(1805,410,'9318332103267',4,3,'A gripping tale that had me on an emotional rollercoaster.',1),(1806,411,'4580456346669',4,1,'A book that explores the complexities of human relationships.',1),(1807,412,'4957681394220',4,2,'I was emotionally invested in the journey of the main character.',1),(1808,413,'4379844123531',4,1,'A gripping story that had me hooked from the very first page.',1),(1809,414,'5327893813501',4,4,'The book explores the depths of human emotions with authenticity.',1),(1810,415,'5042770078771',4,5,'I couldn\'t turn the pages fast enough.',1),(1811,416,'1565472624918',4,2,'The book\'s twists and turns kept me guessing until the very end.',1),(1812,417,'5701481617000',4,3,'A refreshing take on a familiar genre.',1),(1813,334,'1955017537851',4,5,'A book that will keep you guessing until the final page.',1),(1814,335,'1200067081254',4,1,'The book\'s plot twists had me gasping in surprise.',1),(1815,336,'3894601703219',4,3,'The author\'s ability to create vivid and realistic characters is remarkable.',1),(1816,337,'4519549047842',4,1,'A story that will stay with me for a lifetime.',1),(1817,338,'8872697196493',4,1,'A masterful storyteller who knows how to keep readers hooked.',1),(1818,339,'4750600707671',4,1,'The plot was brilliantly crafted.',1),(1819,340,'9318332103267',4,2,'A thrilling and suspenseful ride that had me on the edge of my seat.',1),(1820,341,'4580456346669',4,1,'The book made me see the world from a different perspective.',1),(1821,342,'4957681394220',4,1,'The author\'s writing is raw, honest, and unputdownable.',1),(1822,343,'4379844123531',4,5,'An empowering story that celebrates the strength of the human spirit.',1),(1823,344,'5327893813501',4,3,'A masterfully crafted story that left me breathless.',1),(1824,345,'5042770078771',4,1,'The book\'s message stayed with me long after I finished reading.',1),(1825,346,'1565472624918',4,2,'An absolute page-turner!',1),(1826,347,'5701481617000',4,2,'A beautifully crafted narrative that tugged at my heartstrings.',1),(1827,348,'2161191715079',4,5,'I couldn\'t stop talking about this book to everyone I know.',1),(1828,349,'6835260862610',4,4,'A true masterpiece that will stay with me forever.',1),(1829,350,'3205923051430',4,3,'The author\'s attention to detail brought the story to life.',1),(1830,351,'1934609639936',4,5,'I devoured this book in one sitting, unable to tear myself away.',1),(1831,352,'6328734102011',4,5,'The book\'s themes are timely and relevant to our society.',1),(1832,353,'1932583915995',4,4,'The book\'s exploration of love and loss is both heartbreaking and uplifting.',1),(1833,354,'9031144463262',4,4,'The book explores the complexities of human nature with depth and compassion.',1),(1834,355,'1699245491729',4,4,'A poignant and heartfelt story that touched my soul.',1),(1835,356,'9820552893564',4,3,'An emotional rollercoaster that left me wanting more.',1),(1836,357,'3486572943459',4,2,'The book\'s themes resonated with me on a personal level.',1),(1837,358,'6978313272952',4,2,'I was emotionally invested in the journey of the main character.',1),(1838,359,'2240070539304',4,5,'The author\'s character development is top-notch.',1),(1839,360,'1530409716070',4,3,'I couldn\'t get enough of the author\'s beautiful prose.',1),(1840,361,'6735085920782',4,1,'A heartwarming story of love, friendship, and redemption.',1),(1841,362,'2524024045183',4,4,'The author\'s character development is top-notch.',1),(1842,363,'6419564253911',4,2,'A thrilling adventure that kept me on the edge of my seat.',1),(1843,364,'7318263390977',4,3,'The book had me on the edge of my seat from start to finish.',1),(1844,365,'8076469364664',4,5,'The book\'s messages of hope and resilience touched my soul.',1),(1845,366,'9687617068240',4,5,'The book\'s message stayed with me long after I finished reading.',1),(1846,367,'7478619458908',4,5,'A must-read for anyone who loves a gripping mystery.',1),(1847,368,'6042708524563',4,3,'A story that stayed with me long after I finished reading.',1),(1848,369,'1955017537851',4,4,'The author\'s prose is elegant and evocative.',1),(1849,370,'1200067081254',4,1,'I was completely engrossed in the story.',1),(1850,371,'3894601703219',4,5,'A book that made me laugh, cry, and everything in between.',1),(1851,372,'4519549047842',4,3,'The author\'s writing is raw, honest, and unputdownable.',1),(1852,373,'8872697196493',4,3,'A true gem that deserves all the praise and recognition.',1),(1853,374,'4750600707671',4,4,'A gripping story that had me hooked from the very first page.',1),(1854,375,'9318332103267',4,4,'The world-building was immersive and richly detailed.',1),(1855,376,'4580456346669',4,3,'The author\'s storytelling skills are unparalleled.',1),(1856,377,'4957681394220',4,2,'I was emotionally invested in the journey of the main character.',1),(1857,378,'4379844123531',4,5,'An intelligent and thought-provoking read.',1),(1858,379,'5327893813501',4,1,'A book that will keep you guessing until the final page.',1),(1859,380,'5042770078771',4,3,'The book had a perfect balance of action and introspection.',1),(1860,381,'1565472624918',4,1,'I laughed, I cried, and I couldn\'t stop reading.',1),(1861,382,'5701481617000',4,5,'The book\'s pacing is perfect, keeping the reader engaged throughout.',1),(1862,383,'2161191715079',4,1,'An emotional rollercoaster that left me wanting more.',1),(1863,384,'6835260862610',4,5,'A book that captures the essence of human relationships with authenticity.',1),(1864,385,'3205923051430',4,1,'A book that will make you laugh, cry, and reflect.',1),(1865,386,'1934609639936',4,5,'The book\'s themes are timely and relevant to our society.',1),(1866,387,'6328734102011',4,4,'The author\'s storytelling skills are unparalleled.',1),(1867,388,'1932583915995',4,3,'A captivating narrative that had me hooked from the very first page.',1),(1868,389,'9031144463262',4,1,'I devoured this book in one sitting, unable to tear myself away.',1),(1869,390,'1699245491729',4,3,'I was emotionally invested in the fate of the characters.',1),(1870,391,'9820552893564',4,3,'A powerful and moving exploration of family and love.',1),(1871,392,'3486572943459',4,4,'A book that will keep you guessing until the final page.',1),(1872,393,'6978313272952',4,1,'The author\'s character development is top-notch.',1),(1873,394,'2240070539304',4,3,'A book that evoked strong emotions and left me in awe.',1),(1874,395,'1530409716070',4,4,'I was emotionally invested in the journey of the main character.',1),(1875,396,'6735085920782',4,1,'The world-building was immersive and richly detailed.',1),(1876,397,'2524024045183',4,2,'The author\'s storytelling skills are exceptional.',1),(1877,398,'6419564253911',4,5,'The author\'s words flowed beautifully on the page.',1),(1878,399,'7318263390977',4,4,'A book that will make you laugh, cry, and reflect.',1),(1879,400,'8076469364664',4,2,'I laughed, I cried, and I couldn\'t stop reading.',1),(1880,401,'9687617068240',4,3,'A beautifully written story that touched my heart.',1),(1881,402,'7478619458908',4,1,'A book that evoked strong emotions and left me in awe.',1),(1882,403,'6042708524563',4,5,'A compelling narrative that kept me guessing until the end.',1),(1883,404,'1955017537851',4,2,'A gripping story that had me hooked from the very first page.',1),(1884,405,'1200067081254',4,3,'A beautifully crafted narrative that tugged at my heartstrings.',1),(1885,406,'3894601703219',4,3,'A powerful and moving exploration of family and love.',1),(1886,407,'4519549047842',4,2,'The book\'s plot twists had me gasping in surprise.',1),(1887,408,'8872697196493',4,4,'I couldn\'t put it down!',1),(1888,409,'4750600707671',4,2,'A book that explores the complexities of human relationships.',1),(1889,410,'9318332103267',4,5,'The book\'s message stayed with me long after I finished reading.',1),(1890,411,'4580456346669',4,1,'The book\'s pacing is perfect, keeping the reader engaged throughout.',1),(1891,412,'4957681394220',4,4,'A book that captures the essence of human relationships with authenticity.',1),(1892,413,'4379844123531',4,4,'A book that evoked strong emotions and left me in awe.',1),(1893,414,'5327893813501',4,1,'A story of triumph and resilience that inspired me.',1),(1894,415,'5042770078771',4,3,'A book that evoked strong emotions and left me in awe.',1),(1895,416,'1565472624918',4,1,'A book that will keep you guessing until the final page.',1),(1896,417,'5701481617000',4,4,'I was emotionally invested in the journey of the main character.',1),(1897,334,'1955017537851',4,3,'The author\'s attention to detail brought the story to life.',1),(1898,335,'1200067081254',4,4,'The book\'s themes are thought-provoking and relevant to our times.',1),(1899,336,'3894601703219',4,1,'The author\'s storytelling skills are unparalleled.',1),(1900,337,'4519549047842',4,2,'A true gem that deserves all the praise and recognition.',1),(1901,338,'8872697196493',4,4,'The author\'s storytelling skills are exceptional.',1),(1902,339,'4750600707671',4,3,'The book shines a light on important social issues with grace.',1),(1903,340,'9318332103267',4,5,'I highly recommend this book to all book lovers!',1),(1904,341,'4580456346669',4,1,'The author\'s storytelling skills are exceptional.',1),(1905,342,'4957681394220',4,2,'A poignant and powerful portrayal of love and loss.',1),(1906,343,'4379844123531',4,1,'The book transported me to another time and place.',1),(1907,344,'5327893813501',4,1,'A gripping tale that had me on an emotional rollercoaster.',1),(1908,345,'5042770078771',4,1,'The author\'s words flowed beautifully on the page.',1),(1909,346,'1565472624918',4,4,'A thrilling and suspenseful ride that had me on the edge of my seat.',1),(1910,347,'5701481617000',4,5,'The book explores the depths of human emotions with authenticity.',1),(1911,348,'2161191715079',4,5,'A masterfully crafted story that left me breathless.',1),(1912,349,'6835260862610',4,2,'I found myself completely absorbed in the world the author created.',1),(1913,350,'3205923051430',4,1,'The book\'s prose is elegant and beautifully crafted.',1),(1914,351,'1934609639936',4,4,'An impressive debut novel that showcases incredible talent.',1),(1915,352,'6328734102011',4,3,'I couldn\'t get enough of the author\'s beautiful prose.',1),(1916,353,'1932583915995',4,5,'The book\'s themes are thought-provoking and relevant to our times.',1),(1917,354,'9031144463262',4,4,'An empowering story that celebrates the strength of the human spirit.',1),(1918,355,'1699245491729',4,4,'A beautifully written story that touched my heart.',1),(1919,356,'9820552893564',4,4,'A refreshing take on a familiar genre.',1),(1920,357,'3486572943459',4,5,'The book tackles important themes with sensitivity and grace.',1),(1921,358,'6978313272952',4,2,'The author\'s writing style is poetic and evocative.',1),(1922,359,'2240070539304',4,5,'I was blown away by the author\'s creativity and imagination.',1),(1923,360,'1530409716070',4,5,'The book\'s themes are timely and relevant to our society.',1),(1924,361,'6735085920782',4,3,'A story that will stay with me for a lifetime.',1),(1925,362,'2524024045183',4,4,'A thrilling adventure that kept me on the edge of my seat.',1),(1926,363,'6419564253911',4,3,'The book\'s themes resonated with me on a personal level.',1),(1927,364,'7318263390977',4,5,'I was emotionally invested in the journey of the main character.',1),(1928,365,'8076469364664',4,1,'The book tackles important social issues with sensitivity.',1),(1929,366,'9687617068240',4,2,'A story that stayed with me long after I finished reading.',1),(1930,367,'7478619458908',4,1,'A beautifully written and deeply moving story.',1),(1931,368,'6042708524563',4,1,'The author\'s ability to create vivid and realistic characters is remarkable.',1),(1932,369,'1955017537851',4,4,'I couldn\'t get enough of the author\'s beautiful prose.',1),(1933,370,'1200067081254',4,1,'A gripping tale that had me on an emotional rollercoaster.',1),(1934,371,'3894601703219',4,1,'A heartwarming story of love, friendship, and redemption.',1),(1935,372,'4519549047842',4,2,'A book that challenges conventions and breaks new ground.',1),(1936,373,'8872697196493',4,1,'A book that stayed with me long after I finished reading.',1),(1937,374,'4750600707671',4,4,'A thrilling and suspenseful ride that had me on the edge of my seat.',1),(1938,375,'9318332103267',4,1,'A tale of love, betrayal, and redemption that captivated me.',1),(1939,376,'4580456346669',4,5,'I was completely immersed in the richly imagined world.',1),(1940,377,'4957681394220',4,4,'The author\'s vivid descriptions brought the story to life.',1),(1941,378,'4379844123531',4,1,'The book tackles important themes with sensitivity and grace.',1),(1942,379,'5327893813501',4,2,'A true masterpiece that will stay with me forever.',1),(1943,380,'5042770078771',4,5,'A story that will stay with me for a lifetime.',1),(1944,381,'1565472624918',4,3,'A book that challenges conventions and breaks new ground.',1),(1945,382,'5701481617000',4,5,'A thrilling and suspenseful ride that had me on the edge of my seat.',1),(1946,383,'2161191715079',4,3,'I devoured this book in one sitting, unable to tear myself away.',1),(1947,384,'6835260862610',4,3,'The book\'s exploration of love and loss is both heartbreaking and uplifting.',1),(1948,385,'3205923051430',4,3,'The suspense kept me on the edge of my seat.',1),(1949,386,'1934609639936',4,1,'I couldn\'t get enough of the author\'s beautiful prose.',1),(1950,387,'6328734102011',4,1,'A thrilling and suspenseful ride from beginning to end.',1),(1951,388,'1932583915995',4,2,'The book challenged my perspective and made me think.',1),(1952,389,'9031144463262',4,5,'The author\'s vivid descriptions brought the story to life.',1),(1953,390,'1699245491729',4,4,'The author\'s descriptive prose painted vivid images in my mind.',1),(1954,391,'9820552893564',4,5,'An intelligent and thought-provoking read.',1),(1955,392,'3486572943459',4,5,'The book\'s messages of hope and resilience touched my soul.',1),(1956,393,'6978313272952',4,3,'The author\'s descriptive prose painted vivid images in my mind.',1),(1957,394,'2240070539304',4,4,'An absolute page-turner!',1),(1958,395,'1530409716070',4,5,'A beautifully crafted narrative that tugged at my heartstrings.',1),(1959,396,'6735085920782',4,3,'The author\'s writing is raw, honest, and unputdownable.',1),(1960,397,'2524024045183',4,4,'The book\'s themes resonated with me on a personal level.',1),(1961,398,'6419564253911',4,1,'I couldn\'t get enough of the author\'s beautiful prose.',1),(1962,399,'7318263390977',4,4,'I devoured this book in one sitting, unable to tear myself away.',1),(1963,400,'8076469364664',4,4,'A book that left me contemplating the deeper questions of life.',1),(1964,401,'9687617068240',4,3,'The book\'s pacing is perfect, keeping the reader engaged throughout.',1),(1965,402,'7478619458908',4,2,'I devoured this book in one sitting, unable to tear myself away.',1),(1966,403,'6042708524563',4,2,'The author has a unique and captivating voice.',1),(1967,404,'1955017537851',4,3,'The book tackles important social issues with sensitivity.',1),(1968,405,'1200067081254',4,2,'A must-read for anyone who loves a gripping mystery.',1),(1969,406,'3894601703219',4,4,'The writing is lyrical and poetic, a joy to read.',1),(1970,407,'4519549047842',4,2,'Full of twists and surprises.',1),(1971,408,'8872697196493',4,3,'A book that made me laugh, cry, and everything in between.',1),(1972,409,'4750600707671',4,4,'A thrilling adventure that kept me on the edge of my seat.',1),(1973,410,'9318332103267',4,2,'An empowering story that celebrates the strength of the human spirit.',1),(1974,411,'4580456346669',4,2,'A book that will keep you guessing until the final page.',1),(1975,412,'4957681394220',4,5,'A tale of love, betrayal, and redemption that captivated me.',1),(1976,413,'4379844123531',4,1,'The writing is lyrical and poetic, a joy to read.',1),(1977,414,'5327893813501',4,3,'I was emotionally invested in the fate of the characters.',1),(1978,415,'5042770078771',4,4,'A story that will stay with me for a lifetime.',1),(1979,416,'1565472624918',4,3,'I was emotionally invested in the journey of the main character.',1),(1980,417,'5701481617000',4,1,'The book challenged my assumptions and expanded my horizons.',1),(1981,67,'3767200285326',5,3,'A mesmerizing and unforgettable reading experience.',1),(1982,68,'8666274373630',5,2,'The book\'s exploration of love and loss is both heartbreaking and uplifting.',1),(1983,69,'4868868234003',5,2,'An empowering story that celebrates the strength of the human spirit.',1),(1984,70,'9319158106790',5,2,'A refreshing take on a familiar genre.',1),(1985,71,'7425484677285',5,3,'The book transported me to another time and place.',1),(1986,72,'9988597201443',5,4,'A powerful and moving exploration of family and love.',1),(1987,73,'7232222014135',5,3,'A book that left me contemplating the deeper questions of life.',1),(1988,74,'5350140264903',5,4,'A book that explores the complexities of human relationships.',1),(1989,75,'6384291966713',5,1,'The author\'s attention to detail brought the story to life.',1),(1990,76,'5618426303115',5,1,'The book tackles important social issues with sensitivity.',1),(1991,77,'1547465148881',5,2,'A book that explores the complexities of human relationships.',1),(1992,78,'4022437599834',5,1,'A book that will keep you guessing until the final page.',1),(1993,79,'8420109646170',5,3,'I was emotionally invested in the journey of the main character.',1),(1994,80,'1412238963946',5,2,'The author\'s vivid descriptions brought the story to life.',1),(1995,81,'2306254842720',5,5,'The author\'s writing is raw, honest, and unputdownable.',1),(1996,67,'3767200285326',5,3,'A beautifully written story that touched my heart.',1),(1997,68,'8666274373630',5,2,'The book tackles important social issues with sensitivity.',1),(1998,69,'4868868234003',5,3,'A gripping story that had me hooked from the very first page.',1),(1999,70,'9319158106790',5,4,'The book transported me to another time and place.',1),(2000,71,'7425484677285',5,3,'The book is a testament to the power of storytelling.',1),(2001,72,'9988597201443',5,1,'A book that challenges conventions and breaks new ground.',1),(2002,73,'7232222014135',5,3,'The writing is lyrical and poetic, a joy to read.',1),(2003,74,'5350140264903',5,5,'A book that will make you laugh, cry, and reflect.',1),(2004,75,'6384291966713',5,4,'A story of triumph and resilience that inspired me.',1),(2005,76,'5618426303115',5,4,'The author has a unique and captivating voice.',1),(2006,77,'1547465148881',5,1,'A tale of love, betrayal, and redemption that captivated me.',1),(2007,78,'4022437599834',5,4,'An empowering story that celebrates the strength of the human spirit.',1),(2008,79,'8420109646170',5,3,'The author\'s storytelling skills are unparalleled.',1),(2009,80,'1412238963946',5,1,'The book\'s themes resonated with me on a personal level.',1),(2010,81,'2306254842720',5,2,'A book that left me contemplating the deeper questions of life.',1),(2011,67,'3767200285326',5,1,'I couldn\'t get enough of the author\'s beautiful prose.',1),(2012,68,'8666274373630',5,2,'The characters were relatable and well-developed.',1),(2013,69,'4868868234003',5,5,'I was completely absorbed in the world-building and mythology.',1),(2014,70,'9319158106790',5,3,'I was captivated by the unique premise and execution.',1),(2015,71,'7425484677285',5,1,'The author\'s vivid descriptions brought the story to life.',1),(2016,72,'9988597201443',5,1,'The author\'s storytelling skills are unparalleled.',1),(2017,73,'7232222014135',5,5,'A book that explores the complexities of human relationships.',1),(2018,74,'5350140264903',5,5,'A poignant and heartfelt story that touched my soul.',1),(2019,75,'6384291966713',5,2,'An enchanting and magical journey.',1),(2020,76,'5618426303115',5,2,'A masterful storyteller who knows how to keep readers hooked.',1),(2021,77,'1547465148881',5,3,'A rollercoaster of emotions that I couldn\'t want to end.',1),(2022,78,'4022437599834',5,5,'The author\'s ability to create vivid and realistic characters is remarkable.',1),(2023,79,'8420109646170',5,4,'The book\'s twists and turns kept me guessing until the very end.',1),(2024,80,'1412238963946',5,2,'The book left me with a lasting impression.',1),(2025,81,'2306254842720',5,5,'A beautifully written and deeply moving story.',1),(2026,67,'3767200285326',5,5,'The book\'s twists and turns kept me guessing until the very end.',1),(2027,68,'8666274373630',5,5,'The author\'s vivid descriptions brought the story to life.',1),(2028,69,'4868868234003',5,4,'A deeply moving story that resonated with me on a profound level.',1),(2029,70,'9319158106790',5,2,'A refreshing take on a familiar genre.',1),(2030,71,'7425484677285',5,1,'The book\'s themes resonated with me on a personal level.',1),(2031,72,'9988597201443',5,1,'A refreshing take on a familiar genre.',1),(2032,73,'7232222014135',5,3,'The book explores the complexities of human nature with depth and compassion.',1),(2033,74,'5350140264903',5,4,'I was completely invested in the fates of the characters.',1),(2034,75,'6384291966713',5,1,'A captivating narrative that had me hooked from the very first page.',1),(2035,76,'5618426303115',5,2,'The book\'s pacing is perfect, keeping the reader engaged throughout.',1),(2036,77,'1547465148881',5,4,'The book had me on the edge of my seat from start to finish.',1),(2037,78,'4022437599834',5,2,'The author\'s ability to create vivid and realistic characters is remarkable.',1),(2038,79,'8420109646170',5,4,'The suspense kept me on the edge of my seat.',1),(2039,80,'1412238963946',5,3,'The book\'s message stayed with me long after I finished reading.',1),(2040,81,'2306254842720',5,4,'A thrilling and suspenseful ride that had me on the edge of my seat.',1),(2041,67,'3767200285326',5,4,'I was completely absorbed in the world-building and mythology.',1),(2042,68,'8666274373630',5,4,'I couldn\'t stop talking about this book to everyone I know.',1),(2043,69,'4868868234003',5,1,'A book that explores the complexities of human relationships.',1),(2044,70,'9319158106790',5,3,'The book tackles important social issues with sensitivity.',1),(2045,71,'7425484677285',5,2,'An empowering story that celebrates the strength of the human spirit.',1),(2046,72,'9988597201443',5,5,'The book tackles important social issues with sensitivity.',1),(2047,73,'7232222014135',5,4,'The book\'s messages of hope and resilience touched my soul.',1),(2048,74,'5350140264903',5,1,'A tale of love, betrayal, and redemption that captivated me.',1),(2049,75,'6384291966713',5,3,'A book that explores the complexities of human relationships.',1),(2050,76,'5618426303115',5,5,'I devoured this book in one sitting, unable to tear myself away.',1),(2051,77,'1547465148881',5,3,'I was emotionally invested in the fate of the characters.',1),(2052,78,'4022437599834',5,1,'A true masterpiece that will stay with me forever.',1),(2053,79,'8420109646170',5,5,'A book that will make you laugh, cry, and reflect.',1),(2054,80,'1412238963946',5,1,'The book\'s themes are thought-provoking and relevant to our times.',1),(2055,81,'2306254842720',5,1,'A gripping tale that had me on an emotional rollercoaster.',1),(2056,418,'8666274373630',5,1,'The author\'s writing style is poetic and evocative.',1),(2057,419,'4868868234003',5,5,'The book\'s themes are relevant and timely.',1),(2058,420,'9319158106790',5,5,'A book that stayed with me long after I finished reading.',1),(2059,421,'7425484677285',5,4,'The author\'s prose is elegant and evocative.',1),(2060,422,'9988597201443',5,5,'An engaging and well-crafted plot that kept me hooked.',1),(2061,423,'7232222014135',5,1,'A gripping tale that had me on an emotional rollercoaster.',1),(2062,424,'5350140264903',5,2,'A beautifully crafted narrative that tugged at my heartstrings.',1),(2063,425,'6384291966713',5,2,'A book that explores the complexities of human relationships.',1),(2064,426,'5618426303115',5,5,'The book tackles important social issues with sensitivity.',1),(2065,427,'1547465148881',5,2,'A book that will make you laugh, cry, and reflect.',1),(2066,428,'4022437599834',5,2,'A gripping story that had me hooked from the very first page.',1),(2067,429,'8420109646170',5,2,'The book\'s messages of hope and resilience touched my soul.',1),(2068,430,'1412238963946',5,4,'The book\'s messages of hope and resilience touched my soul.',1),(2069,431,'2306254842720',5,3,'The book\'s pacing is perfect, keeping the reader engaged throughout.',1),(2070,432,'4605134722128',5,4,'The book challenged my assumptions and expanded my horizons.',1),(2071,433,'5082997519265',5,1,'The book\'s message stayed with me long after I finished reading.',1),(2072,434,'9050377382094',5,4,'The book tackles important social issues with sensitivity.',1),(2073,435,'8953467198286',5,3,'A masterful storyteller who knows how to keep readers hooked.',1),(2074,436,'2209994595042',5,1,'A tale of love, betrayal, and redemption that captivated me.',1),(2075,437,'1905228378814',5,4,'A captivating narrative that had me hooked from the very first page.',1),(2076,438,'9990414428914',5,2,'The author\'s descriptive prose painted vivid images in my mind.',1),(2077,439,'7583850922016',5,5,'An emotional rollercoaster that left me wanting more.',1),(2078,440,'7621548463494',5,1,'The author\'s prose is elegant and evocative.',1),(2079,441,'4832696954486',5,1,'The book shines a light on important social issues with grace.',1),(2080,442,'5988894110631',5,5,'A gripping tale that had me on an emotional rollercoaster.',1),(2081,443,'8854883799967',5,4,'The book\'s twists and turns kept me guessing until the very end.',1),(2082,444,'8237259472345',5,5,'I was emotionally invested in the journey of the main character.',1),(2083,445,'1914197470420',5,5,'A true masterpiece that will stay with me forever.',1),(2084,446,'6672548681931',5,3,'The book\'s prose is elegant and beautifully crafted.',1),(2085,447,'7323825600122',5,4,'A book that challenges conventions and breaks new ground.',1),(2086,448,'4677531936068',5,2,'The author\'s storytelling skills are exceptional.',1),(2087,449,'4133884598898',5,2,'I was completely immersed in the richly imagined world.',1),(2088,450,'4904945608636',5,5,'A book that challenges conventions and breaks new ground.',1),(2089,451,'7041207035223',5,1,'The author\'s attention to detail brought the story to life.',1),(2090,452,'3767200285326',5,3,'An enchanting and magical journey.',1),(2091,453,'8666274373630',5,3,'A beautifully crafted narrative that tugged at my heartstrings.',1),(2092,454,'4868868234003',5,5,'The book tackles important social issues with sensitivity.',1),(2093,455,'9319158106790',5,4,'A masterful storyteller who knows how to keep readers hooked.',1),(2094,456,'7425484677285',5,4,'The suspense kept me on the edge of my seat.',1),(2095,457,'9988597201443',5,5,'A true gem that deserves all the praise and recognition.',1),(2096,458,'7232222014135',5,4,'A true masterpiece that will stay with me forever.',1),(2097,459,'5350140264903',5,3,'I was emotionally invested in the journey of the main character.',1),(2098,460,'6384291966713',5,1,'A book that challenges conventions and breaks new ground.',1),(2099,461,'5618426303115',5,1,'I devoured this book in one sitting, unable to tear myself away.',1),(2100,462,'1547465148881',5,4,'The book made me see the world from a different perspective.',1),(2101,463,'4022437599834',5,4,'The book\'s themes resonated with me on a personal level.',1),(2102,464,'8420109646170',5,5,'The book tackles important social issues with sensitivity.',1),(2103,465,'1412238963946',5,4,'The book\'s message stayed with me long after I finished reading.',1),(2104,466,'2306254842720',5,1,'A story that stayed with me long after I finished reading.',1),(2105,467,'4605134722128',5,2,'The book\'s twists and turns kept me guessing until the very end.',1),(2106,468,'5082997519265',5,5,'A tale of love, betrayal, and redemption that captivated me.',1),(2107,469,'9050377382094',5,1,'I couldn\'t get enough of the author\'s beautiful prose.',1),(2108,470,'8953467198286',5,5,'The writing is lyrical and poetic, a joy to read.',1),(2109,471,'2209994595042',5,2,'A masterfully crafted story that left me breathless.',1),(2110,472,'1905228378814',5,4,'A captivating narrative that had me hooked from the very first page.',1),(2111,473,'9990414428914',5,3,'A compelling narrative that kept me guessing until the end.',1),(2112,474,'7583850922016',5,3,'The author\'s descriptive writing transported me to another world.',1),(2113,475,'7621548463494',5,5,'A book that will make you laugh, cry, and reflect.',1),(2114,476,'4832696954486',5,5,'The book explores the complexities of human nature with depth and compassion.',1),(2115,477,'5988894110631',5,3,'A captivating narrative that had me hooked from the very first page.',1),(2116,478,'8854883799967',5,1,'A powerful and moving exploration of family and love.',1),(2117,479,'8237259472345',5,1,'The book\'s message stayed with me long after I finished reading.',1),(2118,480,'1914197470420',5,4,'I was captivated by the unique premise and execution.',1),(2119,481,'6672548681931',5,5,'The book\'s message stayed with me long after I finished reading.',1),(2120,482,'7323825600122',5,3,'A book that captures the essence of human relationships with authenticity.',1),(2121,483,'4677531936068',5,5,'I couldn\'t get enough of the author\'s beautiful prose.',1),(2122,484,'4133884598898',5,4,'A captivating narrative that had me hooked from the very first page.',1),(2123,485,'4904945608636',5,2,'An empowering story that celebrates the strength of the human spirit.',1),(2124,486,'7041207035223',5,1,'An impressive debut novel that showcases incredible talent.',1),(2125,487,'3767200285326',5,1,'The writing is lyrical and poetic, a joy to read.',1),(2126,488,'8666274373630',5,1,'The author\'s storytelling skills are unparalleled.',1),(2127,489,'4868868234003',5,2,'A book that captures the essence of human relationships with authenticity.',1),(2128,490,'9319158106790',5,5,'I was emotionally invested in the journey of the main character.',1),(2129,491,'7425484677285',5,4,'The book\'s themes resonated with me on a personal level.',1),(2130,492,'9988597201443',5,5,'A beautifully written and deeply moving story.',1),(2131,493,'7232222014135',5,2,'The book explores the complexities of human nature with depth and compassion.',1),(2132,494,'5350140264903',5,2,'The book had me on the edge of my seat from start to finish.',1),(2133,495,'6384291966713',5,1,'A captivating narrative that had me hooked from the very first page.',1),(2134,496,'5618426303115',5,5,'The book tackles important social issues with sensitivity.',1),(2135,497,'1547465148881',5,4,'A book that will make you laugh, cry, and reflect.',1),(2136,498,'4022437599834',5,2,'A book that evoked strong emotions and left me in awe.',1),(2137,499,'8420109646170',5,5,'A deeply moving story that resonated with me on a profound level.',1),(2138,500,'1412238963946',5,4,'The book\'s messages of hope and resilience touched my soul.',1),(2139,418,'8666274373630',5,2,'A heartwarming story of love, friendship, and redemption.',1),(2140,419,'4868868234003',5,3,'A thrilling and suspenseful ride that had me on the edge of my seat.',1),(2141,420,'9319158106790',5,2,'A tale of love, betrayal, and redemption that captivated me.',1),(2142,421,'7425484677285',5,4,'The book tackles important social issues with sensitivity.',1),(2143,422,'9988597201443',5,5,'The book\'s themes are relevant and timely.',1),(2144,423,'7232222014135',5,1,'I couldn\'t get enough of the author\'s beautiful prose.',1),(2145,424,'5350140264903',5,2,'I found myself completely absorbed in the world the author created.',1),(2146,425,'6384291966713',5,2,'The book\'s exploration of love and loss is both heartbreaking and uplifting.',1),(2147,426,'5618426303115',5,5,'The author\'s writing style is poetic and evocative.',1),(2148,427,'1547465148881',5,5,'A gripping tale that had me on an emotional rollercoaster.',1),(2149,428,'4022437599834',5,2,'The author\'s storytelling skills are unparalleled.',1),(2150,429,'8420109646170',5,1,'The book had a perfect blend of action, romance, and intrigue.',1),(2151,430,'1412238963946',5,5,'The author\'s vivid descriptions brought the story to life.',1),(2152,431,'2306254842720',5,3,'A gripping tale that had me on an emotional rollercoaster.',1),(2153,432,'4605134722128',5,5,'I was emotionally invested in the journey of the main character.',1),(2154,433,'5082997519265',5,4,'A thought-provoking and captivating read.',1),(2155,434,'9050377382094',5,1,'I laughed, I cried, and I couldn\'t stop reading.',1),(2156,435,'8953467198286',5,5,'I highly recommend this book to all book lovers!',1),(2157,436,'2209994595042',5,1,'I was completely engrossed in the story.',1),(2158,437,'1905228378814',5,2,'The author\'s vivid descriptions brought the story to life.',1),(2159,438,'9990414428914',5,1,'I was emotionally invested in the journey of the main character.',1),(2160,439,'7583850922016',5,3,'A poignant and heartfelt story that touched my soul.',1),(2161,440,'7621548463494',5,4,'A rollercoaster of emotions that I couldn\'t want to end.',1),(2162,441,'4832696954486',5,4,'The book\'s message stayed with me long after I finished reading.',1),(2163,442,'5988894110631',5,3,'The author\'s descriptive prose painted vivid images in my mind.',1),(2164,443,'8854883799967',5,1,'A masterful storyteller who knows how to keep readers hooked.',1),(2165,444,'8237259472345',5,3,'The book challenged my perspective and made me think.',1),(2166,445,'1914197470420',5,2,'A captivating narrative that had me hooked from the very first page.',1),(2167,446,'6672548681931',5,2,'An engaging and well-crafted plot that kept me hooked.',1),(2168,447,'7323825600122',5,1,'The book tackles important social issues with sensitivity.',1),(2169,448,'4677531936068',5,2,'A poignant and powerful portrayal of love and loss.',1),(2170,449,'4133884598898',5,3,'A captivating narrative that had me hooked from the very first page.',1),(2171,450,'4904945608636',5,5,'The author\'s attention to detail created a rich and immersive reading experience.',1),(2172,451,'7041207035223',5,1,'I was completely invested in the fates of the characters.',1),(2173,452,'3767200285326',5,2,'I was emotionally invested in the journey of the main character.',1),(2174,453,'8666274373630',5,3,'A thrilling adventure that kept me on the edge of my seat.',1),(2175,454,'4868868234003',5,5,'A thought-provoking and captivating read.',1),(2176,455,'9319158106790',5,1,'An inspiring tale of resilience and courage.',1),(2177,456,'7425484677285',5,2,'I couldn\'t wait to recommend this book to everyone I know.',1),(2178,457,'9988597201443',5,3,'The book had a perfect balance of action and introspection.',1),(2179,458,'7232222014135',5,5,'A book that captures the essence of human relationships with authenticity.',1),(2180,459,'5350140264903',5,4,'The book\'s atmospheric setting transported me to a different world.',1),(2181,460,'6384291966713',5,4,'A book that challenges conventions and breaks new ground.',1),(2182,461,'5618426303115',5,3,'The author\'s writing style is poetic and evocative.',1),(2183,462,'1547465148881',5,3,'The book tackles important social issues with sensitivity.',1),(2184,463,'4022437599834',5,5,'I laughed, I cried, and I couldn\'t stop reading.',1),(2185,464,'8420109646170',5,1,'I highly recommend this book to all book lovers!',1),(2186,465,'1412238963946',5,3,'A book that will keep you guessing until the final page.',1),(2187,466,'2306254842720',5,5,'The author has a unique and captivating voice.',1),(2188,467,'4605134722128',5,4,'The book transported me to another time and place.',1),(2189,468,'5082997519265',5,3,'A book that will make you laugh, cry, and reflect.',1),(2190,469,'9050377382094',5,1,'A rollercoaster of emotions that I couldn\'t want to end.',1),(2191,470,'8953467198286',5,3,'A book that evoked strong emotions and left me in awe.',1),(2192,471,'2209994595042',5,2,'The book explores the depths of human emotions with authenticity.',1),(2193,472,'1905228378814',5,1,'The author\'s prose is elegant and evocative.',1),(2194,473,'9990414428914',5,2,'A thrilling and suspenseful ride that had me on the edge of my seat.',1),(2195,474,'7583850922016',5,4,'The author\'s vivid descriptions brought the story to life.',1),(2196,475,'7621548463494',5,3,'I was captivated by the unique premise and execution.',1),(2197,476,'4832696954486',5,1,'I devoured this book in one sitting, unable to tear myself away.',1),(2198,477,'5988894110631',5,1,'The author\'s vivid descriptions brought the story to life.',1),(2199,478,'8854883799967',5,4,'A gripping tale that had me on an emotional rollercoaster.',1),(2200,479,'8237259472345',5,3,'A tale of love, betrayal, and redemption that captivated me.',1),(2201,480,'1914197470420',5,5,'The book\'s exploration of love and loss is both heartbreaking and uplifting.',1),(2202,481,'6672548681931',5,3,'A gripping tale that had me on an emotional rollercoaster.',1),(2203,482,'7323825600122',5,3,'I was emotionally invested in the journey of the main character.',1),(2204,483,'4677531936068',5,4,'The book explores the complexities of human nature with depth and compassion.',1),(2205,484,'4133884598898',5,2,'A thrilling adventure that kept me on the edge of my seat.',1),(2206,485,'4904945608636',5,4,'The world-building was immersive and richly detailed.',1),(2207,486,'7041207035223',5,4,'A mesmerizing and unforgettable reading experience.',1),(2208,487,'3767200285326',5,3,'The author\'s vivid descriptions brought the story to life.',1),(2209,488,'8666274373630',5,4,'The book shines a light on important social issues with grace.',1),(2210,489,'4868868234003',5,5,'A compelling narrative that kept me guessing until the end.',1),(2211,490,'9319158106790',5,3,'The author\'s descriptive writing transported me to another world.',1),(2212,491,'7425484677285',5,2,'A book that explores the complexities of human relationships.',1),(2213,492,'9988597201443',5,4,'An intelligent and thought-provoking read.',1),(2214,493,'7232222014135',5,3,'The book explored complex emotions with honesty and depth.',1),(2215,494,'5350140264903',5,3,'The book transported me to another time and place.',1),(2216,495,'6384291966713',5,3,'A thrilling and suspenseful ride that had me on the edge of my seat.',1),(2217,496,'5618426303115',5,5,'I was emotionally invested in the journey of the main character.',1),(2218,497,'1547465148881',5,2,'The book\'s themes resonated with me on a personal level.',1),(2219,498,'4022437599834',5,2,'A gripping story that had me hooked from the very first page.',1),(2220,499,'8420109646170',5,2,'A book that challenges conventions and breaks new ground.',1),(2221,500,'1412238963946',5,2,'The author\'s ability to create vivid and realistic characters is remarkable.',1),(2222,418,'8666274373630',5,5,'A thrilling and suspenseful ride that had me on the edge of my seat.',1),(2223,419,'4868868234003',5,5,'The author\'s prose is elegant and evocative.',1),(2224,420,'9319158106790',5,1,'A powerful exploration of the human condition.',1),(2225,421,'7425484677285',5,5,'A book that explores the complexities of human relationships.',1),(2226,422,'9988597201443',5,5,'The book\'s exploration of love and loss is both heartbreaking and uplifting.',1),(2227,423,'7232222014135',5,3,'The author\'s character development is top-notch.',1),(2228,424,'5350140264903',5,4,'The author\'s storytelling skills are unparalleled.',1),(2229,425,'6384291966713',5,5,'The book had a perfect blend of action, romance, and intrigue.',1),(2230,426,'5618426303115',5,1,'The author\'s words flowed beautifully on the page.',1),(2231,427,'1547465148881',5,3,'The book challenged my assumptions and expanded my horizons.',1),(2232,428,'4022437599834',5,4,'A book that challenges conventions and breaks new ground.',1),(2233,429,'8420109646170',5,3,'The author\'s character development is top-notch.',1),(2234,430,'1412238963946',5,1,'The author\'s vivid descriptions brought the story to life.',1),(2235,431,'2306254842720',5,4,'The author\'s words flowed beautifully on the page.',1),(2236,432,'4605134722128',5,1,'A gripping story that had me hooked from the very first page.',1),(2237,433,'5082997519265',5,5,'The book\'s pacing is perfect, keeping the reader engaged throughout.',1),(2238,434,'9050377382094',5,5,'A beautifully written and deeply moving story.',1),(2239,435,'8953467198286',5,1,'The book\'s themes resonated with me on a personal level.',1),(2240,436,'2209994595042',5,4,'The suspense kept me on the edge of my seat.',1),(2241,437,'1905228378814',5,1,'I couldn\'t wait to recommend this book to everyone I know.',1),(2242,438,'9990414428914',5,2,'The book\'s themes resonated with me on a personal level.',1),(2243,439,'7583850922016',5,2,'A thrilling adventure that kept me on the edge of my seat.',1),(2244,440,'7621548463494',5,5,'A story of triumph and resilience that inspired me.',1),(2245,441,'4832696954486',5,5,'A must-read for anyone who loves a gripping mystery.',1),(2246,442,'5988894110631',5,1,'The book explores the complexities of human nature with depth and compassion.',1),(2247,443,'8854883799967',5,2,'The book explores the complexities of human nature with depth and compassion.',1),(2248,444,'8237259472345',5,3,'The book\'s exploration of love and loss is both heartbreaking and uplifting.',1),(2249,445,'1914197470420',5,5,'A mesmerizing and unforgettable reading experience.',1),(2250,446,'6672548681931',5,2,'The book\'s themes are timely and relevant to our society.',1),(2251,447,'7323825600122',5,2,'I was emotionally invested in the journey of the main character.',1),(2252,448,'4677531936068',5,1,'I was emotionally invested in the journey of the main character.',1),(2253,449,'4133884598898',5,4,'An enchanting and magical journey.',1),(2254,450,'4904945608636',5,2,'The author\'s ability to create vivid and realistic characters is remarkable.',1),(2255,451,'7041207035223',5,2,'A thrilling and suspenseful ride from beginning to end.',1),(2256,452,'3767200285326',5,4,'The characters were relatable and well-developed.',1),(2257,453,'8666274373630',5,5,'The book made me see the world from a different perspective.',1),(2258,454,'4868868234003',5,4,'The book\'s twists and turns kept me guessing until the very end.',1),(2259,455,'9319158106790',5,3,'I couldn\'t stop talking about this book to everyone I know.',1),(2260,456,'7425484677285',5,1,'The book transported me to another time and place.',1),(2261,457,'9988597201443',5,5,'The author\'s vivid descriptions brought the story to life.',1),(2262,458,'7232222014135',5,2,'A deeply moving story that resonated with me on a profound level.',1),(2263,459,'5350140264903',5,4,'The book raises important questions about society and identity.',1),(2264,460,'6384291966713',5,2,'A true gem that deserves all the praise and recognition.',1),(2265,461,'5618426303115',5,4,'An intelligent and thought-provoking read.',1),(2266,462,'1547465148881',5,2,'An intelligent and thought-provoking read.',1),(2267,463,'4022437599834',5,2,'A thrilling and suspenseful ride that had me on the edge of my seat.',1),(2268,464,'8420109646170',5,5,'The book tackles important themes with sensitivity and grace.',1),(2269,465,'1412238963946',5,1,'The author\'s ability to create vivid and realistic characters is remarkable.',1),(2270,466,'2306254842720',5,1,'The book\'s atmospheric setting transported me to a different world.',1),(2271,467,'4605134722128',5,3,'The author\'s storytelling skills are unparalleled.',1),(2272,468,'5082997519265',5,4,'A beautifully written story that touched my heart.',1),(2273,469,'9050377382094',5,2,'The book made me question my own beliefs and values.',1),(2274,470,'8953467198286',5,1,'An empowering story that celebrates the strength of the human spirit.',1),(2275,471,'2209994595042',5,3,'I was completely engrossed in the story.',1),(2276,472,'1905228378814',5,2,'A heartwarming story of love, friendship, and redemption.',1),(2277,473,'9990414428914',5,1,'An intelligent and thought-provoking read.',1),(2278,474,'7583850922016',5,3,'A story that stayed with me long after I finished reading.',1),(2279,475,'7621548463494',5,3,'The book\'s twists and turns kept me guessing until the very end.',1),(2280,476,'4832696954486',5,5,'The book kept me up all night, eager to know what happens next.',1),(2281,477,'5988894110631',5,2,'The author\'s character development is top-notch.',1),(2282,478,'8854883799967',5,3,'A book that challenged my preconceived notions and made me reflect.',1),(2283,479,'8237259472345',5,3,'Full of twists and surprises.',1),(2284,480,'1914197470420',5,1,'A book that explores the complexities of human relationships.',1),(2285,481,'6672548681931',5,2,'The book is a testament to the power of storytelling.',1),(2286,482,'7323825600122',5,3,'A story that will stay with me for a lifetime.',1),(2287,483,'4677531936068',5,1,'A thrilling adventure that kept me on the edge of my seat.',1),(2288,484,'4133884598898',5,4,'An emotional rollercoaster that left me wanting more.',1),(2289,485,'4904945608636',5,4,'The author\'s words flowed beautifully on the page.',1),(2290,486,'7041207035223',5,3,'The author\'s attention to detail brought the story to life.',1),(2291,487,'3767200285326',5,3,'An enchanting and magical journey.',1),(2292,488,'8666274373630',5,5,'The book\'s twists and turns kept me guessing until the very end.',1),(2293,489,'4868868234003',5,3,'A beautifully written and deeply moving story.',1),(2294,490,'9319158106790',5,5,'A book that explores the complexities of human relationships.',1),(2295,491,'7425484677285',5,4,'I was emotionally invested in the journey of the main character.',1),(2296,492,'9988597201443',5,4,'Full of twists and surprises.',1),(2297,493,'7232222014135',5,1,'A story that will stay with me for a lifetime.',1),(2298,494,'5350140264903',5,4,'The book tackles important social issues with sensitivity.',1),(2299,495,'6384291966713',5,4,'A tale of love, betrayal, and redemption that captivated me.',1),(2300,496,'5618426303115',5,4,'The book\'s message stayed with me long after I finished reading.',1),(2301,497,'1547465148881',5,3,'A masterful storyteller who knows how to keep readers hooked.',1),(2302,498,'4022437599834',5,4,'The book\'s plot twists had me gasping in surprise.',1),(2303,499,'8420109646170',5,4,'A story that will stay with me for a lifetime.',1),(2304,500,'1412238963946',5,2,'The book shines a light on important social issues with grace.',1),(2305,418,'8666274373630',5,4,'The book\'s themes are thought-provoking and relevant to our times.',1),(2306,419,'4868868234003',5,2,'I laughed, I cried, and I couldn\'t stop reading.',1),(2307,420,'9319158106790',5,2,'A book that will keep you guessing until the final page.',1),(2308,421,'7425484677285',5,2,'I was completely engrossed in the story.',1),(2309,422,'9988597201443',5,1,'A book that evoked strong emotions and left me in awe.',1),(2310,423,'7232222014135',5,2,'A book that evoked strong emotions and left me in awe.',1),(2311,424,'5350140264903',5,4,'A story that will stay with me for a lifetime.',1),(2312,425,'6384291966713',5,3,'A book that challenges conventions and breaks new ground.',1),(2313,426,'5618426303115',5,5,'I was emotionally invested in the journey of the main character.',1),(2314,427,'1547465148881',5,2,'The book kept me up all night, eager to know what happens next.',1),(2315,428,'4022437599834',5,2,'I devoured this book in one sitting, unable to tear myself away.',1),(2316,429,'8420109646170',5,3,'The author\'s ability to create vivid and realistic characters is remarkable.',1),(2317,430,'1412238963946',5,4,'The author\'s ability to create vivid and realistic characters is remarkable.',1),(2318,431,'2306254842720',5,3,'The book made me see the world from a different perspective.',1),(2319,432,'4605134722128',5,4,'The book\'s messages of hope and resilience touched my soul.',1),(2320,433,'5082997519265',5,3,'The book\'s pacing is perfect, keeping the reader engaged throughout.',1),(2321,434,'9050377382094',5,4,'A captivating narrative that had me hooked from the very first page.',1),(2322,435,'8953467198286',5,3,'The characters were relatable and well-developed.',1),(2323,436,'2209994595042',5,4,'The book is a testament to the power of storytelling.',1),(2324,437,'1905228378814',5,2,'The book explores the complexities of human nature with depth and compassion.',1),(2325,438,'9990414428914',5,5,'The author\'s ability to create vivid and realistic characters is remarkable.',1),(2326,439,'7583850922016',5,1,'The author\'s descriptive prose painted vivid images in my mind.',1),(2327,440,'7621548463494',5,2,'The book\'s themes are thought-provoking and relevant to our times.',1),(2328,441,'4832696954486',5,5,'An intelligent and thought-provoking read.',1),(2329,442,'5988894110631',5,1,'The book\'s message stayed with me long after I finished reading.',1),(2330,443,'8854883799967',5,5,'A beautifully crafted narrative that tugged at my heartstrings.',1),(2331,444,'8237259472345',5,1,'The author\'s storytelling skills are unparalleled.',1),(2332,445,'1914197470420',5,3,'I was completely absorbed in the world-building and mythology.',1),(2333,446,'6672548681931',5,1,'I was completely absorbed in the world-building and mythology.',1),(2334,447,'7323825600122',5,4,'The book raises important questions about society and identity.',1),(2335,448,'4677531936068',5,1,'The book\'s plot twists had me gasping in surprise.',1),(2336,449,'4133884598898',5,1,'A gripping tale that had me on an emotional rollercoaster.',1),(2337,450,'4904945608636',5,1,'I devoured this book in one sitting, unable to tear myself away.',1),(2338,451,'7041207035223',5,2,'I was emotionally invested in the fate of the characters.',1),(2339,452,'3767200285326',5,4,'An engaging and well-crafted plot that kept me hooked.',1),(2340,453,'8666274373630',5,3,'A book that will make you laugh, cry, and reflect.',1),(2341,454,'4868868234003',5,4,'A book that made me laugh, cry, and everything in between.',1),(2342,455,'9319158106790',5,4,'The book\'s exploration of love and loss is both heartbreaking and uplifting.',1),(2343,456,'7425484677285',5,1,'The author\'s ability to create vivid and realistic characters is remarkable.',1),(2344,457,'9988597201443',5,2,'A poignant and powerful portrayal of love and loss.',1),(2345,458,'7232222014135',5,1,'The book\'s themes are thought-provoking and relevant to our times.',1),(2346,459,'5350140264903',5,2,'The book had me on the edge of my seat from start to finish.',1),(2347,460,'6384291966713',5,4,'I was completely immersed in the richly imagined world.',1),(2348,461,'5618426303115',5,1,'The book tackles important social issues with sensitivity.',1),(2349,462,'1547465148881',5,4,'An enchanting and magical journey.',1),(2350,463,'4022437599834',5,5,'A heartwarming story of love, friendship, and redemption.',1),(2351,464,'8420109646170',5,4,'An empowering story that celebrates the strength of the human spirit.',1),(2352,465,'1412238963946',5,1,'The book\'s plot twists had me gasping in surprise.',1),(2353,466,'2306254842720',5,2,'A beautifully written and deeply moving story.',1),(2354,467,'4605134722128',5,5,'A beautifully written and deeply moving story.',1),(2355,468,'5082997519265',5,5,'A book that will keep you guessing until the final page.',1),(2356,469,'9050377382094',5,2,'The book\'s messages of hope and resilience touched my soul.',1),(2357,470,'8953467198286',5,1,'A thrilling and suspenseful ride that had me on the edge of my seat.',1),(2358,471,'2209994595042',5,3,'The book\'s atmospheric setting transported me to a different world.',1),(2359,472,'1905228378814',5,1,'I was completely engrossed in the story.',1),(2360,473,'9990414428914',5,2,'A thrilling adventure that kept me on the edge of my seat.',1),(2361,474,'7583850922016',5,2,'A refreshing take on a familiar genre.',1),(2362,475,'7621548463494',5,1,'A book that will keep you guessing until the final page.',1),(2363,476,'4832696954486',5,3,'The book had a perfect balance of action and introspection.',1),(2364,477,'5988894110631',5,1,'A story that stayed with me long after I finished reading.',1),(2365,478,'8854883799967',5,4,'The book\'s messages of hope and resilience touched my soul.',1),(2366,479,'8237259472345',5,1,'A masterful storyteller who knows how to keep readers hooked.',1),(2367,480,'1914197470420',5,3,'A book that will keep you guessing until the final page.',1),(2368,481,'6672548681931',5,1,'The book\'s pacing is perfect, keeping the reader engaged throughout.',1),(2369,482,'7323825600122',5,3,'The book explores the complexities of human nature with depth and compassion.',1),(2370,483,'4677531936068',5,4,'The author\'s attention to detail brought the story to life.',1),(2371,484,'4133884598898',5,4,'The book transported me to another time and place.',1),(2372,485,'4904945608636',5,5,'A fascinating exploration of human nature.',1),(2373,486,'7041207035223',5,5,'A thrilling and suspenseful ride that had me on the edge of my seat.',1),(2374,487,'3767200285326',5,1,'I devoured this book in one sitting, unable to tear myself away.',1),(2375,488,'8666274373630',5,3,'The book\'s pacing is perfect, keeping the reader engaged throughout.',1),(2376,489,'4868868234003',5,1,'An empowering story that celebrates the strength of the human spirit.',1),(2377,490,'9319158106790',5,3,'A story that will stay with me for a lifetime.',1),(2378,491,'7425484677285',5,1,'The book\'s exploration of love and loss is both heartbreaking and uplifting.',1),(2379,492,'9988597201443',5,2,'An enchanting and magical journey.',1),(2380,493,'7232222014135',5,3,'A book that challenges conventions and breaks new ground.',1),(2381,494,'5350140264903',5,4,'The book transported me to another time and place.',1),(2382,495,'6384291966713',5,4,'A captivating narrative that had me hooked from the very first page.',1),(2383,496,'5618426303115',5,4,'I couldn\'t wait to recommend this book to everyone I know.',1),(2384,497,'1547465148881',5,5,'The author\'s attention to detail brought the story to life.',1),(2385,498,'4022437599834',5,5,'The book\'s twists and turns kept me guessing until the very end.',1),(2386,499,'8420109646170',5,3,'A tale of love, betrayal, and redemption that captivated me.',1),(2387,500,'1412238963946',5,3,'I couldn\'t get enough of the author\'s beautiful prose.',1),(2388,418,'8666274373630',5,3,'I couldn\'t turn the pages fast enough.',1),(2389,419,'4868868234003',5,3,'The author\'s storytelling skills are exceptional.',1),(2390,420,'9319158106790',5,4,'The author\'s descriptive prose painted vivid images in my mind.',1),(2391,421,'7425484677285',5,4,'A book that will keep you guessing until the final page.',1),(2392,422,'9988597201443',5,2,'An absolute page-turner!',1),(2393,423,'7232222014135',5,4,'A tale of love, betrayal, and redemption that captivated me.',1),(2394,424,'5350140264903',5,2,'A compelling narrative that kept me guessing until the end.',1),(2395,425,'6384291966713',5,1,'The author\'s storytelling skills are unparalleled.',1),(2396,426,'5618426303115',5,5,'The author\'s ability to create vivid and realistic characters is remarkable.',1),(2397,427,'1547465148881',5,5,'The book\'s twists and turns kept me guessing until the very end.',1),(2398,428,'4022437599834',5,3,'A book that will keep you guessing until the final page.',1),(2399,429,'8420109646170',5,2,'A book that explores the complexities of human relationships.',1),(2400,430,'1412238963946',5,4,'The author\'s ability to create vivid and realistic characters is remarkable.',1),(2401,431,'2306254842720',5,4,'The plot was brilliantly crafted.',1),(2402,432,'4605134722128',5,5,'The author\'s ability to create vivid and realistic characters is remarkable.',1),(2403,433,'5082997519265',5,3,'A book that evoked strong emotions and left me in awe.',1),(2404,434,'9050377382094',5,3,'A thrilling and suspenseful ride from beginning to end.',1),(2405,435,'8953467198286',5,4,'A beautifully written and deeply moving story.',1),(2406,436,'2209994595042',5,2,'I couldn\'t turn the pages fast enough.',1),(2407,437,'1905228378814',5,5,'The book had a perfect blend of action, romance, and intrigue.',1),(2408,438,'9990414428914',5,2,'A heartwarming story of love, friendship, and redemption.',1),(2409,439,'7583850922016',5,2,'A tale of love, betrayal, and redemption that captivated me.',1),(2410,440,'7621548463494',5,2,'The book\'s themes are timely and relevant to our society.',1),(2411,441,'4832696954486',5,5,'The author\'s descriptive prose painted vivid images in my mind.',1),(2412,442,'5988894110631',5,4,'A captivating narrative that had me hooked from the very first page.',1),(2413,443,'8854883799967',5,1,'A true gem that deserves all the praise and recognition.',1),(2414,444,'8237259472345',5,3,'A thought-provoking and captivating read.',1),(2415,445,'1914197470420',5,2,'A book that stayed with me long after I finished reading.',1),(2416,446,'6672548681931',5,2,'The author\'s descriptive prose painted vivid images in my mind.',1),(2417,447,'7323825600122',5,4,'The author\'s character development is top-notch.',1),(2418,448,'4677531936068',5,1,'The writing is lyrical and poetic, a joy to read.',1),(2419,449,'4133884598898',5,2,'I found myself completely absorbed in the world the author created.',1),(2420,450,'4904945608636',5,1,'A refreshing take on a familiar genre.',1),(2421,451,'7041207035223',5,2,'The author has a unique and captivating voice.',1),(2422,452,'3767200285326',5,2,'The book had a perfect balance of action and introspection.',1),(2423,453,'8666274373630',5,5,'An enchanting and magical journey.',1),(2424,454,'4868868234003',5,5,'A powerful exploration of the human condition.',1),(2425,455,'9319158106790',5,2,'A book that captures the essence of human relationships with authenticity.',1),(2426,456,'7425484677285',5,4,'A tale of love, betrayal, and redemption that captivated me.',1),(2427,457,'9988597201443',5,3,'A powerful exploration of the human condition.',1),(2428,458,'7232222014135',5,3,'The book challenged my perspective and made me think.',1),(2429,459,'5350140264903',5,1,'The book tackles important social issues with sensitivity.',1),(2430,460,'6384291966713',5,5,'The book\'s twists and turns kept me guessing until the very end.',1),(2431,461,'5618426303115',5,2,'The book explores the complexities of human nature with depth and compassion.',1),(2432,462,'1547465148881',5,1,'The book is a testament to the power of storytelling.',1),(2433,463,'4022437599834',5,1,'A true gem that deserves all the praise and recognition.',1),(2434,464,'8420109646170',5,5,'A gripping tale that had me on an emotional rollercoaster.',1),(2435,465,'1412238963946',5,4,'I was completely absorbed in the world-building and mythology.',1),(2436,466,'2306254842720',5,3,'The book\'s messages of hope and resilience touched my soul.',1),(2437,467,'4605134722128',5,5,'A poignant and powerful portrayal of love and loss.',1),(2438,468,'5082997519265',5,4,'A masterful storyteller who knows how to keep readers hooked.',1),(2439,469,'9050377382094',5,3,'The author\'s vivid descriptions brought the story to life.',1),(2440,470,'8953467198286',5,2,'The book\'s pacing is perfect, keeping the reader engaged throughout.',1),(2441,471,'2209994595042',5,5,'The book\'s pacing is perfect, keeping the reader engaged throughout.',1),(2442,472,'1905228378814',5,4,'The book\'s message stayed with me long after I finished reading.',1),(2443,473,'9990414428914',5,2,'The author\'s storytelling skills are unparalleled.',1),(2444,474,'7583850922016',5,1,'A book that explores the complexities of human relationships.',1),(2445,475,'7621548463494',5,5,'A book that evoked strong emotions and left me in awe.',1),(2446,476,'4832696954486',5,3,'A book that challenges conventions and breaks new ground.',1),(2447,477,'5988894110631',5,3,'The author\'s ability to create vivid and realistic characters is remarkable.',1),(2448,478,'8854883799967',5,1,'The book\'s atmospheric setting transported me to a different world.',1),(2449,479,'8237259472345',5,3,'The book explores the complexities of human nature with depth and compassion.',1),(2450,480,'1914197470420',5,1,'The book\'s exploration of love and loss is both heartbreaking and uplifting.',1),(2451,481,'6672548681931',5,3,'A powerful and moving exploration of family and love.',1),(2452,482,'7323825600122',5,1,'A story of triumph and resilience that inspired me.',1),(2453,483,'4677531936068',5,1,'The author\'s storytelling skills are exceptional.',1),(2454,484,'4133884598898',5,5,'The plot was brilliantly crafted.',1),(2455,485,'4904945608636',5,5,'A book that challenges conventions and breaks new ground.',1),(2456,486,'7041207035223',5,2,'An absolute page-turner!',1),(2457,487,'3767200285326',5,1,'A thrilling and suspenseful ride from beginning to end.',1),(2458,488,'8666274373630',5,2,'A story that will stay with me for a lifetime.',1),(2459,489,'4868868234003',5,1,'The book\'s themes resonated with me on a personal level.',1),(2460,490,'9319158106790',5,4,'The author\'s ability to create vivid and realistic characters is remarkable.',1),(2461,491,'7425484677285',5,3,'A gripping story that had me hooked from the very first page.',1),(2462,492,'9988597201443',5,3,'A must-read for anyone who loves a gripping mystery.',1),(2463,493,'7232222014135',5,1,'The plot was brilliantly crafted.',1),(2464,494,'5350140264903',5,1,'A gripping story that had me hooked from the very first page.',1),(2465,495,'6384291966713',5,3,'The characters were relatable and well-developed.',1),(2466,496,'5618426303115',5,5,'I was emotionally invested in the journey of the main character.',1),(2467,497,'1547465148881',5,2,'I couldn\'t put it down!',1),(2468,498,'4022437599834',5,2,'The book explores the complexities of human nature with depth and compassion.',1),(2469,499,'8420109646170',5,4,'I couldn\'t turn the pages fast enough.',1),(2470,500,'1412238963946',5,5,'I was emotionally invested in the journey of the main character.',1);
/*!40000 ALTER TABLE `review` ENABLE KEYS */;
UNLOCK TABLES;

--
-- Table structure for table `school`
--

DROP TABLE IF EXISTS `school`;
/*!40101 SET @saved_cs_client     = @@character_set_client */;
/*!50503 SET character_set_client = utf8mb4 */;
CREATE TABLE `school` (
  `school_id` int(4) NOT NULL AUTO_INCREMENT,
  `school_name` varchar(50) NOT NULL,
  `address` varchar(100) NOT NULL,
  `city` varchar(50) NOT NULL,
  `telephone` int(15) NOT NULL,
  `email` varchar(70) NOT NULL,
  `principal_fullname` varchar(100) NOT NULL,
  PRIMARY KEY (`school_id`),
  UNIQUE KEY `school_name` (`school_name`),
  KEY `idx_school_id` (`school_id`)
) ENGINE=InnoDB AUTO_INCREMENT=6 DEFAULT CHARSET=utf8mb4 COLLATE=utf8mb4_unicode_ci;
/*!40101 SET character_set_client = @saved_cs_client */;

--
-- Dumping data for table `school`
--

LOCK TABLES `school` WRITE;
/*!40000 ALTER TABLE `school` DISABLE KEYS */;
INSERT INTO `school` VALUES (1,'Aristotle Gymnasium','12 Agiou Konstantinou Street','Athens',694033444,'pfssdkq@outlook.com','Θεοχαρούλα Κοντός'),(2,'Olympus High School','25 Aristotelous Square','Thessaloniki',696249101,'joseph24@outlook.com','Θηρεσία Βαλτάς'),(3,'Socrates Lyceum','8 Ermou Street','Heraklion',693614069,'djcuzzs@yahoo.com','Φιλίππα Γκανάτσιος'),(4,'Acropolis Elementary School','7 Patision Street','Patras',699491412,'quinnshirley@hotmail.com','Φρίξος Μπαφέρα'),(5,'Hermes Academy','15 Akti Miaouli Street','Piraeus',692890417,'crawfordryan@gmail.com','Αστέρω Πανταζής');
/*!40000 ALTER TABLE `school` ENABLE KEYS */;
UNLOCK TABLES;

--
-- Table structure for table `student`
--

DROP TABLE IF EXISTS `student`;
/*!40101 SET @saved_cs_client     = @@character_set_client */;
/*!50503 SET character_set_client = utf8mb4 */;
CREATE TABLE `student` (
  `user_id` int(4) NOT NULL,
  `school_id` int(4) NOT NULL,
  PRIMARY KEY (`user_id`,`school_id`),
  KEY `idx_student_user_id` (`user_id`),
  KEY `idx_student_school_id` (`school_id`),
  CONSTRAINT `student_in` FOREIGN KEY (`school_id`) REFERENCES `school` (`school_id`) ON DELETE CASCADE ON UPDATE CASCADE,
  CONSTRAINT `student_info` FOREIGN KEY (`user_id`) REFERENCES `users` (`user_id`) ON DELETE CASCADE ON UPDATE CASCADE
) ENGINE=InnoDB DEFAULT CHARSET=utf8mb4 COLLATE=utf8mb4_unicode_ci;
/*!40101 SET character_set_client = @saved_cs_client */;

--
-- Dumping data for table `student`
--

LOCK TABLES `student` WRITE;
/*!40000 ALTER TABLE `student` DISABLE KEYS */;
INSERT INTO `student` VALUES (82,1),(83,1),(84,1),(85,1),(86,1),(87,1),(88,1),(89,1),(90,1),(91,1),(92,1),(93,1),(94,1),(95,1),(96,1),(97,1),(98,1),(99,1),(100,1),(101,1),(102,1),(103,1),(104,1),(105,1),(106,1),(107,1),(108,1),(109,1),(110,1),(111,1),(112,1),(113,1),(114,1),(115,1),(116,1),(117,1),(118,1),(119,1),(120,1),(121,1),(122,1),(123,1),(124,1),(125,1),(126,1),(127,1),(128,1),(129,1),(130,1),(131,1),(132,1),(133,1),(134,1),(135,1),(136,1),(137,1),(138,1),(139,1),(140,1),(141,1),(142,1),(143,1),(144,1),(145,1),(146,1),(147,1),(148,1),(149,1),(150,1),(151,1),(152,1),(153,1),(154,1),(155,1),(156,1),(157,1),(158,1),(159,1),(160,1),(161,1),(162,1),(163,1),(164,1),(165,1),(166,2),(167,2),(168,2),(169,2),(170,2),(171,2),(172,2),(173,2),(174,2),(175,2),(176,2),(177,2),(178,2),(179,2),(180,2),(181,2),(182,2),(183,2),(184,2),(185,2),(186,2),(187,2),(188,2),(189,2),(190,2),(191,2),(192,2),(193,2),(194,2),(195,2),(196,2),(197,2),(198,2),(199,2),(200,2),(201,2),(202,2),(203,2),(204,2),(205,2),(206,2),(207,2),(208,2),(209,2),(210,2),(211,2),(212,2),(213,2),(214,2),(215,2),(216,2),(217,2),(218,2),(219,2),(220,2),(221,2),(222,2),(223,2),(224,2),(225,2),(226,2),(227,2),(228,2),(229,2),(230,2),(231,2),(232,2),(233,2),(234,2),(235,2),(236,2),(237,2),(238,2),(239,2),(240,2),(241,2),(242,2),(243,2),(244,2),(245,2),(246,2),(247,2),(248,2),(249,2),(250,3),(251,3),(252,3),(253,3),(254,3),(255,3),(256,3),(257,3),(258,3),(259,3),(260,3),(261,3),(262,3),(263,3),(264,3),(265,3),(266,3),(267,3),(268,3),(269,3),(270,3),(271,3),(272,3),(273,3),(274,3),(275,3),(276,3),(277,3),(278,3),(279,3),(280,3),(281,3),(282,3),(283,3),(284,3),(285,3),(286,3),(287,3),(288,3),(289,3),(290,3),(291,3),(292,3),(293,3),(294,3),(295,3),(296,3),(297,3),(298,3),(299,3),(300,3),(301,3),(302,3),(303,3),(304,3),(305,3),(306,3),(307,3),(308,3),(309,3),(310,3),(311,3),(312,3),(313,3),(314,3),(315,3),(316,3),(317,3),(318,3),(319,3),(320,3),(321,3),(322,3),(323,3),(324,3),(325,3),(326,3),(327,3),(328,3),(329,3),(330,3),(331,3),(332,3),(333,3),(334,4),(335,4),(336,4),(337,4),(338,4),(339,4),(340,4),(341,4),(342,4),(343,4),(344,4),(345,4),(346,4),(347,4),(348,4),(349,4),(350,4),(351,4),(352,4),(353,4),(354,4),(355,4),(356,4),(357,4),(358,4),(359,4),(360,4),(361,4),(362,4),(363,4),(364,4),(365,4),(366,4),(367,4),(368,4),(369,4),(370,4),(371,4),(372,4),(373,4),(374,4),(375,4),(376,4),(377,4),(378,4),(379,4),(380,4),(381,4),(382,4),(383,4),(384,4),(385,4),(386,4),(387,4),(388,4),(389,4),(390,4),(391,4),(392,4),(393,4),(394,4),(395,4),(396,4),(397,4),(398,4),(399,4),(400,4),(401,4),(402,4),(403,4),(404,4),(405,4),(406,4),(407,4),(408,4),(409,4),(410,4),(411,4),(412,4),(413,4),(414,4),(415,4),(416,4),(417,4),(418,5),(419,5),(420,5),(421,5),(422,5),(423,5),(424,5),(425,5),(426,5),(427,5),(428,5),(429,5),(430,5),(431,5),(432,5),(433,5),(434,5),(435,5),(436,5),(437,5),(438,5),(439,5),(440,5),(441,5),(442,5),(443,5),(444,5),(445,5),(446,5),(447,5),(448,5),(449,5),(450,5),(451,5),(452,5),(453,5),(454,5),(455,5),(456,5),(457,5),(458,5),(459,5),(460,5),(461,5),(462,5),(463,5),(464,5),(465,5),(466,5),(467,5),(468,5),(469,5),(470,5),(471,5),(472,5),(473,5),(474,5),(475,5),(476,5),(477,5),(478,5),(479,5),(480,5),(481,5),(482,5),(483,5),(484,5),(485,5),(486,5),(487,5),(488,5),(489,5),(490,5),(491,5),(492,5),(493,5),(494,5),(495,5),(496,5),(497,5),(498,5),(499,5),(500,5);
/*!40000 ALTER TABLE `student` ENABLE KEYS */;
UNLOCK TABLES;

--
-- Table structure for table `teacher`
--

DROP TABLE IF EXISTS `teacher`;
/*!40101 SET @saved_cs_client     = @@character_set_client */;
/*!50503 SET character_set_client = utf8mb4 */;
CREATE TABLE `teacher` (
  `user_id` int(4) NOT NULL,
  `school_id` int(4) NOT NULL,
  PRIMARY KEY (`user_id`,`school_id`),
  KEY `idx_teacher_user_id` (`user_id`),
  KEY `idx_teacher_school_id` (`school_id`),
  CONSTRAINT `teacher_in` FOREIGN KEY (`school_id`) REFERENCES `school` (`school_id`) ON DELETE CASCADE ON UPDATE CASCADE,
  CONSTRAINT `teacher_info` FOREIGN KEY (`user_id`) REFERENCES `users` (`user_id`) ON DELETE CASCADE ON UPDATE CASCADE
) ENGINE=InnoDB DEFAULT CHARSET=utf8mb4 COLLATE=utf8mb4_unicode_ci;
/*!40101 SET character_set_client = @saved_cs_client */;

--
-- Dumping data for table `teacher`
--

LOCK TABLES `teacher` WRITE;
/*!40000 ALTER TABLE `teacher` DISABLE KEYS */;
INSERT INTO `teacher` VALUES (7,1),(8,1),(9,1),(10,1),(11,1),(12,1),(13,1),(14,1),(15,1),(16,1),(17,1),(18,1),(19,1),(20,1),(21,1),(22,2),(23,2),(24,2),(25,2),(26,2),(27,2),(28,2),(29,2),(30,2),(31,2),(32,2),(33,2),(34,2),(35,2),(36,2),(37,3),(38,3),(39,3),(40,3),(41,3),(42,3),(43,3),(44,3),(45,3),(46,3),(47,3),(48,3),(49,3),(50,3),(51,3),(52,4),(53,4),(54,4),(55,4),(56,4),(57,4),(58,4),(59,4),(60,4),(61,4),(62,4),(63,4),(64,4),(65,4),(66,4),(67,5),(68,5),(69,5),(70,5),(71,5),(72,5),(73,5),(74,5),(75,5),(76,5),(77,5),(78,5),(79,5),(80,5),(81,5);
/*!40000 ALTER TABLE `teacher` ENABLE KEYS */;
UNLOCK TABLES;

--
-- Table structure for table `users`
--

DROP TABLE IF EXISTS `users`;
/*!40101 SET @saved_cs_client     = @@character_set_client */;
/*!50503 SET character_set_client = utf8mb4 */;
CREATE TABLE `users` (
  `user_id` int(4) NOT NULL AUTO_INCREMENT,
  `username` varchar(20) NOT NULL,
  `passcode` varchar(20) NOT NULL,
  `user_name` varchar(50) NOT NULL,
  `birthday` date NOT NULL,
  `email` varchar(50) NOT NULL,
  `approved` tinyint(1) NOT NULL DEFAULT 0,
  PRIMARY KEY (`user_id`),
  UNIQUE KEY `username` (`username`),
  KEY `idx_user_id` (`user_id`)
) ENGINE=InnoDB AUTO_INCREMENT=501 DEFAULT CHARSET=utf8mb4 COLLATE=utf8mb4_unicode_ci;
/*!40101 SET character_set_client = @saved_cs_client */;

--
-- Dumping data for table `users`
--

LOCK TABLES `users` WRITE;
/*!40000 ALTER TABLE `users` DISABLE KEYS */;
INSERT INTO `users` VALUES (1,'Mastoras','password','Θεοχαρούλα Κοντός','1985-07-19','pfssdkq@outlook.com',1),(2,'chrish','123','Χριστόδουλος Στυλιανίδης','1996-11-16','joseph24@outlook.com',1),(3,'giorgosh','123','Γιώργος Πιττάκης','2001-10-29','gpittakis@gmail.com',1),(4,'iraklish','123','Φρίξος Μπαφέρα','2001-04-16','quinnshirley@hotmail.com',1),(5,'charah','123','Αστέρω Πανταζής','1997-09-03','crawfordryan@gmail.com',1),(6,'giannish','123','Θεοφύλακτος Γιαννακέας','1990-10-04','zstone@gmail.com',1),(7,'meyerskimberly','sqM6','Ταξιαρχία Ζωντανού','1987-06-13','meyerskimberly@gmail.com',1),(8,'martinanthony','123','Μάριος Ζευγίτης','1984-04-18','ibemeu@outlook.com',1),(9,'hfaulkner','jd7v','Ελευθερία Γεντίμης','1996-01-08','mjsqtcj@gmail.com',0),(10,'ronaldkey','s7yE','Γεράσιμος Αβραμιώτης','2001-01-26','wrndcqhk@yahoo.com',1),(11,'timothy53','GL5Y','Τρισεύγενη Κούτρης','1998-10-11','scmfkyqnyt@hotmail.com',1),(12,'katherine85','GyMl','Νίκη Σελινοπούλου','1982-11-27','katherine85@outlook.com',1),(13,'lallen','IbQo','Δήμητρα Τσαμαδός','2001-01-27','lallen@yahoo.com',1),(14,'craig38','eyIZ','Ραχήλ Καραλής','1982-04-21','eiekw@hotmail.com',1),(15,'krhodes','Ip7N','Νικόλαος Καραμάνος','1995-09-27','krhodes@yahoo.com',1),(16,'daniel03','yBol','Έξαρχος Μητσόπουλος','1998-02-13','daniel03@hotmail.com',1),(17,'xbanks','9ovN','Στέλλιος Ζαχαρίου','1984-05-23','xbanks@outlook.com',1),(18,'daniel46','eLnV','Κυράτσα Κουτσογιάννόπουλος','1982-04-01','qbwyig@yahoo.com',1),(19,'laurenboyd','5arn','Ζαφειρία Τσιαντάς','1987-06-26','zqwgcim@hotmail.com',1),(20,'dgray','Nl9L','Ιάσονας Παλαιολογοπούλου','2001-10-18','dgray@outlook.com',0),(21,'jasminepayne','Raoq','Δομήνικος Σαμπάνη','2004-02-11','jasminepayne@outlook.com',1),(22,'ariaskathryn','lkfY','Αγάθη Ζαννίκου','1987-07-03','ariaskathryn@gmail.com',0),(23,'fgray','xv80','Πολυνίκη Κούρτης','1998-06-20','fgray@outlook.com',1),(24,'alawson','DH9N','Παναγής Δαματοπούλου','1993-02-20','evmwv@yahoo.com',1),(25,'thomas61','VN7U','Θεοτόκης Καλδή','1983-10-24','thomas61@hotmail.com',0),(26,'jamessalazar','nkOG','Παντελεήμων Φυδάνης','1998-05-03','cuijhqyip@hotmail.com',1),(27,'ulee','Bjpg','Κυριαζής Ασσαργιωτάκη','1996-01-24','wxpmq@hotmail.com',1),(28,'roblescarol','iFSZ','Τίτος Μανουσοπούλου','1987-08-13','roblescarol@yahoo.com',1),(29,'johnwilson2','aKnv','Θεόδουλος Παλαιολόγος','1983-05-10','trhyqzqgfj@yahoo.com',0),(30,'lisa32','Q65D','Ζαχαρένια Δανέζης','1981-10-18','sxssppsd@hotmail.com',1),(31,'michelle79','PEUc','Γαβριέλλα Παπαθανασίου','2004-12-14','michelle79@gmail.com',1),(32,'juan48','L4vj','Ροδιά Βαρδάκης','1995-06-24','rvpfqwxm@hotmail.com',0),(33,'jeffrey66','1bmK','Λουλουδένια Τοσούνη','2003-05-05','jeffrey66@outlook.com',1),(34,'jacoblee','QMlw','Μελπομένη Γιατρομανωλάκης','1981-07-14','navbpxddua@gmail.com',1),(35,'xhensley','WbNR','Εύα Σαρρή','2003-08-04','xhensley@yahoo.com',1),(36,'hsmith','RdJl','Αφέντρα Γεωργαλής','1994-02-02','zoziu@yahoo.com',1),(37,'thomasmaxwell','oz5i','Νικολίτσα Χιτός','1998-01-08','thomasmaxwell@outlook.com',0),(38,'laurenlewis','jFas','Διομήδης Μισίδου','1992-08-09','laurenlewis@hotmail.com',1),(39,'jessicahill','JqlC','Νέαρχος Χατζαντώνης','2001-01-01','bbxbjmdpnn@yahoo.com',1),(40,'kaitlyn37','0iFO','Ασημής Πουλιέζος','1992-07-01','nuydgpcypx@gmail.com',1),(41,'millerdenise','mCQG','Θεόφραστος Χουχουλής','1996-01-08','millerdenise@gmail.com',0),(42,'willisfelicia','kb8F','Ίκαρος Σκουλαρίδης','1984-03-15','willisfelicia@outlook.com',1),(43,'traci95','BwVX','Κλημεντίνη Βράσκου','1989-10-25','bwfmk@hotmail.com',1),(44,'oscar71','FNsb','Διονύσιος Σύκας','1987-08-09','oscar71@outlook.com',1),(45,'scohen','3QZM','Πηνελόπη Τουρναβίτης','1990-12-03','scohen@yahoo.com',1),(46,'samanthaford','bQ2H','Αστέριος Λαλαούνη','1985-08-21','aipjn@hotmail.com',1),(47,'phyllisfigueroa','sJB7','Αμφιθέα Λεπίδα','1982-03-14','phyllisfigueroa@yahoo.com',0),(48,'parkerjoseph','Cbz7','Μαυροειδής Γκούβα','1994-05-09','cbovmzy@outlook.com',1),(49,'manuelsmith','1OhP','Αντίπατρος Ξηροτύρη','1988-10-18','nfbauso@yahoo.com',0),(50,'janicekeller','sALz','Ρωμανός Ταμιωλάκης','1988-04-07','janicekeller@hotmail.com',1),(51,'aprilhinton','HzeE','Αναγνώστης Κοτρώτσου','1982-03-17','aprilhinton@hotmail.com',1),(52,'hrussell','Xfk9','Στέλλα Μιχαλάρου','1985-05-10','wijzxsqat@gmail.com',0),(53,'rlopez','bXiZ','Βαλέριος Μανέτα','2000-02-19','rzjomw@gmail.com',1),(54,'mariah18','MiS6','Λεμονής Κουκουβίνος','1980-10-24','mariah18@outlook.com',1),(55,'kimmelinda','nPDB','Μαγδαληνός Αμυγδαλάκης','1996-01-14','aiynbuosfv@yahoo.com',1),(56,'jonesjacqueline','ubsR','Δούκισσα Πατμανίδης','1990-10-14','hjhbwlee@outlook.com',1),(57,'randylittle','5RPd','Χριστίνα Φωτογλίδης','1982-07-07','randylittle@outlook.com',1),(58,'knoxbrian','gnvC','Διδώ Ισάρης','1996-12-21','gjatmg@yahoo.com',1),(59,'hoganmaxwell','hx06','Στέφανος Ψυρρή','1986-09-13','bnlwe@gmail.com',1),(60,'mendozatimothy','hUob','Σώζων Κωστάκης','2001-01-14','awbyqljes@hotmail.com',0),(61,'huntergrace','x810','Καρυοφυλλιά Βαϊτσόπουλος','2003-09-28','jnvcfoysg@gmail.com',0),(62,'creese','nCrE','Ανδρομάχη Μαμμής','1992-10-13','ntzmb@outlook.com',1),(63,'kimsara','LvFj','Μακρίνα Τερζίδης','1989-01-23','qxsufind@yahoo.com',1),(64,'caroline47','3LAy','Ασημούλα Χατζημιχαήλ','1998-08-10','ogwyk@gmail.com',1),(65,'hoffmanjames','Z7hz','Αργύριος Κατσούλα','1988-12-18','djbqd@hotmail.com',1),(66,'snydermichelle','t2r1','Νταίζη Καραμάνος','1991-09-13','yukyf@gmail.com',1),(67,'ylin','2kKB','Σέργιος Ρέγκας','1997-11-24','otplytah@hotmail.com',1),(68,'taylor11','7Axw','Αγάπη Γκόνη','1998-09-17','ioqxmmc@hotmail.com',1),(69,'johnsonscott','wINu','Γενοβέφα Τσακαλάκου','1989-01-26','nsndr@gmail.com',1),(70,'alvarezlori','VH9t','Πάτροκλος Σπασέγκου','1990-03-07','tsrcngiu@gmail.com',1),(71,'aliciaatkinson','PVi2','Θεοχαρούλα Σταμούλη','1989-10-18','kfhwi@outlook.com',0),(72,'ryanleonard','pBA5','Φίλιππος Σουρμπής','1991-12-09','ryanleonard@hotmail.com',1),(73,'logandennis','E3ps','Αίας Δανιηλίδης','2001-12-16','zpujxnm@outlook.com',1),(74,'dmorgan','jC1c','Φεβρωνία Κατσιμάνη','1997-03-02','mzblwqasjg@gmail.com',1),(75,'jonathan55','gDNi','Θεοφανία Τζουβέλης','1986-10-26','jonathan55@hotmail.com',1),(76,'justin86','MAgW','Θεοπίστη Καραγιάννη','1990-09-20','jstyfr@yahoo.com',1),(77,'julia01','0snX','Χρυσή Πολυχρόνης','1984-05-24','dyzubujjj@gmail.com',1),(78,'jessica87','fPZE','Κικιλία Μουσελίμης','1994-11-14','svied@hotmail.com',1),(79,'cannonmichelle','YUVO','Αδαμαντία Μητροπούλου','1990-05-18','cevaukcaj@hotmail.com',1),(80,'fwheeler','lvRi','Επαμεινώνδας Μπλιατσίου','1984-10-05','vpadxmb@yahoo.com',1),(81,'stanleyglenn','rVyb','Βενέτιος Αγγελίκας','1992-05-17','txnhyrh@hotmail.com',1),(82,'larrysmall','6hcg','Λαυρεντία Καλαμάρας','1991-02-23','mgwulynbm@gmail.com',0),(83,'boconnor','SUXr','Τρυφωνία Μανουσέλης','2000-07-22','jlqwdcph@yahoo.com',1),(84,'stefanieramirez','fEGy','Αντώνιος Ρόγαρης','1982-09-14','stefanieramirez@outlook.com',1),(85,'crystal81','j0f5','Βενιζέλος Μαυρίδη','2001-10-18','ntfwim@yahoo.com',1),(86,'schultztheresa','QrXa','Ροδαμάνθη Σεφέκος','1988-08-24','schultztheresa@outlook.com',1),(87,'robert26','yIJr','Διομήδης Καραγιοβάννη','1997-09-09','iztlu@yahoo.com',1),(88,'amyyoung','v28c','Παράσχος Μανωλέας','1989-10-25','vpywlnk@hotmail.com',0),(89,'jamesanderson','QotH','Κλεονίκη Καρβέλη','1990-01-16','mjmtg@yahoo.com',1),(90,'triciachen','Iuh2','Χριστόφιλη Λαγογιάννης','1999-08-02','wwheif@hotmail.com',1),(91,'kenneth90','MqDJ','Δημοκράτης Χοντζιά','2001-10-15','kenneth90@hotmail.com',1),(92,'anne70','XxK8','Μελέτια Βιτσαξής','1995-09-02','wfkxuqi@gmail.com',1),(93,'sullivanjanice','t5cj','Αλκμήνη Καλαϊτζοπούλου','1999-08-21','fbxeltnsp@outlook.com',1),(94,'brenda83','bIPu','Λαυρεντία Κουτελιέρης','1981-04-20','iepedr@outlook.com',1),(95,'rachel20','IRFw','Βαλέριος Μιχαλάρου','1982-12-12','jobmflk@yahoo.com',0),(96,'jellis','qr7m','Αναγνώστης Μαυρογονάτος','1992-06-17','pbuoaip@hotmail.com',1),(97,'zacharydixon','xRkd','Παντελία Ορφανιώτης','2001-01-07','zacharydixon@yahoo.com',0),(98,'jane68','VuYX','Ευσεβία Χριστοφόρη','1981-01-01','knbtvnlla@gmail.com',1),(99,'veronica67','YaoB','Νίκων Φερεντίνος','2004-02-19','sclruardx@hotmail.com',1),(100,'andersonpatrick','bEPd','Ορφέας Ζερβά','1987-09-14','favxjgfw@hotmail.com',0),(101,'carmenreyes','I8xa','Λεωνίδας Νταγκαλή','1992-04-21','gfvuv@outlook.com',1),(102,'delgadomary','Nwmg','Βησσαρίων Χανταμπή','2003-02-13','delgadomary@hotmail.com',0),(103,'victoriaferguson','5oRJ','Κλήμης Κωνσταντοπούλου','1980-12-20','wmpqldv@hotmail.com',1),(104,'jmcdonald','23Y6','Τατιάνα Γιαννακίτσας','1994-05-20','gyaxsm@yahoo.com',1),(105,'znelson','qnNg','Λεονάρδος Χρονόπουλος','1992-04-16','krzzn@yahoo.com',1),(106,'amberhoward','klL2','Μακάριος Παπαδόπουλος','2002-07-23','wdpgp@outlook.com',1),(107,'todd21','9jYZ','Κλεάνθης Τριανταφύλλου','1999-09-02','todd21@gmail.com',1),(108,'dmckay','kqou','Πασχαλιά Δημόπουλος','1986-01-08','vtmpmigjxk@gmail.com',0),(109,'jgibbs','82ke','Τρύφων Γιαννακουδάκη','1986-06-16','jgibbs@hotmail.com',1),(110,'deborah11','v319','Λέων Κτενίδης','1994-04-03','miwkts@yahoo.com',1),(111,'justin88','j6Wq','Κρυστάλλης Πίτσης','1995-09-22','justin88@hotmail.com',0),(112,'colin58','yKcs','Λεώνη Αναστασίου','2002-02-22','colin58@outlook.com',1),(113,'lauriesmith','jMev','Τηλεμαχος Αγγελάκος','1999-08-17','lauriesmith@yahoo.com',0),(114,'hansonmiguel','Yvfc','Λογοθέτης Πολυχρονόπουλος','1990-01-11','hansonmiguel@gmail.com',1),(115,'mary62','tghS','Λαμπρινή Χαρτερός','1986-08-09','emrewktqsi@outlook.com',1),(116,'michael34','6vCP','Τίτος Πετράκης','1989-09-23','jpbijtxjff@hotmail.com',1),(117,'robertgreene','DkXr','Ερωτόκριτος Μαντάρης','1997-01-25','xceivn@gmail.com',1),(118,'philipwells','3nKu','Ματθίλδη Σουρμπής','1983-01-10','philipwells@yahoo.com',0),(119,'testrada','gckn','Βενετία Κωνσταντοπούλου','1993-03-08','qgtzeb@gmail.com',1),(120,'jason524','KE2o','Παναγία Χατζηγρηγοράκης','1985-08-28','dognx@gmail.com',1),(121,'williamrice','jpo2','Τρυφωνία Γιαννακίτσας','2004-01-12','madsf@outlook.com',1),(122,'pauldunlap','bY0y','Κονδυλία Βρακά','1991-03-01','sivnzghtp@yahoo.com',1),(123,'zachary28','geAd','Πανωραία Καλαϊτζοπούλου','1980-11-19','zachary28@outlook.com',1),(124,'jerome78','NHET','Εύκλεια Τσέλιος','1986-10-24','mbwcaxajz@hotmail.com',1),(125,'shawncox','0sFJ','Κυδωνία Χατζησαββίδης','1983-07-05','shawncox@hotmail.com',1),(126,'gatesroberta','rOH7','Παυσανίας Καπούνης','1991-05-23','gatesroberta@gmail.com',0),(127,'dconley','7iHl','Αριστομένης Λελεδάκης','1995-08-09','xlknbfiv@outlook.com',1),(128,'syoung','sMac','Ρωξάνη Κεσεμίδης','1994-02-16','srpleqm@gmail.com',0),(129,'gsmith','pgbV','Στέλλα Νικολόπουλος','1987-02-02','kgcgycff@gmail.com',0),(130,'andrea78','82MB','Δαμασκηνή Καρακάξης','1980-01-20','dtnvmrwh@yahoo.com',1),(131,'albert31','GKLT','Αμβροσία Τυράλης','1994-08-17','xsatyor@outlook.com',1),(132,'olsonbeth','bc2F','Κλεονίκη Βλάχος','1996-12-08','cfvkddumyp@hotmail.com',0),(133,'garypetersen','GRmN','Λαμπρινή Δρίβα','1995-01-27','wnaxiyzn@gmail.com',1),(134,'patricia01','asn8','Θεοφύλακτη Σαμπάνη','2004-11-21','patricia01@hotmail.com',1),(135,'wbeltran','FDnN','Παναγία Καρανικόλας','1989-06-26','ofxdk@outlook.com',1),(136,'gomezamanda','nIDv','Τζένη Μανέτα','2003-06-13','obiywdecms@outlook.com',1),(137,'woodardsandra','TeiP','Ναταλίνα Κωνσταντάς','1982-10-02','ekhkw@gmail.com',1),(138,'wyang','rgb3','Αρίσταρχος Ποταμιάνου','1980-10-23','precqtg@outlook.com',1),(139,'emcneil','hyUe','Ευρύκλεια Ματσούκας','1997-12-01','agrgmsppf@yahoo.com',0),(140,'moorecrystal','yQFI','Ευμορφία Κουκουθάκη','1985-11-26','moorecrystal@hotmail.com',1),(141,'kmiller','PYwd','Ζαφειρία Βασιλείου','1981-02-12','ilwvyqzd@hotmail.com',0),(142,'eryan','zyqv','Βησσαρία Τρεντσίου','1980-10-26','eryan@hotmail.com',1),(143,'warnercheryl','NMAs','Αναξαγόρας Εσπερίδης','1993-07-22','warnercheryl@outlook.com',0),(144,'jessica05','RYM5','Αριστόβουλος Θεοδωρικάκος','1993-08-12','gldltxn@gmail.com',0),(145,'dustin44','mp5D','Καρυοφυλλιά Σταμάτης','1980-06-21','fuhmhedpnb@gmail.com',1),(146,'rmartinez','1Szu','Αρχιμήδης Τσαγκρασούλης','1992-02-11','wwyqn@hotmail.com',1),(147,'williamscarolyn','gCo3','Μιχάλης Σιμητοπούλου','1984-06-20','gwwmj@gmail.com',0),(148,'ngarcia','QNpL','Ακριβός Μποζίκη','1998-12-16','lljyblaczn@outlook.com',1),(149,'bethsmith','ItyH','Πιερρίνα Γρηγοριάδης','1987-06-03','udkxxg@yahoo.com',1),(150,'jason67','Dzth','Λεμονής Ριζούλης','2003-02-25','jason67@yahoo.com',1),(151,'yhumphrey','EL35','Ορφέας Καζανόπουλος','1996-12-12','radyp@outlook.com',1),(152,'vsmith','5zU9','Τριαντάφυλλος Φωκαδελής','2003-12-11','efpwrxz@hotmail.com',1),(153,'mary56','ZHnD','Γκίκας Σίδερης','2001-05-07','mary56@gmail.com',1),(154,'joshua79','Yg9D','Φαίδων Παπαδήμα','1995-11-01','joshua79@hotmail.com',1),(155,'angelalewis','Vl3q','Αριστέα Κοκορδέλης','1994-08-13','angelalewis@gmail.com',1),(156,'joshua93','2mGi','Σωκράτης Λαφατζής','1989-11-11','ynuqveuph@outlook.com',1),(157,'mcdanieladam','GeP3','Μικές Σαλέμη','1985-07-23','frkzkevfh@yahoo.com',1),(158,'slawrence','IVGp','Πασχαλιά Ψυχιάς','1994-01-24','kkanl@hotmail.com',1),(159,'jwilliams','N7h8','Λύσανδρος Ντανώλα','1999-04-20','lydkh@gmail.com',0),(160,'tcollins','SGsL','Θεοδοσία Καφαντάρης','1986-07-24','tcollins@yahoo.com',1),(161,'zstafford','3n0k','Ζαφείρης Λάτσκος','1985-04-11','zstafford@yahoo.com',1),(162,'powersshannon','FDvR','Παρθένα Αραπίδου','1986-11-09','iswrhmytoa@outlook.com',1),(163,'deborah32','toS3','Νίκος Μπούσιος','1990-03-25','deborah32@outlook.com',1),(164,'matthewhodge','DtL1','Θεοφίλη Στρατογιάννη','1989-08-12','matthewhodge@gmail.com',1),(165,'fvaughan','lbNS','Χαρίτος Πολέμη','1991-11-15','fvaughan@yahoo.com',0),(166,'mooregilbert','EF5t','Μαρκέλλα Τσιαμούρας','2001-10-10','mooregilbert@yahoo.com',0),(167,'zachary10','2fU8','Σωζούσα Κουμιώτης','1998-11-04','fdpzlz@hotmail.com',0),(168,'upetersen','e2AN','Δόμνα Αγραφιώτη','1985-02-10','fsuwwo@gmail.com',0),(169,'mary31','a1r9','Ζαχαρούλα Δρίβα','1988-12-19','ernvkwa@gmail.com',1),(170,'kylehall','N4AV','Κλεομένης Καστάνης','1993-08-05','stvylrt@outlook.com',1),(171,'lopezgeorge','rjXy','Πίνδαρος Γεωργακόπουλος','1995-12-08','wywninhk@outlook.com',1),(172,'mbooker','UebQ','Δαμιανός Γεωργή','1986-12-05','lrarvlojdz@hotmail.com',1),(173,'ashley04','igCj','Πλάτων Γκόβα','1987-03-02','zdawl@gmail.com',0),(174,'olewis','VHtO','Βενιζέλος Κονδυλίδης','2001-08-19','uolmce@outlook.com',0),(175,'ijames','GtaU','Φλωρεντία Μαρακάς','2001-11-23','ijames@hotmail.com',1),(176,'ahernandez','Eoix','Ταξίαρχος Συβιλιά','1994-04-02','ahernandez@outlook.com',1),(177,'patrickmorgan','SfV6','Κασσιανή Κάκκα','1998-05-05','yhalgbj@yahoo.com',0),(178,'jrivera','Mevl','Ματθαίος Μπαντές','1982-07-18','blyqomitbj@hotmail.com',1),(179,'christinestone','XwZb','Θεόπιστος Σελινοπούλου','1984-03-01','christinestone@gmail.com',1),(180,'nicholaswatkins','mUe7','Θεόφιλος Ιακωβάκης','1993-07-15','wlgmv@outlook.com',1),(181,'tprince','EZWQ','Ακριβή Σταματούκου','2004-10-02','tprince@outlook.com',1),(182,'thomas86','Ylo7','Κλεομένης Τσιωλξ','1980-09-07','thomas86@yahoo.com',1),(183,'johnsonjanet','bmG2','Ράλλης Αρχαυλής','1982-05-04','uwevskfqrx@hotmail.com',1),(184,'carlos96','gWvR','Ήρα Μπαλτατζή','1993-06-10','sukgsvcnw@gmail.com',1),(185,'jblack','B5vu','Μιλτιάδης Ζερβά','1983-05-27','jblack@yahoo.com',1),(186,'cartercindy','Gcur','Ιουλιανή Μεϊμάρης','2004-12-14','ypohqyvqe@outlook.com',1),(187,'christophercrawford','Aa9c','Τριανταφυλλιά Γουργουλής','2004-09-11','kklaeinr@gmail.com',1),(188,'cynthia47','TZGS','Ευδοξία Φωκαδελής','1992-11-02','cynthia47@yahoo.com',1),(189,'qmoore','at2P','Φραντζέσκα Κολχούρης','1982-05-04','ezubd@yahoo.com',1),(190,'michaelwright','ULzl','Καλυψώ Παντζέκος','1996-01-08','michaelwright@hotmail.com',1),(191,'david59','hG0V','Ισαβέλλα Ξενίδη','1999-08-20','fpxla@hotmail.com',1),(192,'scurry','GHxX','Κονδυλία Κουφάκη','1984-09-05','fkvuevt@hotmail.com',0),(193,'pwright','Wclk','Ανάργυρη Ακριτίδης','2004-07-15','pwright@gmail.com',0),(194,'kimberlyyoung','MbHy','Σταμάτιος Κυριαννάκη','1983-03-26','smekusrhk@yahoo.com',1),(195,'kristinesanchez','5z6s','Διογένης Τσιαντάς','1995-02-24','sywntxjm@gmail.com',1),(196,'matthewkeller','OHoE','Αθηναγόρας Σκρέκας','1987-05-08','yutpou@hotmail.com',1),(197,'jmcfarland','SbQN','Αθηνοδώρα Ορφανιώτης','2001-08-04','ogybe@outlook.com',0),(198,'zanderson','vGrF','Μιράντα Ξηροδήμα','1988-11-23','ffmlsq@outlook.com',1),(199,'luceroadam','L58J','Φεβρωνία Παπανδρικοπούλου','1990-11-08','xdlwzdk@outlook.com',0),(200,'awilliams','qKaY','Ερωτόκριτος Βαρσάμης','2004-03-26','qyjbcr@gmail.com',1),(201,'jenniferbradley','BwSV','Ιωσήφ Λίτσιου','1998-07-03','ylvcj@gmail.com',1),(202,'greervictor','jAcV','Σεβαστιανός Μπονέλη','1998-07-21','ihwzjqs@outlook.com',1),(203,'rmaddox','p7fU','Βαγιανή Χολέβα','1989-09-08','xvxcuiy@yahoo.com',1),(204,'vanessabean','aSF8','Στέργιος Δουβρόπουλος','1987-05-13','vuqgwun@outlook.com',1),(205,'amberkim','bqCp','Χρυσοβαλάντου Βιλδός','1989-05-28','amberkim@gmail.com',1),(206,'rossmelanie','4zKf','Αγγελική Φουρκιώτη','1989-02-05','rossmelanie@yahoo.com',0),(207,'dgriffin','wWxJ','Ελπίδα Αβραμίδης','1990-08-14','dgriffin@hotmail.com',1),(208,'robertjackson','snCT','Συμεών Ενωτιάδη','1988-05-01','nzmccuhiuw@gmail.com',0),(209,'coreyjones','psY8','Αριστομένης Ρούσσου','1999-01-25','mbufyr@outlook.com',1),(210,'scottsutton','sGjh','Σεβαστιανός Αθανασιάδη','2000-10-16','gksmyhbl@yahoo.com',0),(211,'zmiller','YyV2','Ζησούλα Λαγογιάννης','2000-11-18','oytbsavjw@outlook.com',1),(212,'omoore','kZhw','Γεράσιμος Σταμέλου','1995-10-20','fnkuzr@outlook.com',1),(213,'sherryhernandez','yXoe','Τίμων Παπαχρήστου','2003-08-16','sherryhernandez@outlook.com',1),(214,'youngaaron','9tJl','Γκίκας Κουτσούρας','1991-10-08','ngwbmhmnw@gmail.com',1),(215,'ramseyscott','YWe5','Δημήτρης Χριστόπουλος','1997-12-07','ramseyscott@outlook.com',1),(216,'angelacox','nfVL','Ιάκωβος Μπραέσα','1999-03-20','angelacox@hotmail.com',1),(217,'kathryn12','8zWn','Ανδρόνικος Αρχάκη','1995-04-19','cxxyyba@gmail.com',1),(218,'hernandezlogan','PQBh','Χριστίνα Ζαρειφοπούλου','1983-01-04','vgkpuuj@hotmail.com',1),(219,'brentsnow','vxT8','Κωστούλα Ζηδιανάκης','1991-10-11','hjjahbepq@hotmail.com',1),(220,'tina00','2vQf','Δωροθέα Ζουλούμης','1999-05-11','djxrppc@hotmail.com',1),(221,'josephsmith','KFB6','Αριστοφάνης Ντζιαβίδα','1986-07-23','yypgoik@outlook.com',1),(222,'ortizrichard','W3Rt','Σπήλιος Ορφανάκης','1987-07-08','banljaxjd@outlook.com',0),(223,'woneill','y45s','Γραμματική Χρυσανθακοπούλου','2003-10-07','xkxpmwcyv@gmail.com',1),(224,'mariamccormick','iNZf','Μεγακλής Βώσσος','1981-05-25','slrnfyczf@yahoo.com',0),(225,'susanwu','CP60','Πολυνίκη Τσακαλάκου','1998-11-05','susanwu@yahoo.com',1),(226,'richardsjames','Qwdi','Κοκκώνα Τζαναβάρα','1993-08-26','kldrykmdv@gmail.com',0),(227,'markwatson','jJq0','Κονδυλία Κατσιγιάννης','1984-11-12','kowebikvh@yahoo.com',1),(228,'stacey88','ZWXE','Κόσμια Μπερεδήμας','1984-07-19','nearpdwk@yahoo.com',1),(229,'stewarttasha','ECj8','Αύγουστος Τσικρίκα','1985-06-05','gefpoitsvm@yahoo.com',1),(230,'danielrivas','fowA','Θεώνη Φυτιλή','1998-10-01','xhprclq@hotmail.com',0),(231,'faithtaylor','haRs','Ευάγγελος Νατσουλή','1988-12-27','itvdgjbmpi@outlook.com',0),(232,'wsmith','c8qF','Ζηναϊς Κονδυλίδης','1991-08-08','vhsys@outlook.com',1),(233,'keithgordon','rLOz','Κονδυλία Πέππας','2000-01-17','qovdfmrwj@yahoo.com',1),(234,'scottburke','TdHY','Εμμανουέλα Χρονόπουλος','1998-09-21','tsdtkdj@gmail.com',1),(235,'reedbrandi','aW9c','Αργυρούλα Σαββάκη','1993-08-23','tqxdk@yahoo.com',1),(236,'bhernandez','Jngr','Αφέντης Βαρελίδου','1990-04-10','bhernandez@yahoo.com',1),(237,'crystal57','5EZl','Βιολέτα Πετράκη','1995-06-27','crystal57@yahoo.com',1),(238,'keithbrown','zbON','Νικηφόρος Περουλάκη','1990-05-24','keithbrown@yahoo.com',1),(239,'andrew17','z8Xt','Λητώ Γκάγκας','1982-12-12','xqhcnhksdl@yahoo.com',1),(240,'yhanson','UeyC','Πάτροκλος Χατζηγεωργίου','1999-09-01','yhanson@yahoo.com',1),(241,'wchavez','0dyh','Σάρρα Καραγρηγορίου','1992-11-16','gskcea@gmail.com',1),(242,'nicholsonsamantha','PdID','Φιλαρέτη Μυτάρη','2000-07-03','ilzwcr@gmail.com',1),(243,'barbararobinson','kGuX','Αιμιλία Κασμιρλή','1987-01-27','lxxmni@outlook.com',1),(244,'luke36','vQYG','Χριστοδούλα Δρακάκη','1992-04-18','lohwlf@gmail.com',1),(245,'christywillis','JPCx','Ασημίνα Δανδανίδου','2000-07-05','christywillis@yahoo.com',0),(246,'morsematthew','6Xfc','Σιρανούς Μαγκανάρη','1990-07-13','fxjotdh@outlook.com',1),(247,'jacquelinereed','flZE','Αγησίλαος Περράκης','1988-02-14','fokxkztte@hotmail.com',1),(248,'brenda22','PebS','Αντίγονος Νικολοπούλου','1985-02-10','jobiejia@hotmail.com',1),(249,'gilbertmatthews','vhZK','Ευφροσύνη Μάργαρης','1991-01-18','gilbertmatthews@gmail.com',1),(250,'xbell','BI2N','Αγάθη Ταμπορρίνο','1982-07-26','zmwgueje@yahoo.com',0),(251,'timothymills','QBpe','Χρίστος Νιτσοτόλης','1995-06-10','nfvcstsf@hotmail.com',1),(252,'ldavis','g6oE','Χριστίνα Πετράκης','1993-04-21','jnrorqbwah@outlook.com',1),(253,'bwolf','gDRs','Αδαμάντιος Πατσούρας','1981-11-08','ywpihwnb@gmail.com',1),(254,'gunderwood','ySYc','Βαρθολομαίος Σκρεμμύδα','2002-04-15','gunderwood@outlook.com',0),(255,'thomastanner','DaYE','Ευάγγελος Πρέκα','1983-08-08','chvicrmqxw@gmail.com',1),(256,'sierra91','fHeC','Θεοχάρης Μαντά','1984-02-23','wrhpzfuh@outlook.com',1),(257,'rachel202','XQqP','Διαμαντής Ζορμπάς','1984-04-25','rachel20@hotmail.com',1),(258,'jaredhoover','d58U','Θεοδόσιος Κελλάρης','1987-04-24','jhtkpvm@hotmail.com',1),(259,'jimenezkristen','tunl','Ισίδωρος Σελινοπούλου','1983-06-17','mszgkahnwy@outlook.com',1),(260,'espinozacourtney','a1TK','Παναγιώτα Σφακιανάκη','1982-05-20','ffttpkvpwu@gmail.com',1),(261,'sscott','Kvfz','Λεωνιδιά Δάρας','2000-03-16','pmjtqratmb@gmail.com',1),(262,'balvarez','DqKj','Φιλιππία Μανελίδης','2004-06-09','vuwqnpke@hotmail.com',1),(263,'hernandezmatthew','fi58','Ξενοφών Γεωργιάδου','1997-10-26','hernandezmatthew@yahoo.com',0),(264,'wongkari','C2mt','Θεόδωρος Τζουβέλης','1996-09-05','ambdhsbuuc@hotmail.com',1),(265,'khall','IE0P','Ευμορφία Κιοσές','1984-08-22','khall@gmail.com',1),(266,'kwest','Ymwb','Σεβαστιανή Παπαροϊδάμης','2000-01-21','biwitvvond@yahoo.com',1),(267,'pagepaul','XyrW','Ρωμανός Εμπορόπουλος','2003-10-03','pagepaul@hotmail.com',1),(268,'jessica09','TSsx','Ορφέας Γκούβα','2004-12-25','jessica09@outlook.com',1),(269,'meganjohnson','jT2c','Αρχιμήδης Ξηροδήμα','2000-12-17','suiutladbt@yahoo.com',1),(270,'xwoods','CYju','Μάνθα Ζώτος','2003-09-03','xwoods@outlook.com',1),(271,'qtaylor','Cnzm','Προδρομία Βοσινάκη','1986-05-15','xjrsgfpuw@gmail.com',1),(272,'penamary','yzwn','Ρόζα Μήτσου','1989-11-20','mfbwa@outlook.com',1),(273,'julie09','pjct','Σεραφείμ Δημητριάδου','2003-11-07','julie09@hotmail.com',0),(274,'beckshannon','zR13','Ελένη Ξηροδήμα','2002-11-16','beckshannon@yahoo.com',1),(275,'jenniferwilliams','iDOJ','Λυκούργος Κυριαζής','1986-01-14','cjxopsohty@hotmail.com',1),(276,'christopherlane','J1yV','Ανθούλης Κτενίδης','1995-08-21','yilmkctcl@hotmail.com',1),(277,'veronica77','eKz1','Κωστούλα Κατιρτζής','1998-11-04','aqymd@yahoo.com',1),(278,'connor40','Yvp3','Κομνηνή Ιωσηφίδης','2002-10-21','connor40@hotmail.com',0),(279,'vanessajones','bxYu','Ευσταθία Κασούτσας','1989-07-19','tjfpfgdrnu@gmail.com',1),(280,'achambers','0rFm','Αμφιτρίτη Φαλιέρος','1999-01-07','achambers@hotmail.com',1),(281,'robertsleroy','bKJL','Γιαννούλα Δερμιτζάκης','1984-06-04','wivlo@yahoo.com',1),(282,'smithbrittney','9T4K','Ερμής Νταβάς','1998-07-18','lkanphua@outlook.com',1),(283,'leslietaylor','LXm5','Ανάργυρος Τσέγας','1984-07-09','leslietaylor@yahoo.com',1),(284,'jessica40','WDc7','Μυρσίνη Παπατζήκα','2000-07-11','jncpu@yahoo.com',1),(285,'baileybilly','2c6X','Μαυρίκιος Κωστοπούλου','1998-04-03','zngmow@yahoo.com',1),(286,'sweeneyjohn','fiwQ','Φρειδερίκη Σταματούκου','1996-06-14','scpimvz@gmail.com',1),(287,'christinabaker','nd2q','Ποθητή Αναστασίου','2004-06-24','ttfiotr@hotmail.com',1),(288,'freemankaren','RoBa','Στέλλιος Φούσκας','1981-10-16','egrcbmohgh@gmail.com',1),(289,'wallacejoshua','KMNw','Όμηρος Κοντού','1990-04-28','nwsrbxo@yahoo.com',1),(290,'tonyasingh','J1Pw','Ησαΐας Κατσιλλή','1998-08-01','pfjqo@yahoo.com',1),(291,'escobarjessica','uAmF','Ρούσα Τυράλης','2002-06-03','escobarjessica@yahoo.com',1),(292,'ngreen','u3WK','Ευθαλία Μαρουγιάννη','1992-11-08','ngreen@hotmail.com',1),(293,'marklane','3Cbq','Θεοδούλη Σιόλου','1991-06-05','marklane@yahoo.com',1),(294,'marywilliams','q2Qr','Σωκράτης Σωτηράλης','2000-11-27','marywilliams@outlook.com',0),(295,'owenandrew','tNYS','Ασημούλα Μακρυκώστας','1981-08-28','ifadmqqqq@yahoo.com',1),(296,'wedwards','awRD','Κλαίρη Κουκουβά','2000-09-20','vcyzghh@yahoo.com',1),(297,'nharris','ef7R','Ευστάθιος Γραμμένου','2000-01-24','nqkje@outlook.com',1),(298,'ismith','Glv1','Χρυσόστομη Περπινιάς','1980-07-26','vjabein@outlook.com',1),(299,'kimberlykelly','vHtB','Ερωφίλη Μπαγανάς','1983-04-20','slpas@hotmail.com',1),(300,'mark28','VpP9','Σεραφεία Καρυπίδης','1990-04-12','mark28@yahoo.com',1),(301,'blyons','sIEl','Αμαλία Ρήγας','1999-07-03','blyons@yahoo.com',0),(302,'erik20','LcfB','Πολυτίμη Πορφυριάδου','1982-09-12','offqljsar@gmail.com',1),(303,'riggstracy','wAYv','Γεράσιμος Κιτινός','1995-01-28','txpxswyn@yahoo.com',1),(304,'wilkinsoncarla','trah','Δαμιανή Ζουλούμης','1998-01-09','askraok@hotmail.com',1),(305,'josecarrillo','nRZN','Διογένης Βαλιάκα','2001-12-03','sipcfpzrub@hotmail.com',1),(306,'jason49','Me8g','Αθηνοδώρα Ψάλτης','1998-06-17','jason49@yahoo.com',0),(307,'allison18','0Sbg','Γεωργία Ζυγούρη','1984-04-13','nlepsl@gmail.com',1),(308,'danawilson','zW2T','Αποστολία Μπελέκου','1998-02-17','danawilson@outlook.com',1),(309,'colemanaaron','uwCB','Φαίδρα Κουτσουρέλη','1994-10-02','odmcwdf@yahoo.com',1),(310,'murphychristopher','VWKn','Λαζαρία Γρηγορίου','1999-03-12','murphychristopher@outlook.com',0),(311,'wilsondavid','BVPA','Φωτεινός Πετρογιάννης','1987-12-07','pdanctudst@yahoo.com',1),(312,'gpowell','ihDo','Μαριάννα Μπουρλής','2001-10-14','ozyzlzi@outlook.com',1),(313,'ihall','F50Z','Πολυζώης Σμπονιάς','1987-04-17','ihall@outlook.com',1),(314,'barbara11','yi8Y','Ευθύμιος Πολυζωάκης','2001-02-07','msnqqhmhcw@yahoo.com',0),(315,'francisco09','jzwy','Ειρηναίος Δημητρίου','1985-02-27','uzbyzpjkdj@yahoo.com',1),(316,'bestrichard','pRyr','Ευθύμιος Στόγιος','2004-08-10','nhrojmk@gmail.com',1),(317,'shafferfaith','2RCo','Ανδροκλής Πολατίδου','2001-06-04','shafferfaith@yahoo.com',1),(318,'jrogers','nfdq','Γιώργος Στόγιος','1980-04-25','fbhsf@yahoo.com',0),(319,'michaelhicks','Wrbk','Ξανθός Παππά','1984-12-25','nqdreev@hotmail.com',1),(320,'bishopbrandy','NOtk','Νέαρχος Δημακογιάννη','1990-07-05','bishopbrandy@yahoo.com',0),(321,'bphelps','AgVt','Υακίνθη Καρατζίκος','1988-01-06','tnfah@yahoo.com',1),(322,'cochranelizabeth','FnfK','Βερόνικα Σαμπάνη','1992-07-20','cochranelizabeth@yahoo.com',1),(323,'hillashley','4kwG','Πανδώρα Παντζαρτζίδης','1997-02-28','szppfr@gmail.com',1),(324,'andrewmendez','Yhiv','Ελευθερία Λιθοξοΐδης','1989-01-20','kdoaebdw@yahoo.com',1),(325,'yrush','pduz','Μιχαέλα Βαλεντή','1989-03-18','yrush@yahoo.com',0),(326,'jameskramer','ibEL','Βαρσάμος Κατάκης','1980-01-14','jameskramer@gmail.com',1),(327,'zmay','qJzS','Πολυκράτης Βλάχου','1985-06-25','zmay@hotmail.com',1),(328,'lhernandez','pc3u','Λέων Τσιάκος','1992-07-07','ejdkt@outlook.com',1),(329,'tanderson','pPW0','Λουκάς Δουράνης','1981-02-25','tanderson@gmail.com',1),(330,'jessicaduffy','MOPR','Ελέσσα Πυλαρινός','1980-10-10','jessicaduffy@gmail.com',1),(331,'amber23','O3gz','Γεσθημανή Πάνος','1996-07-16','wcaps@yahoo.com',1),(332,'angela47','5oVQ','Ροδιά Μανουσοπούλου','1982-04-08','grczvk@outlook.com',1),(333,'sandrafoster','A8tU','Ισαάκ Τσούρα','1991-09-04','kaycaxwxs@gmail.com',1),(334,'ramosmatthew','4Tv6','Αθηνά Κανταρελή','1995-08-09','ramosmatthew@hotmail.com',1),(335,'finleyjohn','7pu3','Σταμάτιος Μωυσίδου','1982-04-08','ykdbmekhay@gmail.com',1),(336,'madelinemiller','jxlk','Θεοδόσιος Πασσαλίδης','2001-11-25','ypepgyhh@yahoo.com',1),(337,'chaley','bw7X','Χρυσαφένια Σηκωτίδου','1996-10-04','chaley@outlook.com',1),(338,'angelicabarton','9KFV','Μιλτιάδης Ντότης','1988-11-02','angelicabarton@gmail.com',0),(339,'ljohnson','YbFR','Πολύμνια Πατελλή','1997-08-22','wadqnqtdd@yahoo.com',1),(340,'csmith','wW3V','Συμέλα Αναστασάκης','1985-06-23','xexhnzh@yahoo.com',1),(341,'heather82','JKH3','Νερατζιά Κορμπόπουλος','1995-10-17','heather82@hotmail.com',1),(342,'jamesgonzales','dv7E','Ιουλιανός Καλαμάρας','2001-11-25','gwmdoqlqbm@gmail.com',1),(343,'richardnovak','X7tB','Τζένη Χριστογιάννη','1996-10-08','richardnovak@yahoo.com',0),(344,'paul53','TXc4','Θεοδώρα Τσαμοπούλου','1980-05-22','khrdjvajgx@outlook.com',1),(345,'sbowers','MRiv','Λάμπρος Δελή','2003-07-05','fhesnfl@hotmail.com',1),(346,'kimberlyhudson','GntS','Δίκαιος Αγραφιώτη','1995-01-21','kimberlyhudson@yahoo.com',0),(347,'reedmichael','Jzba','Βενιαμίν Λιθοξοΐδης','1986-05-18','tvxvuktr@outlook.com',0),(348,'dunnalicia','Fwbk','Καλλίνικη Φωλιά','1982-12-16','dunnalicia@yahoo.com',1),(349,'diane74','K3CQ','Ναταλίνα Μαρακάς','2004-01-15','pbgep@outlook.com',1),(350,'charlesallison','IJ4j','Λύσανδρος Μποτώνης','1988-02-14','juksro@hotmail.com',0),(351,'paigelucas','oaEI','Αργυρούλα Αγγελίδης','1993-06-05','paigelucas@gmail.com',0),(352,'nelsonchad','ptRO','Αθηνά Κρεμμύδας','1985-05-05','nelsonchad@hotmail.com',1),(353,'eddiefrost','3iLq','Αγαθόνικος Τζινιέρης','1989-05-10','slouxpuva@gmail.com',1),(354,'brittanyperez','KFo2','Αγνή Γκάγκας','2004-08-06','xhaxrmugoq@gmail.com',1),(355,'larry21','m6K3','Τριανταφυλλιά Αντωνέας','1980-09-07','wusriowt@hotmail.com',1),(356,'smithcarrie','iJSY','Χάρη Παπαγεωργίου','1989-04-05','hyuss@yahoo.com',1),(357,'jason54','Nf8m','Αλκμήνη Γιαννούκος','1989-06-20','wipkozgc@outlook.com',1),(358,'wfernandez','Dmxu','Χρυσοβαλάντω Κουλουριώτης','1993-12-20','hdftq@yahoo.com',1),(359,'wlawson','z15p','Μίνωας Παπαευαγγελίου','1998-03-25','mszavkgbmd@gmail.com',1),(360,'yangcharles','wlL8','Ανδρόνικος Βασιλείου','1990-10-27','yangcharles@hotmail.com',1),(361,'pstewart','fpUJ','Νεκτάριος Κουτσούρας','2000-10-16','pstewart@yahoo.com',1),(362,'john91','HXfy','Βησσαρία Τσιαμίτας','1986-05-17','xdqaylmlwo@hotmail.com',1),(363,'tara45','nQCh','Αριστείδης Καλαπόδης','1993-05-15','ovrmy@hotmail.com',1),(364,'cainaaron','eMQf','Κλειώ Αργυροπούλου','2004-11-09','cainaaron@hotmail.com',1),(365,'ronaldsteele','EveL','Άλκηστις Ξηρογιάννης','1988-06-08','ronaldsteele@yahoo.com',1),(366,'byrdkathleen','tObM','Ρήγας Ιωακειμίδου','1988-09-02','fwtpz@outlook.com',1),(367,'sarahbarnes','sXi5','Βενιαμίν Τσατσάνης','1990-07-13','uvqlibc@gmail.com',1),(368,'jordancarolyn','1XFN','Πολυτίμη Θεοδωρικάκος','2004-08-22','mfdjqndsfd@yahoo.com',1),(369,'scottdeleon','Y7Z1','Έλλη Αλαφάκης','1985-12-20','smmqkh@gmail.com',1),(370,'fbaker','70QW','Χρυσόστομος Γεροκώστα','1981-07-01','fbaker@outlook.com',0),(371,'bridgesmichele','fcTp','Φιλαρέτη Χολέβα','1993-11-16','cvhiyxyc@outlook.com',1),(372,'suzanne88','ku5Q','Φρειδερίκη Κουρσάρης','1988-09-13','geefkrzgd@gmail.com',0),(373,'kelly88','F6SR','Δρόσος Δαΐκου','1983-05-10','glcgiav@gmail.com',1),(374,'zachary03','q9WQ','Νίκων Κυριακούλη','2004-02-24','uhdwkzkao@yahoo.com',1),(375,'george96','HhOt','Λαζαρία Πουλιέζος','1982-07-01','wshmdrqxs@hotmail.com',0),(376,'mckenziejoshua','uUaY','Ευμένιος Αντωνιάδης','1991-01-12','mckenziejoshua@outlook.com',1),(377,'kromero','4NDz','Κατερίνα Κιτινός','1983-07-19','dnoxd@outlook.com',1),(378,'davischarlotte','iAaB','Θαλής Μποζίκης','2003-05-05','nulbrxnu@hotmail.com',1),(379,'ijuarez','ot2S','Κυπριανός Τζαβέλλας','1986-12-20','lksph@hotmail.com',1),(380,'rodgerssusan','15Yh','Μαριάνθη Τόλη','1981-04-24','rodgerssusan@yahoo.com',0),(381,'uwright','R7Mn','Καλλίνικος Παπαθανασίου','1996-12-01','uwright@gmail.com',1),(382,'kelsey54','ZWPc','Πολύκαρπος Συλλίγαρδος','1980-05-27','udhwsda@hotmail.com',1),(383,'middletonbrian','yKE5','Αηδόνα Φιλιππάκης','1981-11-23','oditijjfpw@yahoo.com',1),(384,'carpentergabriela','Fe0U','Ιππολύτη Χατζελλής','1994-02-21','carpentergabriela@hotmail.com',1),(385,'daniellewright','ujrV','Δράκων Καμινάρη','1999-02-27','uzkxo@hotmail.com',1),(386,'mauricejackson','Ou4U','Σαλώμη Νάσσου','1992-04-27','yhwrmxvvbc@gmail.com',1),(387,'matthewyoung','ivMr','Θεοδώρα Λουπασάκης','1983-04-01','matthewyoung@outlook.com',1),(388,'frobinson','0tD4','Νεόφυτος Κραββαρίτης','1983-11-13','plqem@gmail.com',1),(389,'fbarnett','0QL5','Χάιδω Προβής','1992-05-15','sgunwpp@yahoo.com',1),(390,'brittany80','vGVc','Βερονίκη Πουφτσής','2004-08-17','tuwdmxiuiw@hotmail.com',1),(391,'parsonskatherine','dWEc','Μαύρα Κολοκάθης','2004-01-01','parsonskatherine@yahoo.com',1),(392,'harperkaitlin','hnLl','Χλόη Καρβέλη','1985-08-12','harperkaitlin@outlook.com',1),(393,'tylersimon','G8eT','Ζηνόβιος Αγγελίδου','1981-02-22','moiynq@gmail.com',0),(394,'bakerchristine','bM3e','Ανθούλης Παπανικολάου','1995-01-17','dfvdb@gmail.com',1),(395,'jonesmichelle','qcyt','Ίρις Κανελλοπούλου','1998-09-24','bqlyhrgdv@yahoo.com',1),(396,'joseph51','OcdY','Ζωή Βαρουτίδου','2000-04-12','yillaumvps@hotmail.com',0),(397,'douglas62','jEeT','Ανδριανή Τζινιέρης','1988-11-19','enalaxiug@yahoo.com',1),(398,'morsesherri','lhwC','Αίας Καραμάνος','1992-02-21','morsesherri@gmail.com',1),(399,'dickersonkaitlyn','aNgZ','Νομική Μαμμής','1994-06-01','lwjeyjkxf@hotmail.com',1),(400,'bradleyhardin','6KkI','Ανατολή Τσετσέρη','1982-02-25','tlhyzdejoj@gmail.com',1),(401,'benjaminsabrina','jlD8','Κηρύκος Δαματοπούλου','1988-07-27','vsfsq@yahoo.com',1),(402,'julie92','VqEu','Τίτος Σιμητοπούλου','2000-06-21','julie92@gmail.com',0),(403,'richardsonjason','PcJv','Πέτρος Δρακουλή','1995-09-08','kjbxwnhdp@outlook.com',1),(404,'istephens','lAY3','Καλλίνικος Δαμήλου','2004-02-27','istephens@gmail.com',1),(405,'brittanybryan','QvcZ','Ασημούλα Καλογιάννη','1987-11-18','brittanybryan@gmail.com',0),(406,'alexisreeves','MOUu','Βέρα Παπαευαγγέλου','1996-07-05','alexisreeves@gmail.com',1),(407,'zfuentes','2GTL','Φρειδερίκη Αγγελόπουλος','1980-10-09','zfuentes@yahoo.com',0),(408,'barnesdaniel','7YtB','Κωστούλα Τάτση','2004-12-01','rgsvfzxx@yahoo.com',1),(409,'sarah76','fmVU','Χριστόφιλη Γεωργακοπούλου','1999-05-24','jrbrjjb@yahoo.com',1),(410,'nreyes','F83b','Διαμαντής Αλεξανδράκη','1980-08-08','nreyes@yahoo.com',0),(411,'michaelgibson','hgv1','Σαμουήλ Μητσοπούλου','1984-03-07','qhawo@yahoo.com',0),(412,'markgreen','S4cB','Ευπραξία Κραββαρίτης','1996-11-21','markgreen@outlook.com',1),(413,'michelle12','8jIF','Αυξέντιος Καναβός','1993-12-27','michelle12@yahoo.com',0),(414,'vhopkins','Z8AX','Αριστείδης Κονιδάρης','1995-09-03','vhopkins@outlook.com',1),(415,'garrettjohn','UEdo','Χάιδω Χρονοπούλου','1987-05-26','iafcsk@hotmail.com',1),(416,'jennifertaylor','BLUt','Πολυχρονία Τσάρκος','1980-08-17','jennifertaylor@yahoo.com',1),(417,'james71','YDNf','Στέλλα Κουταλιός','1980-12-05','james71@hotmail.com',0),(418,'vincent83','3ZBs','Φερενίκη Φουρκιώτη','1986-05-02','hkshaq@yahoo.com',1),(419,'megan30','Xds7','Βαγιανή Γερούκη','1999-08-18','gdwqstdoo@hotmail.com',1),(420,'rhodessara','Ft71','Δούκισσα Μαζαράκης','1989-01-27','tiacabick@outlook.com',0),(421,'myersbrandon','30Xs','Λεωνίδας Κονιάρη','1981-03-07','fpjkat@outlook.com',0),(422,'lauren59','K6ix','Άριστος Δαμαλά','1991-10-23','lauren59@hotmail.com',0),(423,'oliviamorse','SH9c','Ζαφειρία Ρωμαίου','1987-12-18','yfgwj@gmail.com',1),(424,'christina99','UosJ','Νικηφόρος Αβραμπέκη','1987-07-11','christina99@hotmail.com',1),(425,'joshuatapia','BFuY','Καλλιρρόη Κοντάκος','1988-05-18','ophtzrzkuo@gmail.com',1),(426,'ewheeler','AGn9','Χρυσοβαλάντιος Γρίβας','2002-06-08','jvmukef@gmail.com',1),(427,'angela52','xq9P','Βαρβάρα Βαλασίδης','1990-09-07','xmrlvgmx@gmail.com',0),(428,'joseph19','KGV7','Καλομοίρα Κατσούλα','1999-02-27','lczzkcxtx@gmail.com',1),(429,'bradydennis','Syrq','Σαπφώ Ελευθερίου','1996-10-21','bradydennis@hotmail.com',1),(430,'craigmartin','7igt','Βέρα Δερλώπα','1995-02-07','hivdssr@yahoo.com',1),(431,'nschaefer','K09T','Ηλιάνα Δαρσακλή','2000-09-12','nschaefer@outlook.com',1),(432,'vtrujillo','F2hl','Ταξιάρχης Κυριακοπούλου','2003-10-27','usbraszzb@gmail.com',1),(433,'james04','vHMR','Χρήστος Δώρη','1982-06-03','ctqhbmuo@yahoo.com',1),(434,'sanchezluis','Lc06','Ιωακείμ Πιπερίγκος','1999-09-11','sanchezluis@hotmail.com',1),(435,'qcaldwell','4Ugb','Κορνηλία Μοσχόπουλος','1987-11-11','bfyvz@gmail.com',1),(436,'graveszachary','v10g','Θεόκλεια Κασκαούτη','1988-06-01','kiiqkew@outlook.com',1),(437,'clayton95','MCxe','Ασημάκης Τσετσέρη','1989-04-19','czpxnxa@hotmail.com',1),(438,'jwyatt','gBMd','Θηρεσία Σκαφτούρου','1998-11-20','jwyatt@gmail.com',1),(439,'ochoajames','8NBq','Ευπραξία Χωρινού','1992-12-18','ochoajames@outlook.com',1),(440,'garnerwilliam','K7gW','Βασιλεία Μιχελή','1997-01-25','cojuxa@outlook.com',1),(441,'xsmith','JW7Q','Θεοχάρης Μαυρούτσος','1988-05-02','qyiebkeuut@gmail.com',1),(442,'longstephen','bTfn','Κατερίνα Σταύρου','1983-06-22','dhbpzqmjgt@outlook.com',1),(443,'tjohnson','nYlR','Μαργαρίτα Κοφινάκη','1991-12-14','satjkuj@outlook.com',1),(444,'marylloyd','s5gP','Βάγια Σπανδωνίδης','1994-03-17','marylloyd@hotmail.com',1),(445,'megan95','6kPr','Λέανδρος Καπουρνιώτη','2004-12-24','snuew@gmail.com',1),(446,'brian62','krgV','Πηνελόπη Προύβα','1981-01-13','hyyptbvfmb@hotmail.com',0),(447,'caldwellbrett','vFeB','Άννα Τσώτσης','2004-11-01','caldwellbrett@hotmail.com',1),(448,'christine05','cF1a','Λέανδρος Παπανδρέου','1999-10-09','christine05@hotmail.com',1),(449,'nblack','KLRJ','Αναξαγόρας Ντότης','2000-06-10','nblack@hotmail.com',1),(450,'smiller','Kqb6','Πουλχερία Χατζησάββας','1996-11-10','smiller@hotmail.com',1),(451,'awade','cmIh','Αγαθάγγελος Νάστατος','1993-09-17','awade@gmail.com',1),(452,'smithpeter','VgEu','Διονύσιος Αετόπουλος','1982-08-25','mymzbprn@gmail.com',1),(453,'everetttyler','2U5j','Μαρωτέσα Αποστολάκης','1992-09-13','ducnjtldr@hotmail.com',1),(454,'wendy26','qDky','Χλόη Μυλωνάς','1989-05-04','gwjxjpcu@gmail.com',1),(455,'scott15','X92t','Καλλίνικη Γκούβα','1983-11-27','beziintvuk@yahoo.com',1),(456,'gilmorematthew','FSiI','Αίας Γρίβα','2003-07-06','tlgexl@outlook.com',0),(457,'george61','otdI','Βικτωρία Κωνσταντινίδης','1989-02-07','george61@yahoo.com',1),(458,'cynthia96','94Va','Ερμόλαος Καρακωνσταντινού','2002-11-11','imfkqxq@gmail.com',1),(459,'bowmanarthur','PMve','Διαμάντω Χατζηφώτη','1995-02-09','bowmanarthur@hotmail.com',0),(460,'johnwilson','tGT7','Νίκος Μπερεδήμας','1992-02-08','hkutjo@gmail.com',0),(461,'qsanchez','J7xA','Γιαννούλα Σταμούλη','1983-07-09','wwsxdpxm@gmail.com',1),(462,'mkey','FZ6b','Ερρίκος Γκούσκος','2001-10-01','vpzjognwc@outlook.com',1),(463,'rickrichards','wghY','Ευτυχία Κατσανίκου','1983-11-04','rickrichards@yahoo.com',1),(464,'tho','3wbG','Δήμητρα Μπουλούκος','1988-10-20','ltaxesxclt@gmail.com',1),(465,'kathleen86','Wy5a','Μερκούριος Κατσούλα','1980-12-07','kathleen86@outlook.com',1),(466,'jasmine40','9ZXL','Ράλλης Τζάγκα','1991-04-22','jasmine40@hotmail.com',0),(467,'david89','1ekE','Ιάσονας Δώρη','1982-10-13','david89@hotmail.com',1),(468,'ryoung','w3pk','Παγώνα Γούπα','1997-11-12','ryoung@outlook.com',1),(469,'tware','GvK0','Σπυρίδων Ασσαργιωτάκη','2003-07-08','tware@yahoo.com',1),(470,'xbaker','BP14','Αιμιλία Σύψα','1986-02-28','xbaker@yahoo.com',1),(471,'glee','AsdV','Κωνσταντίνα Γρηγοριάδης','1999-05-15','jnftkqmxe@outlook.com',1),(472,'john77','ynpX','Καλυψώ Γούσιος','1980-05-05','yedva@outlook.com',1),(473,'michael46','TIJm','Ευτύχιος Τάχας','1998-07-01','gnfqo@gmail.com',1),(474,'benderjohn','X6y9','Διαλεκτή Λαφατζής','1990-07-22','wngzho@hotmail.com',1),(475,'chavezbobby','aERS','Μηνάς Κορωνίδου','1997-10-16','fpcpc@outlook.com',0),(476,'alyssahaley','ZeMg','Βικτόρια Τουλάκη','2002-08-28','grnytpx@outlook.com',1),(477,'rodriguezjames','tJ84','Λέανδρος Κουζουλά','2002-04-20','hgreddkcqo@outlook.com',1),(478,'cameronstone','ay5A','Αννίκα Σακκή','1986-10-17','cameronstone@yahoo.com',1),(479,'whitneyday','wzGI','Θεοδώρα Καρατάσου','2001-05-13','lsvmytvcum@outlook.com',0),(480,'pbryant','qwOJ','Θεοδούλη Φιλιππόπουλος','1990-10-23','nkshn@gmail.com',1),(481,'kevinstone','taiJ','Νικόλαος Σπασέγκου','1989-08-28','xsflkdyi@outlook.com',1),(482,'elizabeth02','HiG2','Φανούριος Μαργαριτάκη','1984-01-02','elizabeth02@yahoo.com',1),(483,'nicholasbailey','mYAT','Λαμπρινή Κατεβάτης','1980-11-08','kdsbfjgf@outlook.com',1),(484,'karenanderson','Nf94','Ευρυδίκη Ιατρόπουλος','1981-01-06','gtzphbjs@yahoo.com',1),(485,'ythomas','TzBI','Θεόδουλος Περιστερόπουλος','1982-12-26','rsrhexxqjd@outlook.com',1),(486,'bianca15','EqN7','Ανδρονίκη Θωμόπουλος','1997-05-28','bianca15@outlook.com',1),(487,'christopher12','ZIBi','Πέτρος Τάτση','2003-03-21','zqfnzmpq@gmail.com',1),(488,'thomasrobin','KDjG','Λαυρέντιος Μίσχος','1998-08-07','thomasrobin@gmail.com',1),(489,'coliver','RyUp','Πολυχρόνιος Αλαφάκης','1983-02-06','hkbqrqjg@hotmail.com',1),(490,'brittany19','ua6A','Ραλλία Πολυχρόνης','1995-05-05','qhckjywyh@gmail.com',1),(491,'marvin26','2j3O','Πηνελόπη Καρανίκας','1985-09-15','xesjkx@gmail.com',0),(492,'tharvey','8drT','Κλεάνθης Δαυίδ','1999-09-08','wiyausw@gmail.com',1),(493,'steven77','2IlV','Κυβέλη Ζιάκας','1999-07-16','eglji@gmail.com',0),(494,'paige17','VWpY','Αρέθα Περπινιάς','1982-02-03','paige17@outlook.com',1),(495,'nicole80','rBw2','Νέαρχος Αντωνόπουλος','1983-05-07','evnvnedymw@gmail.com',1),(496,'reyesrebecca','4f62','Ευδοξία Περιστερόπουλος','1998-04-15','reyesrebecca@yahoo.com',0),(497,'williamskayla','AZSo','Παναγία Σιμιτζή','1987-01-07','williamskayla@outlook.com',0),(498,'leslielambert','rapZ','Διομήδης Αργυρής','1998-07-26','leslielambert@outlook.com',1),(499,'laurapennington','WtcJ','Αυξέντιος Τσιαμούρας','1997-10-03','bmwjxbl@yahoo.com',1),(500,'barbarathomas','nUDC','Ελέσσα Κανελλοπούλου','1997-06-08','xepwyio@gmail.com',1);
/*!40000 ALTER TABLE `users` ENABLE KEYS */;
UNLOCK TABLES;
/*!40103 SET TIME_ZONE=@OLD_TIME_ZONE */;

/*!40101 SET SQL_MODE=@OLD_SQL_MODE */;
/*!40014 SET FOREIGN_KEY_CHECKS=@OLD_FOREIGN_KEY_CHECKS */;
/*!40014 SET UNIQUE_CHECKS=@OLD_UNIQUE_CHECKS */;
/*!40101 SET CHARACTER_SET_CLIENT=@OLD_CHARACTER_SET_CLIENT */;
/*!40101 SET CHARACTER_SET_RESULTS=@OLD_CHARACTER_SET_RESULTS */;
/*!40101 SET COLLATION_CONNECTION=@OLD_COLLATION_CONNECTION */;
/*!40111 SET SQL_NOTES=@OLD_SQL_NOTES */;

-- Dump completed on 2023-06-04 14:59:31
